,Breakout Date,Breakout Price,Symbol,Entry Date,Entry Price,Exit Date,Exit Price,Exit On,Holding Duration,Stop Loss,Stocks Purchased,initial-investment,Profit/Loss,Final amount,Date,Day 1 Total Amount,Day 2 Total Amount,Day 3 Total Amount,Day 4 Total Amount,Day 5 Total Amount,Day 6 Total Amount,Day 7 Total Amount,Day 8 Total Amount,Day 9 Total Amount,Day 10 Total Amount,Day 11 Total Amount,Day 12 Total Amount,Day 13 Total Amount,Day 14 Total Amount,Day 15 Total Amount,Day 16 Total Amount,Day 17 Total Amount,Day 18 Total Amount,Day 19 Total Amount,Day 20 Total Amount,Day 21 Total Amount,Day 22 Total Amount,Day 23 Total Amount,Day 24 Total Amount,Day 25 Total Amount,Day 26 Total Amount,Day 27 Total Amount,Day 28 Total Amount,Day 29 Total Amount,Day 30 Total Amount,Day 31 Total Amount,Day 32 Total Amount,Day 33 Total Amount,Day 34 Total Amount,Day 35 Total Amount,Day 36 Total Amount,Day 37 Total Amount,Day 38 Total Amount,Day 39 Total Amount,Day 40 Total Amount
0,2023-04-25,3336.1,ABB.NS,2023-05-02,3442.15,2023-06-26,4285.35,40th Day,40,3270.0425,7,25000,5902.4,30902.4,2023-04-25,25000,25080.15,26422.4,26936.9,27523.15,27554.3,27613.1,27928.1,28502.8,27893.1,28278.45,28337.25,28187.45,28168.2,28157.35,28294.2,28146.5,28498.6,28938.2,29123,29112.15,29786.25,28517.5,29055.8,29135.95,29308.5,29962.65,29691.05,29963.35,29965.1,31143.55,31353.9,31100.5,31263.25,31198.5,31536.95,31470.1,30798.45,30582.85,30902.4
1,2023-05-04,3645.35,ABB.NS,2023-05-10,3815.45,2023-07-05,4390.6,40th Day,40,3624.6775,6,25000,3450.9,28450.9,2023-05-04,25000,25270,25762.6,25240,25570.3,25620.7,25492.3,25475.8,25466.5,25583.8,25457.2,25759,26135.8,26294.2,26284.9,26862.7,25775.2,26236.6,26305.3,26453.2,27013.9,26781.1,27014.5,27016,28026.1,28206.4,27989.2,28128.7,28073.2,28363.3,28306,27730.3,27545.5,27819.4,27874.3,27874.3,28645.3,28574.8,28271.5,28450.9
2,2023-06-13,4319.8,ABB.NS,2023-06-19,4327.65,2023-08-14,4354.7,40th Day,40,4111.2675,5,25000,135.25,25135.25,2023-06-13,25000,25241.75,25194,24714.25,24560.25,24788.5,24834.25,24834.25,25476.75,25418,25165.25,25314.75,25362.5,25360.5,25210,25858,26004,25398.25,25280.75,25456.5,25816,25829.25,24381.75,24490.75,24972,25027.25,25354.25,25362.25,25942.75,26125.75,25960,25401.75,25226.5,25552,25991.5,25745,25966.5,25887.25,25995,25135.25
3,2023-04-12,1847.25,ADANIENT.NS,2023-04-19,1853.85,2023-06-14,2457.15,40th Day,40,1761.1575,13,25000,7842.9,32842.9,2023-04-12,25000,24857.65,24338.95,24325.3,24879.75,24922.65,24989.6,25924.3,25858,24806.95,25746.2,25863.85,25437.45,25549.25,25497.9,26700.4,26441.05,25808.6,25458.9,25593.45,25469.95,26328.6,31139.25,35138.05,33082.75,33886.8,33976.5,33842.6,33353.8,33313.5,33297.9,32685.6,32541.3,32537.4,32614.1,32478.9,32764.9,33202.35,32913.1,32842.9
4,2023-05-22,2326.1,ADANIENT.NS,2023-05-26,2544.35,2023-06-19,2417.1325,Stop Loss,17,2417.1325,9,25000,-1144.9575,23855.0425,2023-05-22,25000,24907.3,24568.9,24541,24530.2,24106.3,24006.4,24003.7,24056.8,23963.2,24161.2,24464.05,24263.8,24215.2,24471.7,24687.25,23855.0425,23855.0425,23855.0425,23855.0425,23855.0425,23855.0425,23855.0425,23855.0425,23855.0425,23855.0425,23855.0425,23855.0425,23855.0425,23855.0425,23855.0425,23855.0425,23855.0425,23855.0425,23855.0425,23855.0425,23855.0425,23855.0425,23855.0425,23855.0425
5,2023-01-16,2089.8,ADANIGREEN.NS,2023-01-20,1975.6,2023-01-25,1876.82,Stop Loss,4,1876.82,12,25000,-1185.36,23814.64,2023-01-16,25000,24475,24294.4,23814.64,23814.64,23814.64,23814.64,23814.64,23814.64,23814.64,23814.64,23814.64,23814.64,23814.64,23814.64,23814.64,23814.64,23814.64,23814.64,23814.64,23814.64,23814.64,23814.64,23814.64,23814.64,23814.64,23814.64,23814.64,23814.64,23814.64,23814.64,23814.64,23814.64,23814.64,23814.64,23814.64,23814.64,23814.64,23814.64,23814.64
6,2023-03-15,740.4,ADANIGREEN.NS,2023-03-21,891.05,2023-04-03,846.4975,Stop Loss,9,846.4975,28,25000,-1247.47,23752.53,2023-03-15,25000,26247.4,27556.4,28872.4,27627.8,26248.8,25092.4,24722.8,23752.53,23752.53,23752.53,23752.53,23752.53,23752.53,23752.53,23752.53,23752.53,23752.53,23752.53,23752.53,23752.53,23752.53,23752.53,23752.53,23752.53,23752.53,23752.53,23752.53,23752.53,23752.53,23752.53,23752.53,23752.53,23752.53,23752.53,23752.53,23752.53,23752.53,23752.53,23752.53
7,2023-03-21,891.05,ADANIGREEN.NS,2023-03-27,984.9,2023-03-28,935.655,Stop Loss,2,935.655,25,25000,-1231.125,23768.875,2023-03-21,25000,23768.875,23768.875,23768.875,23768.875,23768.875,23768.875,23768.875,23768.875,23768.875,23768.875,23768.875,23768.875,23768.875,23768.875,23768.875,23768.875,23768.875,23768.875,23768.875,23768.875,23768.875,23768.875,23768.875,23768.875,23768.875,23768.875,23768.875,23768.875,23768.875,23768.875,23768.875,23768.875,23768.875,23768.875,23768.875,23768.875,23768.875,23768.875,23768.875
8,2023-04-10,899.15,ADANIGREEN.NS,2023-04-17,962.55,2023-04-24,914.4225,Stop Loss,6,914.4225,25,25000,-1203.1875,23796.8125,2023-04-10,25000,24742.5,24331.25,24262.5,23841.25,23796.8125,23796.8125,23796.8125,23796.8125,23796.8125,23796.8125,23796.8125,23796.8125,23796.8125,23796.8125,23796.8125,23796.8125,23796.8125,23796.8125,23796.8125,23796.8125,23796.8125,23796.8125,23796.8125,23796.8125,23796.8125,23796.8125,23796.8125,23796.8125,23796.8125,23796.8125,23796.8125,23796.8125,23796.8125,23796.8125,23796.8125,23796.8125,23796.8125,23796.8125,23796.8125
9,2023-05-22,941.75,ADANIGREEN.NS,2023-05-26,963.35,2023-07-21,995.55,40th Day,40,915.1825,25,25000,805,25805,2023-05-22,25000,25362.5,25087.5,25358.75,25765,25505,25612.5,25712.5,25555,25316.25,25007.5,24943.75,24798.75,24857.5,24981.25,25292.5,24925,24958.75,25341.25,25287.5,24912.5,25127.5,24905,24905,24563.75,24487.5,24566.25,24621.25,24971.25,24691.25,24902.5,25045,24780,24592.5,25046.25,25048.75,25260,25407.5,25541.25,25805
10,2023-07-20,985,ADANIGREEN.NS,2023-07-26,1140.4,2023-08-02,1083.38,Stop Loss,6,1083.38,21,25000,-1197.42,23802.58,2023-07-20,25000,24554.8,23996.2,24010.9,23879.65,23802.58,23802.58,23802.58,23802.58,23802.58,23802.58,23802.58,23802.58,23802.58,23802.58,23802.58,23802.58,23802.58,23802.58,23802.58,23802.58,23802.58,23802.58,23802.58,23802.58,23802.58,23802.58,23802.58,23802.58,23802.58,23802.58,23802.58,23802.58,23802.58,23802.58,23802.58,23802.58,23802.58,23802.58,23802.58
11,2023-07-25,1088.05,ADANIGREEN.NS,2023-07-31,1093.3,2023-08-03,1038.635,Stop Loss,4,1038.635,22,25000,-1202.63,23797.37,2023-07-25,25000,24862.5,24101.3,23797.37,23797.37,23797.37,23797.37,23797.37,23797.37,23797.37,23797.37,23797.37,23797.37,23797.37,23797.37,23797.37,23797.37,23797.37,23797.37,23797.37,23797.37,23797.37,23797.37,23797.37,23797.37,23797.37,23797.37,23797.37,23797.37,23797.37,23797.37,23797.37,23797.37,23797.37,23797.37,23797.37,23797.37,23797.37,23797.37,23797.37
12,2023-04-12,657.75,ADANIPORTS.NS,2023-04-19,658.4,2023-06-14,739.35,40th Day,40,625.48,37,25000,2995.15,27995.15,2023-04-12,25000,25284.9,25118.4,25477.3,25482.85,25233.1,25049.95,25847.3,25854.7,25416.25,25789.95,25943.5,25987.9,26187.7,26206.2,26864.8,26539.2,26319.05,26058.2,25969.4,25242.35,26098.9,27638.1,27799.05,27214.45,27445.7,27532.65,27926.7,27799.05,27976.65,27725.05,27893.4,27974.8,28219,28157.95,27886,27832.35,28096.9,27939.65,27995.15
13,2023-05-22,729.7,ADANIPORTS.NS,2023-05-26,726.85,2023-07-21,728.45,40th Day,40,690.5075,34,25000,54.4,25054.4,2023-05-22,25000,25362.1,25244.8,25408,25176.8,25331.5,25406.3,25630.7,25574.6,25324.7,25275.4,25518.5,25374,25425,25430.1,25698.7,25299.2,25372.3,25768.4,25637.5,24573.3,24916.7,24775.6,24775.6,25421.6,25358.7,25504.9,25540.6,25448.8,24722.9,24770.5,25103.7,24909.9,24671.9,24974.5,25142.8,25044.2,25154.7,25190.4,25054.4
14,2023-03-08,186.6,ADANIPOWER.NS,2023-03-14,204.35,2023-03-20,194.1325,Stop Loss,5,194.1325,122,25000,-1246.535,23753.465,2023-03-08,25000,24688.9,24310.7,24463.2,23753.465,23753.465,23753.465,23753.465,23753.465,23753.465,23753.465,23753.465,23753.465,23753.465,23753.465,23753.465,23753.465,23753.465,23753.465,23753.465,23753.465,23753.465,23753.465,23753.465,23753.465,23753.465,23753.465,23753.465,23753.465,23753.465,23753.465,23753.465,23753.465,23753.465,23753.465,23753.465,23753.465,23753.465,23753.465,23753.465
15,2023-06-07,274.85,ADANIPOWER.NS,2023-06-13,267.8,2023-06-23,254.41,Stop Loss,9,254.41,93,25000,-1245.27,23754.73,2023-06-07,25000,24762.85,25134.85,24841.9,24614.05,24432.7,24335.05,23958.4,23754.73,23754.73,23754.73,23754.73,23754.73,23754.73,23754.73,23754.73,23754.73,23754.73,23754.73,23754.73,23754.73,23754.73,23754.73,23754.73,23754.73,23754.73,23754.73,23754.73,23754.73,23754.73,23754.73,23754.73,23754.73,23754.73,23754.73,23754.73,23754.73,23754.73,23754.73,23754.73
16,2023-04-05,379.95,AMBUJACEM.NS,2023-04-12,396.05,2023-04-21,376.2475,Stop Loss,7,376.2475,63,25000,-1247.5575,23752.4425,2023-04-05,25000,24785.8,24716.5,24181,23992,24032.95,23752.4425,23752.4425,23752.4425,23752.4425,23752.4425,23752.4425,23752.4425,23752.4425,23752.4425,23752.4425,23752.4425,23752.4425,23752.4425,23752.4425,23752.4425,23752.4425,23752.4425,23752.4425,23752.4425,23752.4425,23752.4425,23752.4425,23752.4425,23752.4425,23752.4425,23752.4425,23752.4425,23752.4425,23752.4425,23752.4425,23752.4425,23752.4425,23752.4425,23752.4425
17,2023-05-22,423.9,AMBUJACEM.NS,2023-05-26,424.55,2023-07-21,416.1,40th Day,40,403.3225,58,25000,-490.1,24509.9,2023-05-22,25000,25142.1,25368.3,24944.9,25272.6,25783,25841,27006.8,26809.6,26574.7,26806.7,26841.5,26995.2,27322.9,26960.4,27108.3,26641.4,26415.2,26365.9,26177.4,25072.5,25435,25539.4,25539.4,25078.3,25655.4,25472.7,25455.3,25403.1,24614.3,24707.1,24721.6,24826,24556.3,24538.9,24538.9,24515.7,24695.5,24788.3,24509.9
18,2023-06-06,459.15,AMBUJACEM.NS,2023-06-12,456.3,2023-06-23,433.485,Stop Loss,10,433.485,54,25000,-1232.01,23767.99,2023-06-06,25000,25143.1,25448.2,25110.7,25248.4,24813.7,24603.1,24557.2,24381.7,23767.99,23767.99,23767.99,23767.99,23767.99,23767.99,23767.99,23767.99,23767.99,23767.99,23767.99,23767.99,23767.99,23767.99,23767.99,23767.99,23767.99,23767.99,23767.99,23767.99,23767.99,23767.99,23767.99,23767.99,23767.99,23767.99,23767.99,23767.99,23767.99,23767.99,23767.99
19,2023-04-28,4513.7,APOLLOHOSP.NS,2023-05-05,4602.5,2023-06-30,5098.2,40th Day,40,4372.375,5,25000,2478.5,27478.5,2023-04-28,25000,25113,24952.75,24994,24964,25013.75,25116.75,24763,24398.25,24197.5,24223.25,25014,24739.5,24669.75,24828.25,25037,25189.75,24983.25,25097.25,26058.75,26824,26738.5,26688,27119.75,26620.75,26621,26611.25,26742.75,27032.5,28081.25,27987.75,27712.5,27797.75,27581.25,27317.5,27214.75,27172.25,27701.5,27701.5,27478.5
20,2023-05-05,4602.5,APOLLOHOSP.NS,2023-05-11,4595.3,2023-07-06,5283.05,40th Day,40,4365.535,5,25000,3438.75,28438.75,2023-05-05,25000,25049.75,25152.75,24799,24434.25,24233.5,24259.25,25050,24775.5,24705.75,24864.25,25073,25225.75,25019.25,25133.25,26094.75,26860,26774.5,26724,27155.75,26656.75,26657,26647.25,26778.75,27068.5,28117.25,28023.75,27748.5,27833.75,27617.25,27353.5,27250.75,27208.25,27737.5,27737.5,27514.5,27366,27573.25,27411.75,28438.75
21,2023-06-01,4814.25,APOLLOHOSP.NS,2023-06-07,5026.45,2023-08-02,4996.75,40th Day,40,4775.1275,4,25000,-118.8,24881.2,2023-06-01,25000,24600.8,24601,24593.2,24698.4,24930.2,25769.2,25694.4,25474.2,25542.4,25369.2,25158.2,25076,25042,25465.4,25465.4,25287,25168.2,25334,25204.8,26026.4,25479.2,25527.6,25922.2,25902.4,25622.2,25581.4,25771.4,25544.6,25596.6,25676,25713.8,25617.4,25743,25517.2,25756.2,26282,25588,25023.8,24881.2
22,2023-06-15,5218.75,APOLLOHOSP.NS,2023-06-21,5118.75,2023-08-14,4862.8125,Stop Loss,38,4862.8125,4,25000,-1023.75,23976.25,2023-06-15,25000,24789,24706.8,24672.8,25096.2,25096.2,24917.8,24799,24964.8,24835.6,25657.2,25110,25158.4,25553,25533.2,25253,25212.2,25402.2,25175.4,25227.4,25306.8,25344.6,25248.2,25373.8,25148,25387,25912.8,25218.8,24654.6,24512,24510.2,24446.2,24582.6,24618.4,24450.4,24215,24149.6,23976.25,23976.25,23976.25
23,2023-05-04,2982.85,ASIANPAINT.NS,2023-05-10,3041.4,2023-07-05,3374.4,40th Day,40,2889.33,8,25000,2664,27664,2023-05-04,25000,25786.8,25717.6,25724.8,25773.6,25408.4,25541.2,25344.4,25348,25633.6,25480.8,25657.2,25696,25768,25824,26212.4,26594.4,26566.8,26266.8,26370.8,26467.2,26366.8,26113.2,26226.8,26771.6,26830.4,27023.6,27203.6,27146.4,27218.4,27197.6,26653.2,27050.4,27134,27276.8,27276.8,27565.2,27538.4,27450.4,27664
24,2023-05-11,3139.75,ASIANPAINT.NS,2023-05-17,3092.45,2023-07-12,3406.75,40th Day,40,2937.8275,8,25000,2514.4,27514.4,2023-05-11,25000,25132.8,24936,24939.6,25225.2,25072.4,25248.8,25287.6,25359.6,25415.6,25804,26186,26158.4,25858.4,25962.4,26058.8,25958.4,25704.8,25818.4,26363.2,26422,26615.2,26795.2,26738,26810,26789.2,26244.8,26642,26725.6,26868.4,26868.4,27156.8,27130,27042,27255.6,27455.6,27010,27005.6,27400.8,27514.4
25,2023-05-31,3192.95,ASIANPAINT.NS,2023-06-06,3212.75,2023-08-01,3342.95,40th Day,40,3052.1125,7,25000,911.4,25911.4,2023-05-31,25000,25084.35,24996.5,24774.6,24874,25350.7,25402.15,25571.2,25728.7,25678.65,25741.65,25723.45,25247.1,25594.65,25667.8,25792.75,25792.75,26045.1,26021.65,25944.65,26131.55,26306.55,25916.65,25912.8,26258.6,26358,26300.6,26519,26733.55,27104.9,27113.3,27192.75,27134.65,27316.65,26313.55,26121.75,26096.55,26245.65,26152.2,25911.4
26,2023-06-13,3262.85,ASIANPAINT.NS,2023-06-19,3309.7,2023-08-14,3202.6,40th Day,40,3144.215,7,25000,-749.7,24250.3,2023-06-13,25000,25063,25044.8,24568.45,24916,24989.15,25114.1,25114.1,25366.45,25343,25266,25452.9,25627.9,25238,25234.15,25579.95,25679.35,25621.95,25840.35,26054.9,26426.25,26434.65,26514.1,26456,26638,25634.9,25443.1,25417.9,25567,25473.55,25232.75,25372.4,25186.55,25209.65,25233.1,25268.45,25149.1,24497.4,24129.55,24250.3
27,2023-06-30,3362.05,ASIANPAINT.NS,2023-07-06,3399.4,2023-08-11,3229.43,Stop Loss,27,3229.43,7,25000,-1189.79,23810.21,2023-06-30,25000,24610.1,24606.25,24952.05,25051.45,24994.05,25212.45,25427,25798.35,25806.75,25886.2,25828.1,26010.1,25007,24815.2,24790,24939.1,24845.65,24604.85,24744.5,24558.65,24581.75,24605.2,24640.55,24521.2,23869.5,23810.21,23810.21,23810.21,23810.21,23810.21,23810.21,23810.21,23810.21,23810.21,23810.21,23810.21,23810.21,23810.21,23810.21
28,2023-07-18,3513.45,ASIANPAINT.NS,2023-07-24,3543.7,2023-08-01,3366.515,Stop Loss,7,3366.515,7,25000,-1240.295,23759.705,2023-07-18,25000,23996.9,23805.1,23779.9,23929,23835.55,23759.705,23759.705,23759.705,23759.705,23759.705,23759.705,23759.705,23759.705,23759.705,23759.705,23759.705,23759.705,23759.705,23759.705,23759.705,23759.705,23759.705,23759.705,23759.705,23759.705,23759.705,23759.705,23759.705,23759.705,23759.705,23759.705,23759.705,23759.705,23759.705,23759.705,23759.705,23759.705,23759.705,23759.705
29,2023-03-08,861.35,ATGL.NS,2023-03-14,947.2,2023-03-16,899.84,Stop Loss,3,899.84,26,25000,-1231.36,23768.64,2023-03-08,25000,24288.9,23768.64,23768.64,23768.64,23768.64,23768.64,23768.64,23768.64,23768.64,23768.64,23768.64,23768.64,23768.64,23768.64,23768.64,23768.64,23768.64,23768.64,23768.64,23768.64,23768.64,23768.64,23768.64,23768.64,23768.64,23768.64,23768.64,23768.64,23768.64,23768.64,23768.64,23768.64,23768.64,23768.64,23768.64,23768.64,23768.64,23768.64,23768.64
30,2023-05-22,444.3,AWL.NS,2023-05-26,450.4,2023-06-09,427.88,Stop Loss,11,427.88,55,25000,-1238.6,23761.4,2023-05-22,25000,24848.75,24191.5,24213.5,24540.75,24293.25,24001.75,23858.75,24087,23864.25,23761.4,23761.4,23761.4,23761.4,23761.4,23761.4,23761.4,23761.4,23761.4,23761.4,23761.4,23761.4,23761.4,23761.4,23761.4,23761.4,23761.4,23761.4,23761.4,23761.4,23761.4,23761.4,23761.4,23761.4,23761.4,23761.4,23761.4,23761.4,23761.4,23761.4
31,2023-05-09,888.25,AXISBANK.NS,2023-05-15,915.8,2023-07-10,964.05,40th Day,40,870.01,27,25000,1302.75,26302.75,2023-05-09,25000,25054,24973,24970.3,25222.75,25047.25,25009.45,25051.3,25141.75,25301.05,25378,25584.55,24974.35,25105.3,25278.1,25946.35,26414.8,26645.65,26250.1,26591.65,26576.8,26891.35,26671.3,26656.45,26775.25,26345.95,26594.35,26355.4,26371.6,26150.2,26208.25,26551.15,26551.15,26934.55,26790.1,26482.3,26368.9,26759.05,26644.3,26302.75
32,2023-01-24,3686.5,BAJAJ-AUTO.NS,2023-01-31,3818.25,2023-03-28,3791.6,40th Day,40,3627.3375,6,25000,-159.9,24840.1,2023-01-24,25000,24958.3,24834.7,25205.8,25185.1,25367.2,25372.3,25165,25080.4,25391.5,25347.1,25522.9,25530.1,25456.3,25513.3,25113.1,25134.7,25081.9,25190.2,23929.6,24057.7,24480.4,24382,24482.5,24428.8,24957.7,24971.5,25021.9,24761.2,24607.9,24470.5,24891.7,24976.9,24920.5,25524.7,25634.2,25268.2,25057.9,24935.8,24840.1
33,2023-04-03,3993.75,BAJAJ-AUTO.NS,2023-04-11,4177.4,2023-06-07,4780.75,40th Day,40,3968.53,5,25000,3016.75,28016.75,2023-04-03,25000,25543,25554.75,25384.75,25159.25,25442,25684.75,25654.5,25773.5,25825.75,25608,26154,26272.75,26603,26352.25,26401.5,26428.5,26859.25,26757.25,26892.75,26852.5,26807.5,26935.75,26804.75,26759.75,26706.25,26529,26729.25,26603.5,26701,27333,27192.75,27205.5,27072.5,26948.75,27331,27458.5,27663.25,27744.25,28016.75
34,2023-04-11,4177.4,BAJAJ-AUTO.NS,2023-04-18,4209.25,2023-06-13,4755.95,40th Day,40,3998.7875,5,25000,2733.5,27733.5,2023-04-11,25000,25282.75,25525.5,25495.25,25614.25,25666.5,25448.75,25994.75,26113.5,26443.75,26193,26242.25,26269.25,26700,26598,26733.5,26693.25,26648.25,26776.5,26645.5,26600.5,26547,26369.75,26570,26444.25,26541.75,27173.75,27033.5,27046.25,26913.25,26789.5,27171.75,27299.25,27504,27585,27857.5,27957,27670.75,27802,27733.5
35,2023-05-08,4549.25,BAJAJ-AUTO.NS,2023-05-12,4538.9,2023-07-07,4834,40th Day,40,4311.955,5,25000,1475.5,26475.5,2023-05-08,25000,25128.25,24997.25,24952.25,24898.75,24721.5,24921.75,24796,24893.5,25525.5,25385.25,25398,25265,25141.25,25523.5,25651,25855.75,25936.75,26209.25,26308.75,26022.5,26153.75,26085.25,25956.5,25913.25,25515.25,25292.25,25615.5,25556.25,25366,25418.5,25340,25395.75,25395.75,25763.25,25358.75,25432.5,26755.75,26894,26475.5
36,2023-06-07,4780.75,BAJAJ-AUTO.NS,2023-06-13,4755.95,2023-08-08,4650.15,40th Day,40,4518.1525,5,25000,-529,24471,2023-06-07,25000,24871.25,24828,24430,24207,24530.25,24471,24280.75,24333.25,24254.75,24310.5,24310.5,24678,24273.5,24347.25,25670.5,25808.75,25390.25,25710,25808.5,25612.5,25552.5,25518.25,25386,25523.25,25338.5,25563.75,25533.75,25634,25465,25572.5,25475.25,25682.75,25877.25,25840,25380.75,25351.75,24780.25,24570.75,24471
37,2023-07-05,4890.05,BAJAJ-AUTO.NS,2023-07-11,4917.65,2023-08-07,4671.7675,Stop Loss,20,4671.7675,5,25000,-1229.4125,23770.5875,2023-07-05,25000,24804,24744,24709.75,24577.5,24714.75,24530,24755.25,24725.25,24825.5,24656.5,24764,24666.75,24874.25,25068.75,25031.5,24572.25,24543.25,23971.75,23770.5875,23770.5875,23770.5875,23770.5875,23770.5875,23770.5875,23770.5875,23770.5875,23770.5875,23770.5875,23770.5875,23770.5875,23770.5875,23770.5875,23770.5875,23770.5875,23770.5875,23770.5875,23770.5875,23770.5875,23770.5875
38,2023-02-09,1400.25,BAJAJFINSV.NS,2023-02-15,1420.8,2023-02-23,1349.76,Stop Loss,7,1349.76,17,25000,-1207.68,23792.32,2023-02-09,25000,25125.8,24885.25,24724.6,24549.5,23982.55,23792.32,23792.32,23792.32,23792.32,23792.32,23792.32,23792.32,23792.32,23792.32,23792.32,23792.32,23792.32,23792.32,23792.32,23792.32,23792.32,23792.32,23792.32,23792.32,23792.32,23792.32,23792.32,23792.32,23792.32,23792.32,23792.32,23792.32,23792.32,23792.32,23792.32,23792.32,23792.32,23792.32,23792.32
39,2023-04-06,1303.95,BAJAJFINSV.NS,2023-04-13,1341.3,2023-06-09,1466.5,40th Day,40,1274.235,18,25000,2253.6,27253.6,2023-04-06,25000,24997.3,24890.2,24820.9,24834.4,24578.8,24612.1,25081,24881.2,25336.6,25240.3,25139.5,25102.6,25596.7,25323.1,26143,26213.2,26316.7,26423.8,26478.7,26440.9,26566.9,26333.8,26334.7,26328.4,26290.6,26727.1,26532.7,26548.9,26761.3,26948.5,27241.9,26975.5,26959.3,27087.1,27116.8,27408.4,27512.8,27269.8,27253.6
40,2023-04-13,1341.3,BAJAJFINSV.NS,2023-04-20,1332.1,2023-06-15,1474.7,40th Day,40,1265.495,18,25000,2566.8,27566.8,2023-04-13,25000,24744.4,24777.7,25246.6,25046.8,25502.2,25405.9,25305.1,25268.2,25762.3,25488.7,26308.6,26378.8,26482.3,26589.4,26644.3,26606.5,26732.5,26499.4,26500.3,26494,26456.2,26892.7,26698.3,26714.5,26926.9,27114.1,27407.5,27141.1,27124.9,27252.7,27282.4,27574,27678.4,27435.4,27419.2,27410.2,27773.8,27669.4,27566.8
41,2023-04-27,1360,BAJAJFINSV.NS,2023-05-04,1374.45,2023-06-28,1522.95,40th Day,40,1305.7275,18,25000,2673,27673,2023-04-27,25000,24726.4,25546.3,25616.5,25720,25827.1,25882,25844.2,25970.2,25737.1,25738,25731.7,25693.9,26130.4,25936,25952.2,26164.6,26351.8,26645.2,26378.8,26362.6,26490.4,26520.1,26811.7,26916.1,26673.1,26656.9,26647.9,27011.5,26907.1,26804.5,27414.7,28015,27638.8,27606.4,27397.6,27295,27395.8,27673,27673
42,2023-06-16,1508.6,BAJAJFINSV.NS,2023-06-22,1507.65,2023-08-18,1460.15,40th Day,40,1432.2675,16,25000,-760,24240,2023-06-16,25000,24908.8,24998.4,25244.8,25244.8,25325.6,25519.2,26949.6,26696.8,26796,26716,26442.4,26356,26368.8,26719.2,26704.8,26641.6,26770.4,27183.2,27050.4,27003.2,27397.6,27259.2,26900.8,26710.4,26235.2,26450.4,26035.2,25309.6,24776,24658.4,25012,25129.6,25143.2,25188,24941.6,24590.4,24395.2,24507.2,24240
43,2023-07-04,1629.5,BAJAJFINSV.NS,2023-07-10,1597.8,2023-08-03,1517.91,Stop Loss,19,1517.91,15,25000,-1198.35,23801.65,2023-07-04,25000,24919,24931,25259.5,25246,25186.75,25307.5,25694.5,25570,25525.75,25895.5,25765.75,25429.75,25251.25,24805.75,25007.5,24618.25,23938,23801.65,23801.65,23801.65,23801.65,23801.65,23801.65,23801.65,23801.65,23801.65,23801.65,23801.65,23801.65,23801.65,23801.65,23801.65,23801.65,23801.65,23801.65,23801.65,23801.65,23801.65,23801.65
44,2023-04-28,6847.95,BAJAJHLDNG.NS,2023-05-05,6814.4,2023-05-17,6473.68,Stop Loss,9,6473.68,3,25000,-1022.16,23977.84,2023-04-28,25000,25081.15,25303,25261.15,25319.65,25227.55,24658.75,24454.9,23977.84,23977.84,23977.84,23977.84,23977.84,23977.84,23977.84,23977.84,23977.84,23977.84,23977.84,23977.84,23977.84,23977.84,23977.84,23977.84,23977.84,23977.84,23977.84,23977.84,23977.84,23977.84,23977.84,23977.84,23977.84,23977.84,23977.84,23977.84,23977.84,23977.84,23977.84,23977.84
45,2023-05-24,6934.45,BAJAJHLDNG.NS,2023-05-30,7078,2023-07-26,7426.45,40th Day,40,6724.1,3,25000,1045.35,26045.35,2023-05-24,25000,25560.7,24745.3,24735.7,24525.55,24682,24742.6,24280.6,24024.85,24080.65,24570.55,24741.1,24729.55,24437.8,24736.45,24770.05,24779.8,24420.1,24262.9,24649,24646.45,24779.65,24719.35,25184.05,25281.25,25227.4,25217.8,25296.1,25297.6,25969.75,25991.2,26370.25,26131.9,25842.4,26135.95,26173,26015.2,26050.3,26278.3,26045.35
46,2023-06-30,7004.55,BAJAJHLDNG.NS,2023-07-06,7153.8,2023-08-31,7437.7,40th Day,40,6796.11,3,25000,851.7,25851.7,2023-06-30,25000,24990.4,25068.7,25070.2,25742.35,25763.8,26142.85,25904.5,25615,25908.55,25945.6,25787.8,25822.9,26050.9,25817.95,26190.1,26148.7,26169.1,25834,25902.85,25871.65,25722.25,25925.5,25919.35,25898.2,25888.75,25317.55,25438.9,25690,24979.6,24368.2,24544,24755.2,24754.6,24995.2,25207.9,25509.25,25648.45,25792.6,25851.7
47,2023-02-08,6351.65,BAJFINANCE.NS,2023-02-14,6458.7,2023-02-28,6135.765,Stop Loss,11,6135.765,3,25000,-968.805,24031.195,2023-02-08,25000,25093.75,24935.8,24874,24726.1,24761.65,24219.85,24230.95,24332.65,24207.4,24031.195,24031.195,24031.195,24031.195,24031.195,24031.195,24031.195,24031.195,24031.195,24031.195,24031.195,24031.195,24031.195,24031.195,24031.195,24031.195,24031.195,24031.195,24031.195,24031.195,24031.195,24031.195,24031.195,24031.195,24031.195,24031.195,24031.195,24031.195,24031.195,24031.195
48,2023-04-25,6075.25,BAJFINANCE.NS,2023-05-02,6249.15,2023-06-26,6998.7,40th Day,40,5936.6925,4,25000,2998.2,27998.2,2023-04-25,25000,24724.4,25564.4,25562.8,26635.2,26212.4,26529.4,26657.2,26861,26852.6,27141.8,26823.6,27161,27140.2,27175.6,27125.6,27147.2,27368,27621.4,27731.6,28026.6,27962.8,28165.4,28099,28176.2,28459.2,28323.2,28043.8,28152,28394.2,28670.4,28390.8,28509.8,28816.2,29548.2,28998.6,28828,28123.4,27962,27998.2
49,2023-05-08,6657.95,BAJFINANCE.NS,2023-05-12,6714.4,2023-07-07,7622.35,40th Day,40,6378.68,3,25000,2723.85,27723.85,2023-05-08,25000,24993.7,25210.6,24971.95,25225,25209.4,25235.95,25198.45,25214.65,25380.25,25570.3,25652.95,25874.2,25826.35,25978.3,25928.5,25986.4,26198.65,26096.65,25887.1,25968.25,26149.9,26357.05,26147.35,26236.6,26466.4,27015.4,26603.2,26475.25,25946.8,25825.75,25852.9,25914.55,25914.55,26338.6,26855.8,28438.15,28373.05,28155.55,27723.85
50,2023-05-26,6904.5,BAJFINANCE.NS,2023-06-01,7040.5,2023-07-27,7284.1,40th Day,40,6688.475,3,25000,730.8,25730.8,2023-05-26,25000,24950.2,25008.1,25220.35,25118.35,24908.8,24989.95,25171.6,25378.75,25169.05,25258.3,25488.1,26037.1,25624.9,25496.95,24968.5,24847.45,24874.6,24936.25,24936.25,25360.3,25877.5,27459.85,27394.75,27177.25,26745.55,26478.25,26210.5,26174.35,26302.3,26325.55,26411.35,26138.5,26632.6,26668.3,26623.75,26623.3,26697.85,26177.95,25730.8
51,2023-05-30,7005.8,BAJFINANCE.NS,2023-06-05,7043.2,2023-07-31,7300.3,40th Day,40,6691.04,3,25000,771.3,25771.3,2023-05-30,25000,25212.25,25110.25,24900.7,24981.85,25163.5,25370.65,25160.95,25250.2,25480,26029,25616.8,25488.85,24960.4,24839.35,24866.5,24928.15,24928.15,25352.2,25869.4,27451.75,27386.65,27169.15,26737.45,26470.15,26202.4,26166.25,26294.2,26317.45,26403.25,26130.4,26624.5,26660.2,26615.65,26615.2,26689.75,26169.85,25722.7,26015.2,25771.3
52,2023-06-19,193.75,BANKBARODA.NS,2023-06-23,192.2,2023-08-21,190.9,40th Day,40,182.59,130,25000,-169,24831,2023-06-19,25000,24811.5,24837.5,24837.5,24759.5,25897,26319.5,26690,26722.5,27184,26456,26644.5,26625,25624,25806,26209,25747.5,26014,25890.5,25572,25799.5,25513.5,25721.5,25916.5,26157,26300,26157,25331.5,25143,24889.5,24636,25344.5,25240.5,24961,25058.5,24551.5,24291.5,24701,24935,24831
53,2023-07-03,199.1,BANKBARODA.NS,2023-07-07,209,2023-07-13,198.55,Stop Loss,5,198.55,119,25000,-1243.55,23756.45,2023-07-03,25000,24333.6,24506.15,24488.3,23756.45,23756.45,23756.45,23756.45,23756.45,23756.45,23756.45,23756.45,23756.45,23756.45,23756.45,23756.45,23756.45,23756.45,23756.45,23756.45,23756.45,23756.45,23756.45,23756.45,23756.45,23756.45,23756.45,23756.45,23756.45,23756.45,23756.45,23756.45,23756.45,23756.45,23756.45,23756.45,23756.45,23756.45,23756.45,23756.45
54,2023-03-31,97.55,BEL.NS,2023-04-10,99.9,2023-06-06,118.05,40th Day,40,94.905,250,25000,4537.5,29537.5,2023-03-31,25000,25025,25225,25250,25375,25762.5,25375,25737.5,25725,25475,25312.5,25437.5,25387.5,25850,26100,26612.5,26837.5,26600,26850,26912.5,27037.5,27175,26850,26937.5,27137.5,27087.5,26975,26775,27637.5,27000,27225,27425,27700,27887.5,27837.5,28062.5,28250,28350,28937.5,29537.5
55,2023-05-03,106.35,BEL.NS,2023-05-09,107.55,2023-07-04,122.05,40th Day,40,102.1725,232,25000,3364,28364,2023-05-03,25000,25116,25243.6,24942,25023.2,25208.8,25162.4,25058,24872.4,25672.8,25081.2,25290,25475.6,25730.8,25904.8,25858.4,26067.2,26241.2,26334,26879.2,27436,27436,27320,27969.6,27679.6,28375.6,28213.2,28340.8,29094.8,29013.6,29083.2,28538,28688.8,27900,28213.2,27517.2,27517.2,29222.4,28758.4,28364
56,2023-06-05,115.65,BEL.NS,2023-06-09,120.35,2023-08-04,127.6,40th Day,40,114.3325,207,25000,1500.75,26500.75,2023-06-05,25000,24741.25,25362.25,25217.35,25331.2,26003.95,25931.5,25993.6,25507.15,25641.7,24937.9,25217.35,24596.35,24596.35,26117.8,25703.8,25351.9,25289.8,25921.15,25765.9,25548.55,26459.35,26511.1,26066.05,26407.6,26407.6,26397.25,26355.85,26169.55,25952.2,26169.55,26386.9,26169.55,26428.3,27028.6,27142.45,27090.7,26035,25890.1,26500.75
57,2023-06-13,557.62,BERGEPAINT.NS,2023-06-19,563,2023-08-14,582.79,40th Day,40,534.85,44,25000,870.76,25870.76,2023-06-13,25000,24970.52,25289.52,24796.72,25001.76,25051.48,25108.24,24983.28,25091.52,24978,24811.24,25051.48,25183.48,24899.24,24671.76,24800.24,24765.48,24483,24725,24906.72,25126.72,25291.28,25326.48,25570.24,25375.76,24998.24,24923,24943.24,25148.72,25249.48,25982.52,26321.76,25839.52,26065.24,26145.76,26235.52,25843.48,25643.28,25920.48,25870.76
58,2023-06-23,854.8,BHARTIARTL.NS,2023-06-30,878.75,2023-08-25,873.5,40th Day,40,834.8125,28,25000,-147,24853,2023-06-23,25000,25011.2,24619.2,24661.2,24745.2,24767.6,25186.2,25368.2,25313.6,25176.4,25217,24981.8,24907.6,24776,25170.8,25203,25263.2,25137.2,25298.2,25459.2,25457.8,25312.2,25361.2,24981.8,24802.6,25305.2,25354.2,25186.2,25138.6,24889.4,24770.4,24672.4,24389.6,24382.6,24370,24809.6,24969.2,24703.2,24739.6,24853
59,2023-02-01,17118.05,BOSCHLTD.NS,2023-02-07,17414.9,2023-04-06,18795,40th Day,40,16544.155,1,25000,1380.1,26380.1,2023-02-01,25000,25032.55,25109.9,25084.1,24993.2,24997.5,25440.35,25720.35,25599.65,25768.45,26061.4,25897.05,25897.8,25395.4,25463.45,25581.35,25887.35,25765.35,25568.85,25680.95,26309.05,26055.95,25974.4,25551.2,25587.85,25628.7,25703.45,25698.7,25724.4,25954.85,26009.3,26012.9,26037.75,25926.95,26117.3,26562.25,26955,27019.35,26727.7,26380.1
60,2023-03-29,18977.15,BOSCHLTD.NS,2023-04-06,18795,2023-06-05,18872.65,40th Day,40,17855.25,1,25000,77.65,25077.65,2023-03-29,25000,24747.8,24809.75,24970.5,25112.05,25090.2,25019.25,24891.2,24945.55,24971.95,24937.15,24981.35,25166.1,25322.8,25576.85,26003.3,25522.6,25398.25,25529.85,25516.65,25431.35,25559.75,25678.9,25183.3,25434.05,25212.7,25340.65,25219.55,25089.2,25035.2,25059.55,24956.25,24986.15,25146.7,24501,24745.9,24773.4,24807,24956,25077.65
61,2023-04-27,19117.8,BOSCHLTD.NS,2023-05-04,19193.25,2023-06-28,18572.6,40th Day,40,18233.5875,1,25000,-620.65,24379.35,2023-04-27,25000,25131.6,25118.4,25033.1,25161.5,25280.65,24785.05,25035.8,24814.45,24942.4,24821.3,24690.95,24636.95,24661.3,24558,24587.9,24748.45,24102.75,24347.65,24375.15,24408.75,24557.75,24679.4,24686.3,24780.35,24573.65,24565.15,24801.55,24866.85,24879.05,24831.1,24802.4,24750.45,24865.4,25008.45,24686.05,24423.7,24395.15,24379.35,24379.35
62,2023-03-15,330.3,BPCL.NS,2023-03-21,358.55,2023-03-28,340.6225,Stop Loss,6,340.6225,69,25000,-1236.9975,23763.0025,2023-03-15,25000,24534.25,24296.2,24092.65,24054.7,23763.0025,23763.0025,23763.0025,23763.0025,23763.0025,23763.0025,23763.0025,23763.0025,23763.0025,23763.0025,23763.0025,23763.0025,23763.0025,23763.0025,23763.0025,23763.0025,23763.0025,23763.0025,23763.0025,23763.0025,23763.0025,23763.0025,23763.0025,23763.0025,23763.0025,23763.0025,23763.0025,23763.0025,23763.0025,23763.0025,23763.0025,23763.0025,23763.0025,23763.0025,23763.0025
63,2023-04-19,342,BPCL.NS,2023-04-25,347.5,2023-06-20,372.45,40th Day,40,330.125,71,25000,1771.45,26771.45,2023-04-19,25000,25106.5,25578.65,25717.1,25965.6,25944.3,26480.35,26274.45,26434.2,26388.05,26750.15,26778.55,26022.4,25674.5,26050.8,26224.75,25937.2,25908.8,26001.1,26356.1,26121.8,26121.8,26192.8,26008.2,25915.9,26136,26210.55,25891.05,25660.3,25614.15,26462.6,25965.6,25848.45,26714.65,26853.1,26849.55,27229.4,27080.3,26934.75,26771.45
64,2023-05-04,368.35,BPCL.NS,2023-05-10,372.15,2023-07-05,386.55,40th Day,40,353.5425,67,25000,964.8,25964.8,2023-05-04,25000,25026.8,24313.25,23984.95,24340.05,24504.2,24232.85,24206.05,24293.15,24628.15,24407.05,24407.05,24474.05,24299.85,24212.75,24420.45,24490.8,24189.3,23971.55,23928,24728.65,24259.65,24149.1,24966.5,25097.15,25093.8,25452.25,25311.55,25174.2,25020.1,25043.55,25083.75,24159.15,24072.05,24209.4,24209.4,24500.85,25211.05,25301.5,25964.8
65,2023-02-02,4573.05,BRITANNIA.NS,2023-02-08,4594.8,2023-03-06,4365.06,Stop Loss,19,4365.06,5,25000,-1148.7,23851.3,2023-02-02,25000,25212.75,25139.5,24966,25025.25,24968.25,24886,24692.25,24295,24542.75,24448.5,24283.5,24238.75,23967.25,24334.75,23925,23997,24085.75,23851.3,23851.3,23851.3,23851.3,23851.3,23851.3,23851.3,23851.3,23851.3,23851.3,23851.3,23851.3,23851.3,23851.3,23851.3,23851.3,23851.3,23851.3,23851.3,23851.3,23851.3,23851.3
66,2023-04-27,4415.85,BRITANNIA.NS,2023-05-04,4587.05,2023-06-28,4954.25,40th Day,40,4357.6975,5,25000,1836,26836,2023-04-27,25000,25194.75,25056.75,25040.5,25089.5,25240.5,25147.25,25219,25099.25,25224.25,24886.5,24564,24559.5,24673,24663.75,24881.25,25045.75,24941,24931,25350,25241,25335.5,25477.75,25591.75,26530.5,26440,26458.5,26566,26765.25,26773,26942,27288.25,27170,27347,27412.5,27000,26918.75,27110.75,26836,26836
67,2023-06-07,4893.15,BRITANNIA.NS,2023-06-13,4940.1,2023-08-07,4693.095,Stop Loss,39,4693.095,5,25000,-1235.025,23764.975,2023-06-07,25000,25007.75,25176.75,25523,25404.75,25581.75,25647.25,25234.75,25153.5,25345.5,25070.75,25070.75,25422.25,25341,25350.25,25780,26167.25,25572,25458.75,25719,25669,25751.25,25965.5,26016.75,25620.25,25629,25562.25,25534.5,25144,24727.5,25217.5,24666.5,24816.25,24269.25,24386.25,24346.75,24294.25,24292,23764.975,23764.975
68,2023-04-13,291.25,CANBK.NS,2023-04-20,296.65,2023-06-15,296.8,40th Day,40,281.8175,84,25000,12.6,25012.6,2023-04-13,25000,24886.6,25529.2,25928.2,26092,26037.4,26747.2,26961.4,26919.4,27284.8,26839.6,26390.2,25520.8,25348.6,25373.8,25029.4,25567,25714,25508.2,24874,25096.6,25361.2,25453.6,25247.8,25252,25844.2,25877.8,25928.2,26096.2,26071,26436.4,26289.4,26268.4,26541.4,26314.6,26205.4,26533,26533,25655.2,25012.6
69,2023-06-02,313.75,CANBK.NS,2023-06-08,312.3,2023-06-23,296.685,Stop Loss,12,296.685,80,25000,-1249.2,23750.8,2023-06-02,25000,24896,25208,25208,24372,23760,24316,24416,24528,24548,24088,23750.8,23750.8,23750.8,23750.8,23750.8,23750.8,23750.8,23750.8,23750.8,23750.8,23750.8,23750.8,23750.8,23750.8,23750.8,23750.8,23750.8,23750.8,23750.8,23750.8,23750.8,23750.8,23750.8,23750.8,23750.8,23750.8,23750.8,23750.8,23750.8
70,2023-01-09,289.45,CGPOWER.NS,2023-01-13,308.55,2023-03-13,290.95,40th Day,40,293.1225,81,25000,-1425.6,23574.4,2023-01-09,25000,24469.45,24765.1,24983.8,25429.3,25340.2,24595,24254.8,24339.85,24177.85,24449.2,24505.9,24501.85,24801.55,25056.7,24906.85,25546.75,25639.9,25234.9,26563.3,27097.9,27203.2,25988.2,26231.2,25939.6,25684.45,25919.35,25473.85,25457.65,25510.3,25190.35,24732.7,24858.25,24311.5,24368.2,24173.8,24412.75,24068.5,24092.8,23574.4
71,2023-02-10,327.85,CGPOWER.NS,2023-02-16,323.75,2023-02-28,307.5625,Stop Loss,9,307.5625,77,25000,-1246.4375,23753.5625,2023-02-10,25000,24722.8,24480.25,24703.55,24280.05,24264.65,24314.7,24010.55,23753.5625,23753.5625,23753.5625,23753.5625,23753.5625,23753.5625,23753.5625,23753.5625,23753.5625,23753.5625,23753.5625,23753.5625,23753.5625,23753.5625,23753.5625,23753.5625,23753.5625,23753.5625,23753.5625,23753.5625,23753.5625,23753.5625,23753.5625,23753.5625,23753.5625,23753.5625,23753.5625,23753.5625,23753.5625,23753.5625,23753.5625,23753.5625
72,2023-05-09,320.5,CGPOWER.NS,2023-05-15,332.15,2023-07-10,388.65,40th Day,40,315.5425,75,25000,4237.5,29237.5,2023-05-09,25000,25472.5,25318.75,25337.5,25637.5,26563.75,26893.75,27411.25,28082.5,29113.75,28870,29031.25,29552.5,29230,28652.5,28697.5,28183.75,27846.25,28217.5,28585,28427.5,28768.75,28446.25,28461.25,28371.25,27426.25,27598.75,28375,28033.75,27748.75,28131.25,28086.25,28086.25,28476.25,28506.25,28517.5,28900,29357.5,29072.5,29237.5
73,2023-02-01,749.8,CHOLAFIN.NS,2023-02-07,781.4,2023-03-13,742.33,Stop Loss,24,742.33,31,25000,-1211.17,23788.83,2023-02-01,25000,25454.15,25455.7,24880.65,24683.8,24837.25,25038.75,25026.35,24936.45,24649.7,24752,24504,24073.1,24424.95,24403.25,24228.1,24545.85,24026.6,24032.8,24624.9,24541.2,24542.75,24111.85,23788.83,23788.83,23788.83,23788.83,23788.83,23788.83,23788.83,23788.83,23788.83,23788.83,23788.83,23788.83,23788.83,23788.83,23788.83,23788.83,23788.83
74,2023-04-05,782.65,CHOLAFIN.NS,2023-04-12,820.25,2023-06-08,1061.6,40th Day,40,779.2375,30,25000,7240.5,32240.5,2023-04-05,25000,25021,25486,25580.5,25799.5,25691.5,25513,25603,25549,25541.5,26024.5,26525.5,26633.5,26990.5,28898.5,30148,30449.5,29899,30080.5,30358,30544,30497.5,31004.5,30740.5,31661.5,31694.5,32003.5,32212,31958.5,32176,31883.5,32054.5,31781.5,31919.5,31709.5,31571.5,31849,32110,32588.5,32240.5
75,2023-05-18,1042.3,CHOLAFIN.NS,2023-05-24,1052.2,2023-07-19,1170.3,40th Day,40,999.59,23,25000,2716.3,27716.3,2023-05-18,25000,25166.75,24942.5,25073.6,24864.3,24970.1,24809.1,24703.3,24916.05,25116.15,25483,25216.2,25310.5,25480.7,26140.8,26083.3,26396.1,26712.35,26841.15,26603.1,26889.45,26104,25872.85,25584.2,25957.95,25957.95,27065.4,27689.85,28106.15,28087.75,27605.9,27864.65,27280.45,26835.4,27216.05,27267.8,27579.45,27586.35,27156.25,27716.3
76,2023-06-13,1101.8,CHOLAFIN.NS,2023-06-19,1132.25,2023-08-03,1075.6375,Stop Loss,33,1075.6375,22,25000,-1245.475,23754.525,2023-06-13,25000,24772.3,25046.2,24294.9,24073.8,23797.7,24155.2,24155.2,25214.5,25811.8,26210,26192.4,25731.5,25979,25420.2,24994.5,25358.6,25408.1,25706.2,25712.8,25301.4,25837.1,25578.6,25055,25288.2,24893.3,25204.6,25081.4,25117.7,24996.7,24960.4,24277.3,23754.525,23754.525,23754.525,23754.525,23754.525,23754.525,23754.525,23754.525
77,2023-05-25,945.45,CIPLA.NS,2023-05-31,953.05,2023-07-26,1068.5,40th Day,40,905.3975,26,25000,3001.7,28001.7,2023-05-25,25000,25304.2,25332.8,25565.5,25494,25192.4,25321.1,25421.2,25179.4,25739.7,25666.9,26173.9,26378,26513.2,26510.6,26452.1,26176.5,25945.1,26790.1,26461.2,26461.2,26609.4,26267.5,26528.8,26501.5,26773.2,26757.6,26654.9,26943.5,26797.9,26758.9,27024.1,27069.6,27021.5,27151.5,27691,27493.4,27493.4,27644.2,28001.7
78,2023-01-19,223.95,COALINDIA.NS,2023-01-25,226.15,2023-02-09,214.8425,Stop Loss,11,214.8425,110,25000,-1243.825,23756.175,2023-01-19,25000,24587.5,24967,24857,24395,24065,24202.5,24279.5,24290.5,23828.5,23756.175,23756.175,23756.175,23756.175,23756.175,23756.175,23756.175,23756.175,23756.175,23756.175,23756.175,23756.175,23756.175,23756.175,23756.175,23756.175,23756.175,23756.175,23756.175,23756.175,23756.175,23756.175,23756.175,23756.175,23756.175,23756.175,23756.175,23756.175,23756.175,23756.175
79,2023-03-02,222.85,COALINDIA.NS,2023-03-09,224.8,2023-03-23,213.56,Stop Loss,11,213.56,111,25000,-1247.64,23752.36,2023-03-02,25000,24950.05,24556,24583.75,24456.1,24561.55,24650.35,24139.75,24139.75,23795.65,23752.36,23752.36,23752.36,23752.36,23752.36,23752.36,23752.36,23752.36,23752.36,23752.36,23752.36,23752.36,23752.36,23752.36,23752.36,23752.36,23752.36,23752.36,23752.36,23752.36,23752.36,23752.36,23752.36,23752.36,23752.36,23752.36,23752.36,23752.36,23752.36,23752.36
80,2023-04-03,220.15,COALINDIA.NS,2023-04-11,223.65,2023-06-07,230.7,40th Day,40,212.4675,111,25000,782.55,25782.55,2023-04-03,25000,25449.55,25205.35,25660.45,25949.05,25749.25,25654.9,25710.4,25876.9,25732.6,25677.1,25899.1,26048.95,26381.95,26470.75,26531.8,26526.25,26021.2,26409.7,26431.9,26387.5,26265.4,26559.55,26920.3,26992.45,26770.45,26803.75,26670.55,26737.15,26925.85,26820.4,26981.35,27491.95,27292.15,26953.6,25743.7,25804.75,25671.55,25460.65,25782.55
81,2023-06-30,231,COALINDIA.NS,2023-07-06,234.6,2023-08-31,230.05,40th Day,40,222.87,106,25000,-482.3,24517.7,2023-06-30,25000,24936.4,24909.9,24936.4,24978.8,24501.8,24623.7,24533.6,24326.9,24364,24485.9,24406.4,24613.1,24507.1,24565.4,24411.7,24205,24432.9,25609.5,24994.7,24517.7,24909.9,24825.1,24538.9,25015.9,25031.8,25031.8,24925.8,24835.7,24756.2,24242.1,24523,24591.9,24607.8,24432.9,24268.6,24454.1,24507.1,24379.9,24517.7
82,2023-01-17,556.55,DABUR.NS,2023-01-23,564.4,2023-02-03,536.18,Stop Loss,9,536.18,44,25000,-1241.68,23758.32,2023-01-17,25000,25112.2,24951.6,24896.6,24720.6,24707.4,24892.2,24562.2,23758.32,23758.32,23758.32,23758.32,23758.32,23758.32,23758.32,23758.32,23758.32,23758.32,23758.32,23758.32,23758.32,23758.32,23758.32,23758.32,23758.32,23758.32,23758.32,23758.32,23758.32,23758.32,23758.32,23758.32,23758.32,23758.32,23758.32,23758.32,23758.32,23758.32,23758.32,23758.32
83,2023-05-26,542.1,DABUR.NS,2023-06-01,556.9,2023-07-27,573.8,40th Day,40,529.055,44,25000,743.6,25743.6,2023-05-26,25000,25013.2,24795.4,24586.4,24982.4,24788.8,24694.2,24854.8,25156.2,25239.8,25534.6,25616,25539,25668.8,25448.8,25253,25283.8,25556.6,25602.8,25602.8,25706.2,26115.4,26001,26564.2,26542.2,25673.2,25695.2,26089,26166,25915.2,26302.4,26115.4,25884.4,25776.6,25950.4,25365.2,25369.6,25503.8,25796.4,25743.6
84,2023-06-14,562.35,DABUR.NS,2023-06-20,572.1,2023-08-16,565.35,40th Day,40,543.495,43,25000,-290.25,24709.75,2023-06-14,25000,24785,24593.65,24623.75,24890.35,24935.5,24935.5,25036.55,25436.45,25324.65,25875.05,25853.55,25004.3,25025.8,25410.65,25485.9,25240.8,25619.2,25436.45,25210.7,25105.35,25275.2,24703.3,24707.6,24838.75,25124.7,25073.1,25412.8,25150.5,24855.95,24722.65,24266.85,24896.8,24707.6,24582.9,25002.15,24976.35,24615.15,24688.25,24709.75
85,2023-04-12,3212.1,DIVISLAB.NS,2023-04-19,3342.6,2023-05-18,3175.47,Stop Loss,21,3175.47,7,25000,-1169.91,23830.09,2023-04-12,25000,24023.5,24223.35,23951.75,24186.95,24141.8,24270.95,24477.1,24377.7,24483.05,24579.65,24637.4,24605.9,25284.2,25578.55,24906.2,24807.15,24537.3,24557.95,24477.8,23830.09,23830.09,23830.09,23830.09,23830.09,23830.09,23830.09,23830.09,23830.09,23830.09,23830.09,23830.09,23830.09,23830.09,23830.09,23830.09,23830.09,23830.09,23830.09,23830.09
86,2023-03-17,375.25,DLF.NS,2023-03-23,367.65,2023-03-27,349.2675,Stop Loss,3,349.2675,67,25000,-1231.6275,23768.3725,2023-03-17,25000,24102.2,23768.3725,23768.3725,23768.3725,23768.3725,23768.3725,23768.3725,23768.3725,23768.3725,23768.3725,23768.3725,23768.3725,23768.3725,23768.3725,23768.3725,23768.3725,23768.3725,23768.3725,23768.3725,23768.3725,23768.3725,23768.3725,23768.3725,23768.3725,23768.3725,23768.3725,23768.3725,23768.3725,23768.3725,23768.3725,23768.3725,23768.3725,23768.3725,23768.3725,23768.3725,23768.3725,23768.3725,23768.3725,23768.3725
87,2023-04-05,367.05,DLF.NS,2023-04-12,406.55,2023-06-08,484.75,40th Day,40,386.2225,61,25000,4770.2,29770.2,2023-04-05,25000,25402.6,25536.8,26055.3,25924.15,25481.9,24969.5,25280.6,25219.6,25613.05,25921.1,26198.65,26079.7,26281,26113.25,26259.65,26817.8,26552.45,26689.7,26601.25,26793.4,28757.6,28977.2,28861.3,28257.4,28986.35,29367.6,28739.3,28595.95,29312.7,29364.55,29642.1,29151.05,29169.35,29309.65,30047.75,30044.7,30374.1,30438.15,29770.2
88,2023-04-10,405.5,DLF.NS,2023-04-17,415.35,2023-06-12,490.6,40th Day,40,394.5825,60,25000,4515,29515,2023-04-10,25000,25510,25381,24946,24442,24748,24688,25075,25378,25651,25534,25732,25567,25711,26260,25999,26134,26047,26236,28168,28384,28270,27676,28393,28768,28150,28009,28714,28765,29038,28555,28573,28711,29437,29434,29758,29821,29164,29191,29515
89,2023-05-15,468.15,DLF.NS,2023-05-19,471.9,2023-07-14,493.15,40th Day,40,448.305,52,25000,1105,26105,2023-05-15,25000,25325,24789.4,24667.2,25278.2,25322.4,25559,25140.4,25156,25275.6,25904.8,25902.2,26183,26237.6,25668.2,25691.6,25972.4,26648.4,26653.6,25959.4,26253.2,25699.4,25899.6,25569.4,25486.2,25301.6,25273,25621.4,25621.4,25969.8,26105,25930.8,26445.6,27168.4,26609.4,26541.8,26443,26066,26047.8,26105
90,2023-04-03,3553.75,DMART.NS,2023-04-11,3454.2,2023-06-07,3544.05,40th Day,40,3281.49,7,25000,628.95,25628.95,2023-04-03,25000,25132.3,25327.95,25300.3,25368.2,25154,25196,25011.9,25091,25081.55,25051.8,25326.2,25404.25,25641.9,25698.6,25912.1,26008,26565.55,26438.5,26526.7,26753.15,26563.45,25484.4,25175.35,24622,24400.45,24587.35,24796.3,24851.25,24827.45,24868.05,25332.85,25343.7,25373.1,25119.35,25326.9,25541.8,25578.55,25514.85,25628.95
91,2023-05-08,3677.85,DMART.NS,2023-05-12,3677.55,2023-05-16,3493.6725,Stop Loss,3,3493.6725,6,25000,-1103.265,23896.735,2023-05-08,25000,24075.1,23896.735,23896.735,23896.735,23896.735,23896.735,23896.735,23896.735,23896.735,23896.735,23896.735,23896.735,23896.735,23896.735,23896.735,23896.735,23896.735,23896.735,23896.735,23896.735,23896.735,23896.735,23896.735,23896.735,23896.735,23896.735,23896.735,23896.735,23896.735,23896.735,23896.735,23896.735,23896.735,23896.735,23896.735,23896.735,23896.735,23896.735,23896.735
92,2023-06-09,3632.1,DMART.NS,2023-06-15,3917.7,2023-07-17,3721.815,Stop Loss,22,3721.815,6,25000,-1175.31,23824.69,2023-06-09,25000,26007.4,25348,25415.2,25010.8,24366.7,23958.1,24583.3,24726.4,24726.4,24829,24705.4,24637,24414.4,24389.2,24347.5,24100,24456.4,24331.9,24423.7,24526.3,23824.69,23824.69,23824.69,23824.69,23824.69,23824.69,23824.69,23824.69,23824.69,23824.69,23824.69,23824.69,23824.69,23824.69,23824.69,23824.69,23824.69,23824.69,23824.69
93,2023-06-14,3704.85,DMART.NS,2023-06-20,3986.9,2023-06-23,3787.555,Stop Loss,4,3787.555,6,25000,-1196.07,23803.93,2023-06-14,25000,24595.6,23951.5,23803.93,23803.93,23803.93,23803.93,23803.93,23803.93,23803.93,23803.93,23803.93,23803.93,23803.93,23803.93,23803.93,23803.93,23803.93,23803.93,23803.93,23803.93,23803.93,23803.93,23803.93,23803.93,23803.93,23803.93,23803.93,23803.93,23803.93,23803.93,23803.93,23803.93,23803.93,23803.93,23803.93,23803.93,23803.93,23803.93,23803.93
94,2023-03-28,4526.8,DRREDDY.NS,2023-04-05,4682.8,2023-05-18,4448.66,Stop Loss,29,4448.66,5,25000,-1170.7,23829.3,2023-03-28,25000,25083,25384.25,25402.75,25991,25850.5,25847.5,26148,26132.75,25877,25929.75,25616.5,25752.5,25811.5,26178.75,26235.25,26338,26347.25,26426,26298.5,26121.5,26252.25,25922.5,24246,23916.5,24178.75,24161.25,23993.5,23829.3,23829.3,23829.3,23829.3,23829.3,23829.3,23829.3,23829.3,23829.3,23829.3,23829.3,23829.3
95,2023-04-10,4759.65,DRREDDY.NS,2023-04-17,4852.3,2023-05-11,4609.685,Stop Loss,18,4609.685,5,25000,-1213.075,23786.925,2023-04-10,25000,25300.5,25285.25,25029.5,25082.25,24769,24905,24964,25331.25,25387.75,25490.5,25499.75,25578.5,25451,25274,25404.75,25075,23786.925,23786.925,23786.925,23786.925,23786.925,23786.925,23786.925,23786.925,23786.925,23786.925,23786.925,23786.925,23786.925,23786.925,23786.925,23786.925,23786.925,23786.925,23786.925,23786.925,23786.925,23786.925,23786.925
96,2023-06-02,4610.45,DRREDDY.NS,2023-06-08,4649.4,2023-08-03,5659.5,40th Day,40,4416.93,5,25000,5050.5,30050.5,2023-06-02,25000,25087,25131.25,25263,25248,25770.25,26328.25,26148,26259,26305,26250.25,26722.5,26961,26881,26881,27551,27244.5,27695,27644.75,27912,27665.5,27527.75,27582.25,27698,27465.25,27213.25,27901.75,27708,27859.75,28449.5,28194,28711.5,28880,29131.25,29288,29668,29955.25,30088.25,30055.25,30050.5
97,2023-06-15,4803.45,DRREDDY.NS,2023-06-21,4910.4,2023-08-17,5880.65,40th Day,40,4664.88,5,25000,4851.25,29851.25,2023-06-15,25000,24945.25,25417.5,25656,25576,25576,26246,25939.5,26390,26339.75,26607,26360.5,26222.75,26277.25,26393,26160.25,25908.25,26596.75,26403,26554.75,27144.5,26889,27406.5,27575,27826.25,27983,28363,28650.25,28783.25,28750.25,28745.5,28695.75,28601.5,28737.75,29803,29703.75,29563,29564.75,29737.25,29851.25
98,2023-06-30,5159.6,DRREDDY.NS,2023-07-06,5231.8,2023-08-31,5607.85,40th Day,40,4970.21,4,25000,1504.2,26504.2,2023-06-30,25000,24802.8,24692.6,24736.2,24828.8,24642.6,24441,24991.8,24836.8,24958.2,25430,25225.6,25639.6,25774.4,25975.4,26100.8,26404.8,26634.6,26741,26714.6,26710.8,26671,26595.6,26704.6,27556.8,27477.4,27364.8,27366.2,27504.2,27595.4,27570.6,27716.2,27775,27886.2,27701.4,27189.8,27176.4,26968,26671.8,26504.2
99,2023-04-28,3301.1,EICHERMOT.NS,2023-05-05,3355.1,2023-06-30,3580.1,40th Day,40,3187.345,7,25000,1575,26575,2023-04-28,25000,25264.6,25187.6,25431.55,25351.4,26898.75,27123.8,26946.7,26915.55,26547.35,26510.6,26332.45,26725.5,26790.6,27074.8,27346.75,27494.45,27262.75,27217.95,27526.65,27410.1,27227.05,27450,27606.1,27116.1,26583.4,26648.5,26662.85,26518.65,26257.2,26286.6,25990.85,26449,26507.45,26424.5,26288.7,26375.85,26264.55,26264.55,26575
100,2023-05-10,3416.75,EICHERMOT.NS,2023-05-16,3633.2,2023-07-04,3451.54,Stop Loss,35,3451.54,6,25000,-1089.96,23910.04,2023-05-10,25000,24973.3,24657.7,24626.2,24473.5,24810.4,24866.2,25109.8,25342.9,25469.5,25270.9,25232.5,25497.1,25397.2,25240.3,25431.4,25565.2,25145.2,24688.6,24744.4,24756.7,24633.1,24409,24434.2,24180.7,24573.4,24623.5,24552.4,24436,24510.7,24415.3,24415.3,24681.4,24985.9,23910.04,23910.04,23910.04,23910.04,23910.04,23910.04
101,2023-01-20,99,GAIL.NS,2023-01-27,99.15,2023-02-02,94.1925,Stop Loss,5,94.1925,252,25000,-1249.29,23750.71,2023-01-20,25000,23941.6,23992,24218.8,23750.71,23750.71,23750.71,23750.71,23750.71,23750.71,23750.71,23750.71,23750.71,23750.71,23750.71,23750.71,23750.71,23750.71,23750.71,23750.71,23750.71,23750.71,23750.71,23750.71,23750.71,23750.71,23750.71,23750.71,23750.71,23750.71,23750.71,23750.71,23750.71,23750.71,23750.71,23750.71,23750.71,23750.71,23750.71,23750.71
102,2023-02-23,98.05,GAIL.NS,2023-03-01,103.4,2023-05-03,108,40th Day,40,98.23,241,25000,1108.6,26108.6,2023-02-23,25000,24915.65,25445.85,26361.65,26891.85,26265.25,26843.65,26638.8,26590.6,26361.65,26482.15,26626.75,26542.4,25409.7,25482,25409.7,25024.1,25120.5,25180.75,25506.1,25421.75,25494.05,25482,25494.05,25614.55,25638.65,26253.2,26144.75,26614.7,26470.1,26168.85,26277.3,26192.95,26421.9,26397.8,26638.8,26421.9,25939.9,26180.9,26108.6
103,2023-03-06,109.05,GAIL.NS,2023-03-13,110.2,2023-03-24,104.69,Stop Loss,10,104.69,226,25000,-1245.26,23754.74,2023-03-06,25000,24954.8,24740.1,24853.1,24988.7,24909.6,23847.4,23915.2,23847.4,23754.74,23754.74,23754.74,23754.74,23754.74,23754.74,23754.74,23754.74,23754.74,23754.74,23754.74,23754.74,23754.74,23754.74,23754.74,23754.74,23754.74,23754.74,23754.74,23754.74,23754.74,23754.74,23754.74,23754.74,23754.74,23754.74,23754.74,23754.74,23754.74,23754.74,23754.74
104,2023-04-12,108.6,GAIL.NS,2023-04-19,108.25,2023-06-14,107.2,40th Day,40,102.8375,230,25000,-241.5,24758.5,2023-04-12,25000,25103.5,25023,25241.5,25218.5,25448.5,25241.5,24781.5,25011.5,24942.5,24747,24862,24816,24701,25172.5,25253,24954,25805,25793.5,25402.5,24528.5,24218,24563,24827.5,24873.5,24896.5,24563,24540,24471,24206.5,24333,24160.5,24126,24183.5,24390.5,24195,24229.5,24298.5,24724,24758.5
105,2023-06-13,107.05,GAIL.NS,2023-06-19,108,2023-08-14,112.85,40th Day,40,102.6,231,25000,1120.35,26120.35,2023-06-13,25000,25057.75,24699.7,24179.95,24318.55,24260.8,24145.3,24145.3,24318.55,24641.95,24665.05,24861.4,25646.8,25623.7,25219.45,25300.3,25600.6,25023.1,25462,25138.6,25207.9,25346.5,25565.95,25808.5,25935.55,26940.4,26859.55,26986.6,27194.5,27564.1,27852.85,26928.85,26744.05,26686.3,26443.75,26940.4,27286.9,27217.6,26778.7,26120.35
106,2023-07-25,116.4,GAIL.NS,2023-07-31,119.1,2023-08-14,113.145,Stop Loss,11,113.145,209,25000,-1244.595,23755.405,2023-07-25,25000,25261.25,24425.25,24258.05,24205.8,23986.35,24435.7,24749.2,24686.5,24289.4,23755.405,23755.405,23755.405,23755.405,23755.405,23755.405,23755.405,23755.405,23755.405,23755.405,23755.405,23755.405,23755.405,23755.405,23755.405,23755.405,23755.405,23755.405,23755.405,23755.405,23755.405,23755.405,23755.405,23755.405,23755.405,23755.405,23755.405,23755.405,23755.405,23755.405
107,2023-02-02,939.7,GODREJCP.NS,2023-02-08,940.7,2023-04-10,965.55,40th Day,40,893.665,26,25000,646.1,25646.1,2023-02-02,25000,25003.9,24992.2,24561.9,24736.1,24864.8,24784.2,25036.4,24662,24909,24719.2,24834.9,24664.6,24305.8,24547.6,24255.1,24265.5,24611.3,24351.3,24476.1,24060.1,24366.9,24340.9,24326.6,24134.2,24782.9,25175.5,25501.8,25075.4,25279.5,25300.3,25273,25543.4,25465.4,25665.6,25713.7,25618.8,25750.1,25700.7,25646.1
108,2023-05-25,1029.4,GODREJCP.NS,2023-05-31,1058.35,2023-07-26,1038.55,40th Day,40,1005.4325,23,25000,-455.4,24544.6,2023-05-25,25000,24904.55,25059.8,24858.55,24926.4,25161,24990.8,24471,24672.25,24933.3,25256.45,25445.05,25267.95,25193.2,25311.65,25120.75,24598.65,24484.8,24400.85,24517,24517,25520.95,25059.8,25081.65,25887.8,25495.65,25097.75,24919.5,25080.5,25230,24890.75,25105.8,25063.25,24622.8,24667.65,25047.15,24958.6,24495.15,24459.5,24544.6
109,2023-04-06,1669.05,GRASIM.NS,2023-04-13,1701.1,2023-06-09,1715.75,40th Day,40,1616.045,14,25000,205.1,25205.1,2023-04-06,25000,25315.7,25053.9,24846,24808.9,24451.9,24834.8,24800.5,24972.7,25004.2,25268.8,25538.3,25487.2,25822.5,25719.6,26081.5,25893.2,26026.2,26022.7,25738.5,25451.5,25364.7,25332.5,25064.4,25210,25241.5,24955.9,24989.5,25003.5,24820.8,25170.8,25336.7,25241.5,25018.9,25132.3,25467.6,25914.2,25951.3,25151.9,25205.1
110,2023-06-14,1779.35,GRASIM.NS,2023-06-20,1769.1,2023-08-16,1816.9,40th Day,40,1680.645,14,25000,669.2,25669.2,2023-06-14,25000,25123.2,24736.8,24258,24407.8,24496.7,24496.7,24517.7,25344.4,25006.3,25123.2,24985.3,24638.8,24634.6,24980.4,25122.5,24869.8,24777.4,25335.3,25083.3,25211.4,25704.9,25497,25615.3,25839.3,25980,25747.6,25765.8,26124.9,25960.4,25726.6,25860.3,25788.9,26211,26054.9,26071.7,25856.8,25818.3,25597.1,25669.2
111,2023-02-15,1241.28,HAL.NS,2023-02-21,1311.12,2023-04-24,1412.8,40th Day,40,1245.564,19,25000,1931.92,26931.92,2023-02-15,25000,24404.54,24227.65,24159.44,24535.64,24544.57,25589,25839.04,25663.29,25840.94,27289.5,27284.37,27157.07,26625.64,26524.37,26530.64,25954.94,26678.65,25214.89,25316.54,25024.32,23804.14,24479.97,25064.79,25058.9,25802.94,26034.17,25856.52,25945.44,26383.39,26842.62,26922.04,26798.54,26735.65,26987.4,26965.55,26889.17,26462.05,26517.15,26931.92
112,2023-03-01,1342.12,HAL.NS,2023-03-08,1431.62,2023-03-20,1360.039,Stop Loss,9,1360.039,17,25000,-1216.877,23783.123,2023-03-01,25000,24995.41,24881.51,24406.02,24315.41,24321.02,23805.92,24453.45,23783.123,23783.123,23783.123,23783.123,23783.123,23783.123,23783.123,23783.123,23783.123,23783.123,23783.123,23783.123,23783.123,23783.123,23783.123,23783.123,23783.123,23783.123,23783.123,23783.123,23783.123,23783.123,23783.123,23783.123,23783.123,23783.123,23783.123,23783.123,23783.123,23783.123,23783.123,23783.123
113,2023-04-28,1460.1,HAL.NS,2023-05-05,1472.18,2023-06-30,1896.25,40th Day,40,1398.571,16,25000,6785.12,31785.12,2023-04-28,25000,25115.52,24759.52,25080.32,25592,25236.64,25640,26219.2,26516.32,26196.32,26031.52,26239.52,25816.32,25455.04,25562.72,25606.72,25554.72,26262.24,26381.6,26091.2,26788.64,27713.12,28749.92,29349.6,29664.32,31308.32,30933.6,30558.72,31169.92,31105.92,32202.72,32592.32,32234.72,32008,31528.64,30569.6,31053.6,30733.92,31220.32,31785.12
114,2023-05-16,1548.38,HAL.NS,2023-05-22,1549.65,2023-07-17,1907.85,40th Day,40,1472.1675,16,25000,5731.2,30731.2,2023-05-16,25000,24576.8,24215.52,24323.2,24367.2,24315.2,25022.72,25142.08,24851.68,25549.12,26473.6,27510.4,28110.08,28424.8,30068.8,29694.08,29319.2,29930.4,29866.4,30963.2,31352.8,30995.2,30768.48,30289.12,29330.08,29814.08,29494.4,29980.8,30545.6,30366.08,29982.4,30084.8,30054.08,30281.6,30417.12,31545.12,30956.48,31037.6,30899.2,30731.2
115,2023-06-02,1583.97,HAL.NS,2023-06-08,1763.7,2023-08-03,1883.28,40th Day,40,1675.515,14,25000,1674.12,26674.12,2023-06-02,25000,26438.5,26110.62,25782.6,26317.4,26261.4,27221.1,27562,27249.1,27050.72,26631.28,25792.12,26215.62,25935.9,26361.5,26855.7,26698.62,26362.9,26452.5,26425.62,26624.7,26743.28,27730.28,27215.22,27286.2,27165.1,27018.1,27259.88,27334.5,27166.78,27289.28,27504.88,27162.72,27318.4,27278.78,27811.2,28038.7,27369.5,26487.22,26674.12
116,2023-01-09,1067.45,HCLTECH.NS,2023-01-13,1077.8,2023-03-13,1098.6,40th Day,40,1023.91,23,25000,478.4,25478.4,2023-01-09,25000,25365.7,25764.75,25859.05,25772.8,25690,25998.2,26381.15,26033.85,25869.4,26309.85,26021.2,26248.9,26651.4,26572.05,26561.7,26160.35,26545.6,26576.65,25870.55,25809.6,26095.95,26267.3,26158.05,25730.25,25871.7,25630.2,25340.4,25380.65,25392.15,25141.45,24995.4,25535.9,25647.45,25947.6,26124.7,25985.55,25893.55,25885.5,25478.4
117,2023-01-17,1111.05,HCLTECH.NS,2023-01-23,1121.2,2023-03-21,1083.9,40th Day,40,1065.14,22,25000,-820.6,24179.4,2023-01-17,25000,25366.3,25034.1,24876.8,25298.1,25022,25239.8,25624.8,25548.9,25539,25155.1,25523.6,25553.3,24877.9,24819.6,25093.5,25257.4,25152.9,24743.7,24879,24648,24370.8,24409.3,24420.3,24180.5,24040.8,24557.8,24664.5,24951.6,25121,24987.9,24899.9,24892.2,24502.8,24182.7,24085.9,23926.4,24719.5,24332.3,24179.4
118,2023-06-15,1143.6,HCLTECH.NS,2023-06-21,1170.45,2023-07-12,1111.9275,Stop Loss,15,1111.9275,21,25000,-1228.9725,23771.0275,2023-06-15,25000,24851.95,24888.7,24938.05,24990.55,24990.55,25367.5,25234.15,25423.15,25511.35,25214.2,24730.15,24035.05,23833.45,23771.0275,23771.0275,23771.0275,23771.0275,23771.0275,23771.0275,23771.0275,23771.0275,23771.0275,23771.0275,23771.0275,23771.0275,23771.0275,23771.0275,23771.0275,23771.0275,23771.0275,23771.0275,23771.0275,23771.0275,23771.0275,23771.0275,23771.0275,23771.0275,23771.0275,23771.0275
119,2023-03-29,1587.8,HDFCBANK.NS,2023-04-06,1666.35,2023-06-05,1604.4,40th Day,40,1583.0325,15,25000,-929.25,24070.75,2023-03-29,25000,24881.5,24954.25,25278.25,25391.5,25004.5,24898.75,24990.25,25083.25,25123.75,25327,24967,25081.75,25219.75,25318.75,25313.5,25402,25921.75,24389.5,24671.5,24672.25,24786.25,24802.75,25021.75,25141.75,24714.25,24581.5,24679.75,24708.25,24620.5,24562.75,24241.75,24148.75,24241.75,24537.25,24556,24167.5,24064.75,24102.25,24070.75
120,2023-04-05,1653.75,HDFCBANK.NS,2023-04-12,1684.9,2023-06-06,1600.655,Stop Loss,38,1600.655,14,25000,-1179.43,23820.57,2023-04-05,25000,25105.7,24744.5,24645.8,24731.2,24818,24855.8,25045.5,24709.5,24816.6,24945.4,25037.8,25032.9,25115.5,25600.6,24170.5,24433.7,24434.4,24540.8,24556.2,24760.6,24872.6,24473.6,24349.7,24441.4,24468,24386.1,24332.2,24032.6,23945.8,24032.6,24308.4,24325.9,23963.3,23867.4,23902.4,23873,23820.57,23820.57,23820.57
121,2023-06-21,1635.6,HDFCBANK.NS,2023-06-27,1658.6,2023-08-23,1586.6,40th Day,40,1575.67,15,25000,-1080,23920,2023-06-21,25000,25000,25642,25918,26044,25220.5,25246,25027,24967.75,24847,24615.25,24737.5,24788.5,25304.5,25283.5,25397.5,25452.25,25257.25,25297,25570,25481.5,25218.25,24773.5,24889,25054.75,24728.5,24550.75,24904,24889.75,24869.5,24878.5,24658.75,24403,24284.5,24214,24080.5,23982.25,23963.5,23861.5,23920
122,2023-04-05,507.75,HDFCLIFE.NS,2023-04-12,517.05,2023-06-08,593.9,40th Day,40,491.1975,48,25000,3688.8,28688.8,2023-04-05,25000,25710.4,25784.8,25732,25372,25633.6,24820,26464,25609.6,25698.4,25038.4,25609.6,26317.6,26039.2,26413.6,26087.2,26560,26680,27188.8,27416.8,27092.8,27028,27037.6,27066.4,27136,26946.4,27397.6,27191.2,27349.6,27640,27887.2,27976,28268.8,28614.4,28127.2,27848.8,27740.8,28007.2,28715.2,28688.8
123,2023-04-13,531.85,HDFCLIFE.NS,2023-04-20,530.25,2023-06-15,578.15,40th Day,40,503.7375,47,25000,2251.3,27251.3,2023-04-13,25000,24203.35,25813.1,24976.5,25063.45,24417.2,24976.5,25669.75,25397.15,25763.75,25444.15,25907.1,26024.6,26522.8,26746.05,26428.8,26365.35,26374.75,26402.95,26471.1,26285.45,26727.25,26525.15,26680.25,26964.6,27206.65,27293.6,27580.3,27918.7,27441.65,27169.05,27063.3,27324.15,28017.4,27991.55,27418.15,27545.05,27563.85,27575.6,27251.3
124,2023-05-25,572.05,HDFCLIFE.NS,2023-05-31,592.35,2023-07-26,658.6,40th Day,40,562.7325,42,25000,2782.5,27782.5,2023-05-25,25000,24573.7,24330.1,24235.6,24468.7,25088.2,25065.1,24552.7,24666.1,24682.9,24693.4,24403.6,25722.4,26436.4,27156.7,27106.3,26959.3,26451.1,26591.8,28143.7,28143.7,27471.7,27450.7,27295.3,28412.5,27889.6,27761.5,28187.8,28368.4,28332.7,28706.5,28263.4,28141.6,27696.4,27801.4,27885.4,27307.9,27553.6,27496.9,27782.5
125,2023-04-03,2431.1,HEROMOTOCO.NS,2023-04-11,2469.85,2023-06-07,2958,40th Day,40,2346.3575,10,25000,4881.5,29881.5,2023-04-03,25000,25074.5,24772,24961,24698.5,24761,24787,24895,25312,25279,25353,25388,25887.5,25260.5,25328,25446.5,25774,26065,26217,26162,26156,26360.5,27220.5,27161.5,27531,27653,27431.5,27223,27406,27688.5,27629.5,27753,28070.5,28093,27900.5,28305.5,29228,29007.5,29349.5,29881.5
126,2023-05-09,2591.55,HEROMOTOCO.NS,2023-05-15,2691.9,2023-07-10,3123.7,40th Day,40,2557.305,9,25000,3886.2,28886.2,2023-05-09,25000,24946.9,25279.45,25389.25,25189.9,25002.25,25166.95,25421.2,25368.1,25479.25,25765,25785.25,25612,25976.5,26806.75,26608.3,26916.1,27394.9,27456.1,26866.6,27146.5,27344.95,27157.3,26360.35,26261.35,25816.3,25979.2,26184.85,26198.35,25760.5,26434.15,26369.8,26369.8,26963.8,26861.65,28041.1,29196.7,29321.8,29106.7,28886.2
127,2023-05-15,2691.9,HEROMOTOCO.NS,2023-05-19,2713,2023-07-14,3136.3,40th Day,40,2577.35,9,25000,3809.7,28809.7,2023-05-15,25000,24812.35,24977.05,25231.3,25178.2,25289.35,25575.1,25595.35,25422.1,25786.6,26616.85,26418.4,26726.2,27205,27266.2,26676.7,26956.6,27155.05,26967.4,26170.45,26071.45,25626.4,25789.3,25994.95,26008.45,25570.6,26244.25,26179.9,26179.9,26773.9,26671.75,27851.2,29006.8,29131.9,28916.8,28696.3,28506.4,28292.65,28240.9,28809.7
128,2023-06-01,2800.4,HEROMOTOCO.NS,2023-06-07,2958,2023-06-19,2810.1,Stop Loss,9,2810.1,8,25000,-1183.2,23816.8,2023-06-01,25000,25054.4,24530.4,24779.2,24955.6,24788.8,24080.4,23992.4,23816.8,23816.8,23816.8,23816.8,23816.8,23816.8,23816.8,23816.8,23816.8,23816.8,23816.8,23816.8,23816.8,23816.8,23816.8,23816.8,23816.8,23816.8,23816.8,23816.8,23816.8,23816.8,23816.8,23816.8,23816.8,23816.8,23816.8,23816.8,23816.8,23816.8,23816.8,23816.8
129,2023-07-04,3029.8,HEROMOTOCO.NS,2023-07-10,3123.7,2023-08-03,2967.515,Stop Loss,19,2967.515,8,25000,-1249.48,23750.52,2023-07-04,25000,24831.2,24641.2,24595.2,25100.8,24743.2,24941.6,24783.6,24707.6,24826.8,25082.8,25132.8,25176,25106,25390.4,25640,24827.2,23958,23750.52,23750.52,23750.52,23750.52,23750.52,23750.52,23750.52,23750.52,23750.52,23750.52,23750.52,23750.52,23750.52,23750.52,23750.52,23750.52,23750.52,23750.52,23750.52,23750.52,23750.52,23750.52
130,2023-01-11,490.95,HINDALCO.NS,2023-01-17,487.9,2023-02-03,463.505,Stop Loss,13,463.505,51,25000,-1244.145,23755.855,2023-01-11,25000,25767.55,25561,25104.55,25321.3,24834.25,25061.2,24546.1,24206.95,24005.5,23977.45,23852.5,23755.855,23755.855,23755.855,23755.855,23755.855,23755.855,23755.855,23755.855,23755.855,23755.855,23755.855,23755.855,23755.855,23755.855,23755.855,23755.855,23755.855,23755.855,23755.855,23755.855,23755.855,23755.855,23755.855,23755.855,23755.855,23755.855,23755.855,23755.855
131,2023-03-31,405.35,HINDALCO.NS,2023-04-10,411.45,2023-06-06,415.55,40th Day,40,390.8775,60,25000,246,25246,2023-03-31,25000,25366,25372,25636,26035,26206,26296,26104,25654,25981,26101,25801,26161,26479,27082,26851,27043,26368,27016,26734,26500,25564,24598,24955,25060,24775,24703,24718,24775,24931,24727,24568,25126,25507,25099,24667,24694,25558,25495,25246
132,2023-04-28,436.1,HINDALCO.NS,2023-05-05,434.25,2023-05-12,412.5375,Stop Loss,6,412.5375,57,25000,-1237.6125,23762.3875,2023-04-28,25000,25615.6,25347.7,25125.4,24236.2,23762.3875,23762.3875,23762.3875,23762.3875,23762.3875,23762.3875,23762.3875,23762.3875,23762.3875,23762.3875,23762.3875,23762.3875,23762.3875,23762.3875,23762.3875,23762.3875,23762.3875,23762.3875,23762.3875,23762.3875,23762.3875,23762.3875,23762.3875,23762.3875,23762.3875,23762.3875,23762.3875,23762.3875,23762.3875,23762.3875,23762.3875,23762.3875,23762.3875,23762.3875,23762.3875
133,2023-05-11,2592.4,HINDUNILVR.NS,2023-05-17,2661.75,2023-07-12,2673.65,40th Day,40,2528.6625,9,25000,107.1,25107.1,2023-05-11,25000,24692.2,24817.3,24787.15,24698.95,24578.8,24419.5,24915.4,24896.95,24953.2,25052.2,25325.35,25494.55,25306.45,25264.6,25490.05,25163.35,24770.05,24835.3,25127.35,25333,25251.55,25485.1,25193.5,25129.15,25133.65,24933.4,24818.65,24913.15,24906.4,24906.4,25147.6,25353.7,25344.25,25846.9,25858.15,25327.15,24953.2,25204.75,25107.1
134,2023-06-01,2697.9,HINDUNILVR.NS,2023-06-07,2716.2,2023-07-24,2580.39,Stop Loss,33,2580.39,9,25000,-1222.29,23777.71,2023-06-01,25000,24673.3,24280,24345.25,24637.3,24842.95,24761.5,24995.05,24703.45,24639.1,24643.6,24443.35,24328.6,24423.1,24416.35,24416.35,24657.55,24863.65,24854.2,25356.85,25368.1,24837.1,24463.15,24714.7,24617.05,24446.5,24646.3,24689.5,24699.4,24598.6,24883.45,23990.2,23777.71,23777.71,23777.71,23777.71,23777.71,23777.71,23777.71,23777.71
135,2023-01-12,345.1,HINDZINC.NS,2023-01-18,361.35,2023-01-30,343.2825,Stop Loss,8,343.2825,69,25000,-1246.6575,23753.3425,2023-01-12,25000,26117.8,24423.85,23954.65,24558.4,24768.85,23965,23753.3425,23753.3425,23753.3425,23753.3425,23753.3425,23753.3425,23753.3425,23753.3425,23753.3425,23753.3425,23753.3425,23753.3425,23753.3425,23753.3425,23753.3425,23753.3425,23753.3425,23753.3425,23753.3425,23753.3425,23753.3425,23753.3425,23753.3425,23753.3425,23753.3425,23753.3425,23753.3425,23753.3425,23753.3425,23753.3425,23753.3425,23753.3425,23753.3425
136,2023-04-25,913.45,ICICIBANK.NS,2023-05-02,922.1,2023-06-26,927.45,40th Day,40,875.995,27,25000,144.45,25144.45,2023-04-25,25000,25020.25,24989.2,25130.95,25426.6,25332.1,25376.65,25461.7,25588.6,25638.55,25654.75,25465.75,25658.8,25869.4,25762.75,25845.1,25500.85,25479.25,25772.2,25703.35,25751.95,25730.35,25378,25433.35,25665.55,25540,25488.7,25426.6,25430.65,25373.95,25579.15,25477.9,25121.5,25326.7,25028.35,25093.15,25070.2,25098.55,25037.8,25144.45
137,2023-04-05,1093.05,ICICIGI.NS,2023-04-12,1090.85,2023-06-08,1252.65,40th Day,40,1036.3075,22,25000,3559.6,28559.6,2023-04-05,25000,24934,25291.5,25877.8,24677.7,24678.8,24312.5,24528.1,24623.8,24558.9,24455.5,24742.6,24916.4,24947.2,24976.9,24588.6,24825.1,25169.4,25378.4,25423.5,25601.7,25623.7,25580.8,25253,25086.9,24687.6,25040.7,24862.5,24643.6,24767.9,25200.2,27202.2,27063.6,27007.5,27956.8,28125.1,27978.8,28231.8,28663,28559.6
138,2023-05-29,461.8,ICICIPRULI.NS,2023-06-02,471.8,2023-07-28,580.45,40th Day,40,448.21,52,25000,5649.8,30649.8,2023-05-29,25000,25725.4,26294.8,26861.6,27132,26209,26643.2,26864.2,27350.4,27116.4,28244.8,29027.4,29755.4,29997.2,29719,29386.2,29797,30631.6,30631.6,30236.4,30478.2,29877.6,30231.2,30408,30278,31406.4,31367.4,31515.6,31572.8,31034.6,30759,30353.4,29557.8,28949.4,29121,30116.8,30470.4,30452.2,30226,30649.8
139,2023-06-06,496.7,ICICIPRULI.NS,2023-06-12,503.4,2023-08-07,578.6,40th Day,40,478.23,49,25000,3684.8,28684.8,2023-06-06,25000,25208.25,25666.4,25445.9,26509.2,27246.65,27932.65,28160.5,27898.35,27584.75,27971.85,28758.3,28758.3,28385.9,28613.75,28047.8,28381,28547.6,28425.1,29488.4,29451.65,29591.3,29645.2,29138.05,28878.35,28496.15,27746.45,27173.15,27334.85,28273.2,28606.4,28589.25,28376.1,28775.45,28728.9,28493.7,28158.05,28302.6,28704.4,28684.8
140,2023-06-16,534.2,ICICIPRULI.NS,2023-06-22,562.55,2023-08-18,537.5,40th Day,40,534.4225,44,25000,-1102.2,23897.8,2023-06-16,25000,24718.4,25066,25772.2,25772.2,25437.8,25642.4,25134.2,25433.4,25583,25473,26427.8,26394.8,26520.2,26568.6,26113.2,25880,25536.8,24863.6,24348.8,24494,25336.6,25635.8,25620.4,25429,25787.6,25745.8,25534.6,25233.2,25363,25723.8,25706.2,25818.4,25690.8,25576.4,24887.8,24667.8,24267.4,24155.2,23897.8
141,2023-06-20,563.25,ICICIPRULI.NS,2023-06-26,564.05,2023-08-22,547.55,40th Day,40,535.8475,44,25000,-726,24274,2023-06-20,25000,25706.2,25706.2,25371.8,25576.4,25068.2,25367.4,25517,25407,26361.8,26328.8,26454.2,26502.6,26047.2,25814,25470.8,24797.6,24282.8,24428,25270.6,25569.8,25554.4,25363,25721.6,25679.8,25468.6,25167.2,25297,25657.8,25640.2,25752.4,25624.8,25510.4,24821.8,24601.8,24201.4,24089.2,23831.8,23834,24274
142,2023-07-10,595,ICICIPRULI.NS,2023-07-14,587.85,2023-07-20,558.4575,Stop Loss,5,558.4575,42,25000,-1234.485,23765.515,2023-07-10,25000,24777.4,24449.8,23807.2,23765.515,23765.515,23765.515,23765.515,23765.515,23765.515,23765.515,23765.515,23765.515,23765.515,23765.515,23765.515,23765.515,23765.515,23765.515,23765.515,23765.515,23765.515,23765.515,23765.515,23765.515,23765.515,23765.515,23765.515,23765.515,23765.515,23765.515,23765.515,23765.515,23765.515,23765.515,23765.515,23765.515,23765.515,23765.515,23765.515
143,2023-08-01,62.95,IDBI.NS,2023-08-07,65.25,2023-08-17,61.9875,Stop Loss,8,61.9875,383,25000,-1249.5375,23750.4625,2023-08-01,25000,24751.05,24272.3,24425.5,24674.45,24329.75,23755.25,23750.4625,23750.4625,23750.4625,23750.4625,23750.4625,23750.4625,23750.4625,23750.4625,23750.4625,23750.4625,23750.4625,23750.4625,23750.4625,23750.4625,23750.4625,23750.4625,23750.4625,23750.4625,23750.4625,23750.4625,23750.4625,23750.4625,23750.4625,23750.4625,23750.4625,23750.4625,23750.4625,23750.4625,23750.4625,23750.4625,23750.4625,23750.4625,23750.4625
144,2023-03-31,324.35,INDHOTEL.NS,2023-04-10,328,2023-06-06,389.25,40th Day,40,311.6,76,25000,4655,29655,2023-03-31,25000,24950.6,25209,25003.8,25334.4,25182.4,25193.8,25539.6,25665,25836,25824.6,25984.2,25912,25843.6,26478.2,27044.4,27219.2,27333.2,28199.6,28515,28294.6,27853.8,27249.6,26926.6,27717,28002,27933.6,28370.6,28283.2,28268,28591,28997.6,29252.2,28952,29366.2,29689.2,30145.2,30141.4,29696.8,29655
145,2023-04-20,335.1,INDHOTEL.NS,2023-04-26,340.95,2023-06-21,396.8,40th Day,40,323.9025,73,25000,4077.05,29077.05,2023-04-20,25000,24930.65,24864.95,25474.5,26018.35,26186.25,26295.75,27127.95,27430.9,27219.2,26795.8,26215.45,25905.2,26664.4,26938.15,26872.45,27292.2,27208.25,27193.65,27503.9,27894.45,28139,27850.65,28248.5,28558.75,28996.75,28993.1,28566.05,28525.9,29007.7,27909.05,27993,28412.75,28825.2,28675.55,28832.5,29547.9,29029.6,28909.15,29077.05
146,2023-05-03,354.9,INDHOTEL.NS,2023-05-09,374.25,2023-05-15,355.5375,Stop Loss,5,355.5375,66,25000,-1235.025,23764.975,2023-05-03,25000,24808.6,24425.8,23901.1,23764.975,23764.975,23764.975,23764.975,23764.975,23764.975,23764.975,23764.975,23764.975,23764.975,23764.975,23764.975,23764.975,23764.975,23764.975,23764.975,23764.975,23764.975,23764.975,23764.975,23764.975,23764.975,23764.975,23764.975,23764.975,23764.975,23764.975,23764.975,23764.975,23764.975,23764.975,23764.975,23764.975,23764.975,23764.975,23764.975
147,2023-01-11,2107.35,INDIGO.NS,2023-01-17,2081.25,2023-02-16,1977.1875,Stop Loss,22,1977.1875,12,25000,-1248.75,23751.25,2023-01-11,25000,25036,25498.6,25223.2,25486.6,25253.2,25336,25153.6,25030,25516,25043.8,25523.2,25197.4,24883.6,24329.8,24507.4,24501.4,24547,24607.6,24466.6,23857.6,23751.25,23751.25,23751.25,23751.25,23751.25,23751.25,23751.25,23751.25,23751.25,23751.25,23751.25,23751.25,23751.25,23751.25,23751.25,23751.25,23751.25,23751.25,23751.25
148,2023-04-17,1937,INDIGO.NS,2023-04-21,1987.65,2023-06-16,2429.5,40th Day,40,1888.2675,12,25000,5302.2,30302.2,2023-04-17,25000,25051.6,25060.6,25358.8,25400.8,25399.6,25957,27117.4,27111.4,27054.4,27546.4,27642.4,27832,28165.6,27963.4,28165,28520.2,28750.6,28324,28349.8,28628.8,28474.6,28376.2,28816.6,29028.4,29002.6,29605,29618.2,29273.8,29777.2,29981.2,30073,30187,30512.8,30701.2,30079.6,29228.2,29420.2,30117.4,30302.2
149,2023-05-02,2067.4,INDIGO.NS,2023-05-08,2199.85,2023-07-03,2638.2,40th Day,40,2089.8575,11,25000,4821.85,29821.85,2023-05-02,25000,25088,25261.8,25567.6,25382.25,25567.05,25892.65,26103.85,25712.8,25736.45,25992.2,25850.85,25760.65,26164.35,26358.5,26334.85,26887.05,26899.15,26583.45,27044.9,27231.9,27316.05,27420.55,27719.2,27891.9,27322.1,26541.65,26717.65,27356.75,27526.15,27556.95,27616.9,27974.95,28048.1,28027.2,27915,28628.9,28628.9,29697.55,29821.85
150,2023-06-02,2385.75,INDIGO.NS,2023-06-08,2447.05,2023-08-03,2447.75,40th Day,40,2324.6975,10,25000,7,25007,2023-06-02,25000,25157,24639,23929.5,24089.5,24670.5,24824.5,24852.5,24907,25232.5,25299,25280,25178,25827,25827,26798.5,26911.5,26466.5,27075.5,27515,26840,27245.5,27567,27785,27393.5,27109,27304,27060,27534.5,27836,27316,27236,26373.5,25928,26028,26699.5,26458.5,26237,26182.5,25007
151,2023-03-03,1126.4,INDUSINDBK.NS,2023-03-10,1144.8,2023-03-13,1087.56,Stop Loss,2,1087.56,21,25000,-1202.04,23797.96,2023-03-03,25000,23797.96,23797.96,23797.96,23797.96,23797.96,23797.96,23797.96,23797.96,23797.96,23797.96,23797.96,23797.96,23797.96,23797.96,23797.96,23797.96,23797.96,23797.96,23797.96,23797.96,23797.96,23797.96,23797.96,23797.96,23797.96,23797.96,23797.96,23797.96,23797.96,23797.96,23797.96,23797.96,23797.96,23797.96,23797.96,23797.96,23797.96,23797.96,23797.96
152,2023-03-29,1057.1,INDUSINDBK.NS,2023-04-06,1082,2023-06-05,1301.8,40th Day,40,1027.9,23,25000,5055.4,30055.4,2023-03-29,25000,24707.9,24820.6,24833.25,25627.9,25974.05,26492.7,25883.2,26016.6,25790.05,25460,25914.25,26283.4,26443.25,26628.4,26584.7,26475.45,26209.8,24799.9,26020.05,26347.8,27082.65,27425.35,27912.95,28163.65,28180.9,28545.45,28608.7,28818,28775.45,29098.6,29364.25,29172.2,29279.15,29667.85,29858.75,29705.8,29787.45,29742.6,30055.4
153,2023-05-09,1140.6,INDUSINDBK.NS,2023-05-15,1219.55,2023-07-10,1367,40th Day,40,1158.5725,20,25000,2949,27949,2023-05-09,25000,25015,25332,25387,25569,25532,25813,26044,25877,25970,26308,26474,26341,26412,26373,26645,26729,26833,26686,27230,27258,27334,27074,26551,26889,26637,26577,26341,26063,26783,26910,26928,26928,28102,28216,27956,28600,28413,27751,27949
154,2023-05-30,1293.25,INDUSINDBK.NS,2023-06-05,1301.8,2023-07-31,1417.75,40th Day,40,1236.71,19,25000,2203.05,27203.05,2023-05-30,25000,25079.8,25178.6,25038.95,25555.75,25582.35,25654.55,25407.55,24910.7,25231.8,24992.4,24935.4,24711.2,24447.1,25131.1,25251.75,25268.85,25268.85,26384.15,26492.45,26245.45,26857.25,26679.6,26050.7,26238.8,26503.85,26323.35,26415.5,26428.8,26685.3,26680.55,27237.25,27343.65,27005.45,27544.1,27159.35,27392.1,27162.2,26902.85,27203.05
155,2023-06-30,1374.65,INDUSINDBK.NS,2023-07-06,1390.2,2023-08-31,1378.15,40th Day,40,1320.69,17,25000,-204.85,24795.15,2023-06-30,25000,24437.3,24605.6,24842.75,24681.25,24763.7,24775.6,25005.1,25000.85,25498.95,25594.15,25291.55,25773.5,25429.25,25637.5,25431.8,25199.75,25468.35,25074.8,24847.85,24563.1,25329.8,25425.85,25233.75,25310.25,25680,25119.85,24977.9,24838.5,24729.7,24685.5,25129.2,25186.15,25183.6,25594.15,25186.15,25327.25,25169.15,25038.25,24795.15
156,2023-02-02,1583.75,INFY.NS,2023-02-08,1590.5,2023-02-27,1510.975,Stop Loss,14,1510.975,15,25000,-1192.875,23807.125,2023-02-02,25000,25397.5,25270.75,24654.25,25041.25,25098.25,25169.5,24899.5,25029.25,24835,24569.5,24403,24402.25,23807.125,23807.125,23807.125,23807.125,23807.125,23807.125,23807.125,23807.125,23807.125,23807.125,23807.125,23807.125,23807.125,23807.125,23807.125,23807.125,23807.125,23807.125,23807.125,23807.125,23807.125,23807.125,23807.125,23807.125,23807.125,23807.125,23807.125
157,2023-03-31,1427.95,INFY.NS,2023-04-10,1427.6,2023-04-17,1356.22,Stop Loss,5,1356.22,17,25000,-1213.46,23786.54,2023-03-31,25000,24635.35,25011.9,24347.2,23786.54,23786.54,23786.54,23786.54,23786.54,23786.54,23786.54,23786.54,23786.54,23786.54,23786.54,23786.54,23786.54,23786.54,23786.54,23786.54,23786.54,23786.54,23786.54,23786.54,23786.54,23786.54,23786.54,23786.54,23786.54,23786.54,23786.54,23786.54,23786.54,23786.54,23786.54,23786.54,23786.54,23786.54,23786.54,23786.54
158,2023-05-22,1292.8,INFY.NS,2023-05-26,1317.45,2023-07-21,1331.6,40th Day,40,1251.5775,18,25000,254.7,25254.7,2023-05-22,25000,24945.1,25115.2,25015.3,25036.9,24667.9,24766.9,24307.9,24487,24376.3,24073,24541,24773.2,24693.1,24448.3,24535.6,24577.9,24747.1,24674.2,24353.8,24055.9,24152.2,24310.6,24310.6,25324.9,25292.5,25498.6,25537.3,25476.1,25229.5,25210.6,25560.7,25285.3,25857.7,26953,26899,27839.5,27835,27376.9,25254.7
159,2023-06-30,1335.5,INFY.NS,2023-07-06,1343.9,2023-08-31,1435.45,40th Day,40,1276.705,18,25000,1647.9,26647.9,2023-06-30,25000,24753.4,24734.5,25084.6,24809.2,25381.6,26476.9,26422.9,27363.4,27358.9,26900.8,24778.6,24868.6,24832.6,25089.1,25166.5,24938.8,25212.4,25383.4,25233.1,25367.2,25620.1,25883.8,25833.4,25909,25813.6,25503.1,25893.7,26342.8,26217.7,25808.2,26107,26077.3,26152.9,26434.6,26371.6,26291.5,26327.5,26642.5,26647.9
160,2023-04-27,80.45,IOC.NS,2023-05-04,83.3,2023-06-28,89.35,40th Day,40,79.135,300,25000,1815,26815,2023-04-27,25000,24850,24985,25210,25285,25195,25075,25270,26110,26275,25810,25825,26155,26710,26905,26755,27070,27025,27100,27010,27160,26950,26785,26830,27265,27025,27100,27565,27580,27955,27880,27655,27580,27580,27610,27610,26800,26875,26815,26815
161,2023-05-16,87,IOC.NS,2023-05-22,87.15,2023-07-17,97.35,40th Day,40,82.7925,286,25000,2917.2,27917.2,2023-05-16,25000,25529.1,25715,25572,25872.3,25829.4,25900.9,25815.1,25958.1,25757.9,25600.6,25643.5,26058.2,25829.4,25900.9,26344.2,26358.5,26716,26644.5,26430,26358.5,26358.5,26387.1,26387.1,25614.9,25686.4,25629.2,25629.2,26186.9,27316.6,27145,27388.1,28274.7,28446.3,27931.5,28131.7,28074.5,27588.3,27702.7,27917.2
162,2023-07-03,95.25,IOC.NS,2023-07-07,99.2,2023-07-31,94.24,Stop Loss,17,94.24,252,25000,-1249.92,23750.08,2023-07-03,25000,24546.4,24722.8,24672.4,24244,24344.8,24533.8,24596.8,24760.6,24886.6,25037.8,25163.8,24949.6,25100.8,24848.8,24004.6,23750.08,23750.08,23750.08,23750.08,23750.08,23750.08,23750.08,23750.08,23750.08,23750.08,23750.08,23750.08,23750.08,23750.08,23750.08,23750.08,23750.08,23750.08,23750.08,23750.08,23750.08,23750.08,23750.08,23750.08
163,2023-01-24,338.95,ITC.NS,2023-01-31,352.35,2023-03-28,379.75,40th Day,40,334.7325,70,25000,1918,26918,2023-01-24,25000,25633.5,26837.5,26981,27173.5,26463,26624,26533,26330,26529.5,27387,27089.5,27114,27173.5,27219,27093,27205,27467.5,27292.5,27089.5,26704.5,26844.5,26624,27282,27506,27803.5,27460.5,27495.5,27191,26914.5,26893.5,27037,26624,26851.5,26722,26778,26981,26844.5,26949.5,26918
164,2023-04-11,396,ITC.NS,2023-04-18,398.5,2023-06-13,445.4,40th Day,40,378.575,62,25000,2907.8,27907.8,2023-04-11,25000,25015.5,25111.6,25604.5,25632.4,25809.1,25852.5,26085,26677.1,26608.9,26776.3,26618.2,26875.5,27042.9,26568.6,26664.7,26357.8,26360.9,26816.6,26577.9,26804.2,26314.4,26323.7,26627.5,26900.3,27170,27644.3,27796.2,28137.2,28186.8,27914,27554.4,27783.8,27613.3,27746.6,27817.9,27752.8,27476.9,27383.9,27907.8
165,2023-04-21,408.25,ITC.NS,2023-04-27,416,2023-06-22,447.65,40th Day,40,395.2,60,25000,1899,26899,2023-04-21,25000,25573,25507,25669,25516,25765,25927,25468,25561,25264,25267,25708,25477,25696,25222,25231,25525,25789,26050,26509,26656,26986,27034,26770,26422,26644,26479,26608,26677,26614,26347,26257,26764,26710,26926,27226,27256,27211,26863,26899
166,2023-04-27,416,ITC.NS,2023-05-04,424.6,2023-06-28,445.1,40th Day,40,403.37,58,25000,1189,26189,2023-04-27,25000,25240.7,25397.3,24953.6,25043.5,24756.4,24759.3,25185.6,24962.3,25174,24715.8,24724.5,25008.7,25263.9,25516.2,25959.9,26102,26421,26467.4,26212.2,25875.8,26090.4,25930.9,26055.6,26122.3,26061.4,25803.3,25716.3,26206.4,26154.2,26363,26653,26682,26638.5,26302.1,26336.9,26168.7,26223.8,26189,26189
167,2023-06-15,448.1,ITC.NS,2023-06-21,447.05,2023-08-17,441,40th Day,40,424.6975,55,25000,-332.75,24667.25,2023-06-15,25000,25033,24873.5,24925.75,24892.75,24892.75,25250.25,25891,26061.5,26542.75,26476.75,26174.25,26034,26435.5,26388.75,26372.25,26421.75,26391.5,26399.75,26749,27480.5,27387,26336.5,25838.75,26386,25990,26177,26025.75,25976.25,25717.75,25495,25434.5,25431.75,25291.5,25638,25258.5,25093.5,25118.25,25176,24667.25
168,2023-07-03,463.25,ITC.NS,2023-07-07,468.4,2023-08-17,444.98,Stop Loss,29,444.98,53,25000,-1241.26,23758.74,2023-07-03,25000,24864.85,25251.75,25206.7,25190.8,25238.5,25209.35,25217.3,25553.85,26258.75,26168.65,25156.35,24676.7,25204.05,24822.45,25002.65,24856.9,24809.2,24560.1,24345.45,24287.15,24284.5,24149.35,24483.25,24117.55,23958.55,23982.4,24038.05,23758.74,23758.74,23758.74,23758.74,23758.74,23758.74,23758.74,23758.74,23758.74,23758.74,23758.74,23758.74
169,2023-04-11,562.9,JINDALSTEL.NS,2023-04-18,566.5,2023-05-17,538.175,Stop Loss,21,538.175,44,25000,-1246.3,23753.7,2023-04-11,25000,25587.4,25794.2,25288.2,25444.4,25402.6,25171.6,25569.8,25719.4,26155,25972.4,26256.2,25730.4,26161.6,25930.6,25803,25679.8,25336.6,25376.2,24731.6,23753.7,23753.7,23753.7,23753.7,23753.7,23753.7,23753.7,23753.7,23753.7,23753.7,23753.7,23753.7,23753.7,23753.7,23753.7,23753.7,23753.7,23753.7,23753.7,23753.7
170,2023-04-19,579.85,JINDALSTEL.NS,2023-04-25,575.65,2023-05-17,546.8675,Stop Loss,16,546.8675,43,25000,-1237.6475,23762.3525,2023-04-19,25000,24774.25,25163.4,25309.6,25735.3,25556.85,25834.2,25320.35,25741.75,25516,25391.3,25270.9,24935.5,24974.2,24344.25,23762.3525,23762.3525,23762.3525,23762.3525,23762.3525,23762.3525,23762.3525,23762.3525,23762.3525,23762.3525,23762.3525,23762.3525,23762.3525,23762.3525,23762.3525,23762.3525,23762.3525,23762.3525,23762.3525,23762.3525,23762.3525,23762.3525,23762.3525,23762.3525,23762.3525
171,2023-06-16,544.2,JINDALSTEL.NS,2023-06-22,584.1,2023-08-18,641.05,40th Day,40,554.895,42,25000,2391.9,27391.9,2023-06-16,25000,24359.5,24311.2,24909.7,24909.7,24871.9,25459.9,26050,26703.1,26230.6,26096.2,26774.5,26780.8,26579.2,27076.9,27415,27259.6,27100,27349.9,27236.5,26848,26900.5,28385.2,28087,28179.4,28410.4,28555.3,28668.7,27515.8,27625,27881.2,28080.7,28103.8,28983.7,28874.5,29792.2,28282.3,27681.7,27566.2,27391.9
172,2023-07-25,664.7,JINDALSTEL.NS,2023-07-31,668.75,2023-08-25,635.3125,Stop Loss,19,635.3125,37,25000,-1237.1875,23762.8125,2023-07-25,25000,25099.9,24084.25,24180.45,24406.15,24581.9,24602.25,25377.4,25281.2,26089.65,24759.5,24230.4,24128.65,23975.1,24439.45,24522.7,24704,24272.95,23762.8125,23762.8125,23762.8125,23762.8125,23762.8125,23762.8125,23762.8125,23762.8125,23762.8125,23762.8125,23762.8125,23762.8125,23762.8125,23762.8125,23762.8125,23762.8125,23762.8125,23762.8125,23762.8125,23762.8125,23762.8125,23762.8125
173,2023-03-29,678.9,JSWSTEEL.NS,2023-04-06,682.7,2023-06-05,712.15,40th Day,40,648.565,36,25000,1060.2,26060.2,2023-03-29,25000,25208.8,26112.4,26279.8,26366.2,26386,26319.4,26427.4,26191.6,26006.2,26355.4,26522.8,26467,26778.4,26533.6,26987.2,26791,27016,26823.4,26803.6,26508.4,26499.4,26004.4,25718.2,25822.6,25721.8,25446.4,25336.6,25401.4,25788.4,25770.4,25478.8,25502.2,25684,25702,25788.4,25489.6,25401.4,25860.4,26060.2
174,2023-04-11,713.6,JSWSTEEL.NS,2023-04-18,719.35,2023-06-13,756.65,40th Day,40,683.3825,34,25000,1268.2,26268.2,2023-04-11,25000,25102,24879.3,24704.2,25034,25192.1,25139.4,25433.5,25202.3,25630.7,25445.4,25657.9,25476,25457.3,25178.5,25170,24702.5,24432.2,24530.8,24435.6,24175.5,24071.8,24133,24498.5,24481.5,24206.1,24228.2,24399.9,24416.9,24498.5,24216.3,24133,24566.5,24755.2,24779,25353.6,26001.3,25991.1,25950.3,26268.2
175,2023-06-07,729.75,JSWSTEEL.NS,2023-06-13,756.65,2023-08-08,801.3,40th Day,40,718.8175,33,25000,1473.45,26473.45,2023-06-07,25000,25534.6,25460.35,25641.85,25495,25544.5,25069.3,24858.1,24665.05,24740.95,25193.05,25193.05,25928.95,26232.55,26320,26163.25,26283.7,26047.75,26780.35,26344.75,26618.65,26501.5,26590.6,26369.5,26130.25,26163.25,26399.2,25983.4,25627,26448.7,26610.4,26224.3,26567.5,26983.3,27120.25,26570.8,26577.4,26626.9,26861.2,26473.45
176,2023-05-05,560.05,LICI.NS,2023-05-11,561,2023-07-06,627.9,40th Day,40,532.95,44,25000,2943.6,27943.6,2023-05-05,25000,25048.4,25292.6,25286,25396,25314.6,25176,25726,26282.6,26447.6,26874.4,26905.2,26944.8,26755.6,26502.6,26590.6,26577.4,26566.4,26617,26775.4,26865.6,26801.8,26586.2,26667.6,26540,26557.6,26911.8,27521.2,28051.4,28302.2,28553,27813.8,27415.6,27455.2,27455.2,28135,27994.2,27855.6,27893,27943.6
177,2023-06-19,618.3,LICI.NS,2023-06-23,624.95,2023-08-21,652.15,40th Day,40,593.7025,40,25000,1088,26088,2023-06-19,25000,24638,24674,24674,25292,25164,25038,25072,25118,24906,24744,24874,24820,24630,24750,24838,24830,24816,25132,25432,25068,24924,25120,25212,25072,25600,25892,25652,25784,26342,26224,25748,25760,25670,26396,26234,25972,26388,26034,26088
178,2023-04-05,2257.75,LT.NS,2023-04-12,2288.5,2023-06-08,2340.3,40th Day,40,2174.075,10,25000,518,25518,2023-04-05,25000,24702.5,24255,24281,24311,24442.5,24267,24404,24594.5,24876.5,25171,25759,25959.5,25678,25684,25890,25769,25858.5,25759.5,24536.5,24326,24583.5,24387,24311,23997,24015.5,24281,24091.5,23966.5,24162,24299.5,24360.5,24223,24171.5,24193,24460.5,24798,24894.5,25270,25518
179,2023-06-05,2268.3,LT.NS,2023-06-09,2363,2023-08-04,2626.9,40th Day,40,2244.85,10,25000,2639,27639,2023-06-05,25000,24769.5,24914,24920.5,24983,25038,25033.5,25190,25314.5,25532.5,25265.5,25145.5,25250.5,25250.5,26125.5,25910.5,25988.5,26078,26256,25863.5,25757.5,26115.5,25919.5,25871.5,26092.5,26058,26117,26311.5,26267,27232.5,27422.5,26979,27832.5,27972,27865.5,28183.5,28036.5,27591.5,27351,27639
180,2023-06-30,2475.55,LT.NS,2023-07-06,2488.6,2023-08-31,2702.7,40th Day,40,2364.17,10,25000,2141,27141,2023-06-30,25000,24607.5,24501.5,24859.5,24663.5,24615.5,24836.5,24802,24861,25055.5,25011,25976.5,26166.5,25723,26576.5,26716,26609.5,26927.5,26780.5,26335.5,26095,26383,26473,26436,26630,26549,26499,26713,27024.5,26639,26533.5,26736.5,26902,27290,26995.5,26498,27067.5,27303.5,27204,27141
181,2023-05-19,4803,LTIM.NS,2023-05-25,4910.55,2023-07-20,4985.05,40th Day,40,4665.0225,5,25000,372.5,25372.5,2023-05-19,25000,25452.75,25391.75,25403.5,25439.25,25293.75,25418,25163.25,24871.5,24958.5,24473.25,24562.5,24944,25172,24980.75,25303,25500.25,25697,25558,25449.75,25577.5,25230.5,25483.75,26262.5,26262.5,26433.25,26504,26700,26657.75,26338.25,26020,25436,25068.5,24528.25,24913.75,25912.75,26121.5,25453,25399.75,25372.5
182,2023-05-25,4910.55,LTIM.NS,2023-05-31,4998.4,2023-07-26,4860.55,40th Day,40,4748.48,5,25000,-689.25,24310.75,2023-05-25,25000,24854.5,24978.75,24724,24432.25,24519.25,24034,24123.25,24504.75,24732.75,24541.5,24863.75,25061,25257.75,25118.75,25010.5,25138.25,24791.25,25044.5,25823.25,25823.25,25994,26064.75,26260.75,26218.5,25899,25580.75,24996.75,24629.25,24089,24474.5,25473.5,25682.25,25013.75,24960.5,24933.25,24621.75,24403.25,24351.25,24310.75
183,2023-06-16,5010.6,LTIM.NS,2023-06-22,5026.05,2023-08-18,5085.15,40th Day,40,4774.7475,4,25000,236.4,25236.4,2023-06-16,25000,24722.4,24925,25548,25548,25684.6,25741.2,25898,25864.2,25608.6,25354,24886.8,24592.8,24160.6,24469,25268.2,25435.2,24900.4,24857.8,24836,24586.8,24412,24370.4,24338,24345.6,24272,24462.4,24805.6,24359.6,24375.4,24659.4,25084,25226,25312.6,25322,25325.2,25669,25687.4,25286,25236.4
184,2023-01-09,1310.35,M&M.NS,2023-01-13,1328.15,2023-02-27,1261.7425,Stop Loss,31,1261.7425,18,25000,-1195.335,23804.665,2023-01-09,25000,24774.1,24868.6,24892,24845.2,24758.8,25005.4,24923.5,24700.3,24856.9,25062.1,25910.8,25430.2,25436.5,26077.3,25861.3,25693.9,25808.2,25792.9,25671.4,25447.3,25630,25921.6,25720,25240.3,25325.8,25426.6,24848.8,24744.4,24136.9,23804.665,23804.665,23804.665,23804.665,23804.665,23804.665,23804.665,23804.665,23804.665,23804.665
185,2023-01-31,1378.75,M&M.NS,2023-02-06,1376,2023-02-24,1307.2,Stop Loss,15,1307.2,18,25000,-1238.4,23761.6,2023-01-31,25000,24832.6,24946.9,24931.6,24810.1,24586,24768.7,25060.3,24858.7,24379,24464.5,24565.3,23987.5,23883.1,23761.6,23761.6,23761.6,23761.6,23761.6,23761.6,23761.6,23761.6,23761.6,23761.6,23761.6,23761.6,23761.6,23761.6,23761.6,23761.6,23761.6,23761.6,23761.6,23761.6,23761.6,23761.6,23761.6,23761.6,23761.6,23761.6
186,2023-05-09,1245.45,M&M.NS,2023-05-15,1285.65,2023-07-10,1551.4,40th Day,40,1221.3675,19,25000,5049.25,30049.25,2023-05-09,25000,24559.2,24571.55,24237.15,24520.25,24618.1,24675.1,24810.95,24850.85,24927.8,25845.5,25813.2,25633.65,25631.75,26059.25,27085.25,27385.45,27294.25,26812.6,26615,26819.25,26662.5,26767,27034.9,27245.8,27221.1,27105.2,26683.4,26767.95,26664.4,27128,27218.25,27218.25,28191.05,28463.7,28397.2,28604.3,29999.85,30291.5,30049.25
187,2023-05-29,1330.15,M&M.NS,2023-06-02,1341.4,2023-07-28,1467.8,40th Day,40,1274.33,18,25000,2275.2,27275.2,2023-05-29,25000,25972,26256.4,26170,25713.7,25526.5,25720,25571.5,25670.5,25924.3,26124.1,26100.7,25990.9,25591.3,25671.4,25573.3,26012.5,26098,26098,27019.6,27277.9,27214.9,27411.1,28733.2,29009.5,28780,29104.9,29130.1,29059,28692.7,28508.2,28479.4,28654.9,28671.1,28277.8,28698.1,29038.3,28662.1,26908,27275.2
188,2023-06-05,1395.4,M&M.NS,2023-06-09,1370.65,2023-08-04,1464.65,40th Day,40,1302.1175,18,25000,1692,26692,2023-06-05,25000,25193.5,25045,25144,25397.8,25597.6,25574.2,25464.4,25064.8,25144.9,25046.8,25486,25571.5,25571.5,26493.1,26751.4,26688.4,26884.6,28206.7,28483,28253.5,28578.4,28603.6,28532.5,28166.2,27981.7,27952.9,28128.4,28144.6,27751.3,28171.6,28511.8,28135.6,26381.5,26748.7,26881.9,27208.6,27063.7,26773,26692
189,2023-06-30,1453.6,M&M.NS,2023-07-06,1548.8,2023-07-27,1471.36,Stop Loss,16,1471.36,16,25000,-1239.04,23760.96,2023-06-30,25000,25245.6,25041.6,25330.4,25352.8,25289.6,24964,24800,24774.4,24930.4,24944.8,24595.2,24968.8,25271.2,24936.8,23760.96,23760.96,23760.96,23760.96,23760.96,23760.96,23760.96,23760.96,23760.96,23760.96,23760.96,23760.96,23760.96,23760.96,23760.96,23760.96,23760.96,23760.96,23760.96,23760.96,23760.96,23760.96,23760.96,23760.96,23760.96
190,2023-07-06,1548.8,M&M.NS,2023-07-12,1570.85,2023-07-27,1492.3075,Stop Loss,12,1492.3075,15,25000,-1178.1375,23821.8625,2023-07-06,25000,24940.75,24635.5,24481.75,24457.75,24604,24617.5,24289.75,24640,24923.5,24610,23821.8625,23821.8625,23821.8625,23821.8625,23821.8625,23821.8625,23821.8625,23821.8625,23821.8625,23821.8625,23821.8625,23821.8625,23821.8625,23821.8625,23821.8625,23821.8625,23821.8625,23821.8625,23821.8625,23821.8625,23821.8625,23821.8625,23821.8625,23821.8625,23821.8625,23821.8625,23821.8625,23821.8625,23821.8625
191,2023-05-08,530.7,MARICO.NS,2023-05-12,541.5,2023-07-07,517.05,40th Day,40,514.425,46,25000,-1124.7,23875.3,2023-05-08,25000,24788.4,24753.9,24326.1,24599.8,24275.5,24482.5,24330.7,24512.4,24397.4,25119.6,25121.9,25004.6,25071.3,25680.8,25365.7,25259.9,25057.5,25381.8,25181.7,24618.2,24839,24806.8,24903.4,25179.4,25305.9,24698.7,24751.6,24339.9,24206.5,24402,24411.2,24418.1,24418.1,24514.7,24620.5,24307.7,24864.3,24365.2,23875.3
192,2023-01-24,8698.8,MARUTI.NS,2023-01-31,8895.3,2023-03-16,8450.535,Stop Loss,32,8450.535,2,25000,-889.53,24110.47,2023-01-24,25000,24747.1,24949.7,25094,25025.4,24734.3,24878.8,24811.8,24832.1,24828.3,24758.3,24900.1,24819.6,24824.9,24596.7,24549.1,24527.3,24601.9,24530.4,24473.8,24458.1,24737.7,24306.9,24411.9,24472.3,24597.2,24293.3,24412.5,24246.2,24233.7,24159.3,24110.47,24110.47,24110.47,24110.47,24110.47,24110.47,24110.47,24110.47,24110.47
193,2023-04-03,8503.05,MARUTI.NS,2023-04-11,8659.55,2023-06-07,9707.5,40th Day,40,8226.5725,2,25000,2095.9,27095.9,2023-04-03,25000,24923,25022.5,25030.2,25146.2,25040.8,25110.2,24797.8,24613.2,24618.7,24694.7,24766.8,24860,25234.6,25275.5,25282.1,25578.2,25833.4,25904,26017.2,26202.7,26271.7,26095.5,25823.6,25919.7,25787.5,25892.8,25994.2,26082.3,26222.4,26244.6,26480.8,26347.9,26447.6,26416.3,26337.5,26651.6,26845.1,27153.3,27095.9
194,2023-04-11,8659.55,MARUTI.NS,2023-04-18,8732.65,2023-06-13,9517.5,40th Day,40,8296.0175,2,25000,1569.7,26569.7,2023-04-11,25000,24894.6,24964,24651.6,24467,24472.5,24548.5,24620.6,24713.8,25088.4,25129.3,25135.9,25432,25687.2,25757.8,25871,26056.5,26125.5,25949.3,25677.4,25773.5,25641.3,25746.6,25848,25936.1,26076.2,26098.4,26334.6,26201.7,26301.4,26270.1,26191.3,26505.4,26698.9,27007.1,26949.7,26851.9,26790.3,26635.6,26569.7
195,2023-05-02,8776.85,MARUTI.NS,2023-05-08,9076.25,2023-07-03,9673,40th Day,40,8622.4375,2,25000,1193.5,26193.5,2023-05-02,25000,25070.6,25183.8,25369.3,25438.3,25262.1,24990.2,25086.3,24954.1,25059.4,25160.8,25248.9,25389,25411.2,25647.4,25514.5,25614.2,25582.9,25504.1,25818.2,26011.7,26319.9,26262.5,26164.7,26103.1,25948.4,25882.5,25912.5,26037.2,26054.9,25911.5,25831.7,25729.2,25653.6,25502.1,25787.9,25769.5,25769.5,26425.6,26193.5
196,2023-05-09,9111.55,MARUTI.NS,2023-05-15,9207.3,2023-07-10,9736.3,40th Day,40,8746.935,2,25000,1058,26058,2023-05-09,25000,24728.1,24824.2,24692,24797.3,24898.7,24986.8,25126.9,25149.1,25385.3,25252.4,25352.1,25320.8,25242,25556.1,25749.6,26057.8,26000.4,25902.6,25841,25686.3,25620.4,25650.4,25775.1,25792.8,25649.4,25569.6,25467.1,25391.5,25240,25525.8,25507.4,25507.4,26163.5,25931.4,25880.2,26570,26304.2,26285.9,26058
197,2023-05-26,9399.95,MARUTI.NS,2023-06-01,9328.3,2023-07-27,9753.6,40th Day,40,8861.885,2,25000,850.6,25850.6,2023-05-26,25000,25314.1,25507.6,25815.8,25758.4,25660.6,25599,25444.3,25378.4,25408.4,25533.1,25550.8,25407.4,25327.6,25225.1,25149.5,24998,25283.8,25265.4,25265.4,25921.5,25689.4,25638.2,26328,26062.2,26043.9,25816,26143.7,26015,25638.5,25550.7,25722.5,25674.7,25558.5,25888.4,25883.5,25733,25860.6,25856.1,25850.6
198,2023-06-30,9789.05,MARUTI.NS,2023-07-06,9859.4,2023-08-11,9366.43,Stop Loss,27,9366.43,2,25000,-985.94,24014.06,2023-06-30,25000,24981.7,24753.8,25081.5,24952.8,24576.3,24488.5,24660.3,24612.5,24496.3,24826.2,24821.3,24670.8,24798.4,24793.9,24788.4,24621.8,24922.7,24714.7,24588.8,24368.6,24222,24328.8,24366.3,24207.4,24076.4,24014.06,24014.06,24014.06,24014.06,24014.06,24014.06,24014.06,24014.06,24014.06,24014.06,24014.06,24014.06,24014.06,24014.06
199,2023-03-14,768.35,MCDOWELL-N.NS,2023-03-20,765.85,2023-05-19,817.05,40th Day,40,727.5575,32,25000,1638.4,26638.4,2023-03-14,25000,25134.4,25334.4,25092.8,24932.8,24475.2,24150.4,24203.2,24694.4,24513.6,24670.4,24699.2,24521.6,24452.8,25009.6,24878.4,24987.2,25292.8,24752,24737.6,24811.2,24993.6,25169.6,25329.6,25062.4,25361.6,25427.2,25640,25568,25678.4,25897.6,25849.6,25902.4,25960,25950.4,26273.6,26171.2,25969.6,25996.8,26638.4
200,2023-04-28,3776.2,NAUKRI.NS,2023-05-05,3816.35,2023-06-30,4483.65,40th Day,40,3625.5325,6,25000,4003.8,29003.8,2023-04-28,25000,25457.8,25539.7,25622.8,25429.6,25398.7,25952.8,25701.7,25119.1,24560.8,25076.2,25434.7,25824.1,25370.5,25504,27288.4,27344.5,26493.4,26545,27413.8,27700,26923.3,26799.7,27208,26827.3,26960.5,27713.5,28111.3,27960.7,28030.9,28603.3,28751.8,28836.1,28946.5,28528,27943.3,28547.5,28452.7,28452.7,29003.8
201,2023-05-26,4197.75,NAUKRI.NS,2023-06-01,4218.65,2023-07-27,4570.75,40th Day,40,4007.7175,5,25000,1760.5,26760.5,2023-05-26,25000,25238.5,24591.25,24488.25,24828.5,24511.25,24622.25,25249.75,25581.25,25455.75,25514.25,25991.25,26115,26185.25,26277.25,25928.5,25441.25,25944.75,25865.75,25865.75,26325,26288.75,26066.25,26112,26246,25931.25,25566,25918.75,26210.25,27034.25,27510.75,27573.75,27356.5,27304.25,27170.5,27149.5,26747,26973.75,26608.25,26760.5
202,2023-07-13,4625.5,NAUKRI.NS,2023-07-19,4679.5,2023-08-14,4445.525,Stop Loss,19,4445.525,5,25000,-1169.875,23830.125,2023-07-13,25000,24866.25,24845.25,24442.75,24669.5,24304,24456.25,24498.5,24538,24881.25,24461.25,24291,26036,25731.5,25177,25054.25,24850.5,23906.5,23830.125,23830.125,23830.125,23830.125,23830.125,23830.125,23830.125,23830.125,23830.125,23830.125,23830.125,23830.125,23830.125,23830.125,23830.125,23830.125,23830.125,23830.125,23830.125,23830.125,23830.125,23830.125
203,2023-05-02,175.6,NTPC.NS,2023-05-08,177.05,2023-07-03,191.25,40th Day,40,168.1975,141,25000,2002.2,27002.2,2023-05-02,25000,24851.95,25000,25352.5,24703.9,24844.9,25056.4,24851.95,24725.05,24471.25,24584.05,24591.1,24703.9,24640.45,24640.45,24894.25,24964.75,24548.8,24626.35,24647.5,24584.05,24767.35,25042.3,25705,25810.75,26219.65,26170.3,26431.15,26360.65,26572.15,26240.8,26473.45,26473.45,26050.45,26360.65,26106.85,26269,26269,26706.1,27002.2
204,2023-06-08,182.05,NTPC.NS,2023-06-14,187.2,2023-08-09,218.7,40th Day,40,177.84,133,25000,4189.5,29189.5,2023-06-08,25000,24933.5,25133,24820.45,25039.9,25039.9,24640.9,24933.5,24694.1,24847.05,24847.05,25259.35,25538.65,25911.05,25824.6,26270.15,25718.2,25578.55,25691.6,25478.8,25093.1,25033.25,24906.9,25019.95,25711.55,25758.1,26050.7,26157.1,26788.85,26915.2,26961.75,28032.4,29142.95,30047.35,29242.7,29375.7,29089.75,29089.75,29036.55,29189.5
205,2023-01-19,151.75,ONGC.NS,2023-01-25,152.45,2023-02-01,144.8275,Stop Loss,5,144.8275,163,25000,-1242.4675,23757.5325,2023-01-19,25000,24217.6,23769.35,23769.35,23757.5325,23757.5325,23757.5325,23757.5325,23757.5325,23757.5325,23757.5325,23757.5325,23757.5325,23757.5325,23757.5325,23757.5325,23757.5325,23757.5325,23757.5325,23757.5325,23757.5325,23757.5325,23757.5325,23757.5325,23757.5325,23757.5325,23757.5325,23757.5325,23757.5325,23757.5325,23757.5325,23757.5325,23757.5325,23757.5325,23757.5325,23757.5325,23757.5325,23757.5325,23757.5325,23757.5325
206,2023-02-16,155.9,ONGC.NS,2023-02-22,153.6,2023-04-25,160.65,40th Day,40,145.92,162,25000,1142.1,26142.1,2023-02-16,25000,25170.1,25226.8,25267.3,24748.9,25194.4,25072.9,25105.3,25745.2,25753.3,25437.4,25356.4,25356.4,24951.4,24829.9,24773.2,24927.1,24789.4,24667.9,24667.9,24870.4,24319.6,24457.3,23963.2,24311.5,24586.9,25008.1,24886.6,24514,25575.1,25882.9,25656.1,25834.3,26061.1,26053,26053,25899.1,25972,26077.3,26142.1
207,2023-06-14,157.85,ONGC.NS,2023-06-20,157.25,2023-08-16,179.05,40th Day,40,149.3875,158,25000,3444.4,28444.4,2023-06-14,25000,25466.1,25268.6,24944.7,24944.7,25094.8,25094.8,25481.9,25892.7,25624.1,25876.9,26287.7,25987.5,25869,26161.3,26643.2,26666.9,26896,26445.7,26524.7,26501,26572.1,27101.4,27172.5,27488.5,27480.6,27172.5,27298.9,28128.4,28073.1,27954.6,27346.3,27543.8,27480.6,27543.8,28104.7,28381.2,28152.1,28278.5,28444.4
208,2023-04-18,2432.5,PIDILITIND.NS,2023-04-24,2421.15,2023-06-19,2673.3,40th Day,40,2300.0925,10,25000,2521.5,27521.5,2023-04-18,25000,24902,24906,24680.5,24981,24986,25428,25440,25509.5,25295.5,25506,25882.5,26453,26661,26292,26230.5,26239.5,26311,26454.5,26140.5,26121.5,26055,26021,26650,26618,26730.5,26867,27304,27113,27174,27029.5,27337,27133,26938,27196,27655,27719.5,27595.5,27765.5,27521.5
209,2023-06-01,2651.55,PIDILITIND.NS,2023-06-07,2654.85,2023-08-02,2626.75,40th Day,40,2522.1075,9,25000,-252.9,24747.1,2023-06-01,25000,24816.4,24640.9,24873.1,25286.2,25344.25,25232.65,25385.65,25166.05,25212.85,25147.6,24833.05,25031.05,24784.45,24698.5,24698.5,24480.25,24249.4,24240.4,24586,24947.35,24622.9,24469,24856,24708.4,24670.15,24717.85,24862.75,25029.25,25279.9,25195.75,25071.55,24970.75,24572.95,24668.35,24531.1,24649,24640.9,24819.55,24747.1
210,2023-06-13,2686.65,PIDILITIND.NS,2023-06-19,2673.3,2023-08-10,2539.635,Stop Loss,38,2539.635,9,25000,-1202.985,23797.015,2023-06-13,25000,25046.8,24981.55,24667,24865,24618.4,24532.45,24532.45,24314.2,24083.35,24074.35,24419.95,24781.3,24456.85,24302.95,24689.95,24542.35,24504.1,24551.8,24696.7,24863.2,25113.85,25029.7,24905.5,24804.7,24406.9,24502.3,24365.05,24482.95,24474.85,24653.5,24581.05,24200.8,24428.5,24435.7,24554.5,24372.7,23797.015,23797.015,23797.015
211,2023-04-18,3153.3,PIIND.NS,2023-04-24,3112.95,2023-06-19,3854,40th Day,40,2957.3025,8,25000,5928.4,30928.4,2023-04-18,25000,24881.2,24664.8,24622,27172.4,27329.2,27502,27506.8,27642,27707.6,27777.2,27677.6,27405.6,27307.2,27062,26916.8,26640.4,26145.6,26290.8,26640.8,27098.4,27447.2,27400.4,27924.8,28098,27872,29030.8,28252.8,27950,28374.8,28792.4,29531.6,29148,29055.6,29990.8,30188,30665.6,30934,31332,30928.4
212,2023-04-28,3384.5,PIIND.NS,2023-05-05,3443.2,2023-05-18,3271.04,Stop Loss,10,3271.04,7,25000,-1205.12,23794.88,2023-04-28,25000,25057.4,25118.3,25031.15,24793.15,24707.05,24492.5,24365.45,24123.6,23794.88,23794.88,23794.88,23794.88,23794.88,23794.88,23794.88,23794.88,23794.88,23794.88,23794.88,23794.88,23794.88,23794.88,23794.88,23794.88,23794.88,23794.88,23794.88,23794.88,23794.88,23794.88,23794.88,23794.88,23794.88,23794.88,23794.88,23794.88,23794.88,23794.88,23794.88
213,2023-06-07,3679.4,PIIND.NS,2023-06-13,3761.45,2023-07-25,3573.3775,Stop Loss,30,3573.3775,6,25000,-1128.435,23871.565,2023-06-07,25000,25358.2,25559.5,25858,25555.3,25711,26266,25628.8,25275.7,25536.1,25459.6,25459.6,25961.8,25601.8,25492.6,25573.6,25555.3,25025.5,24507.1,24373.6,24388,24094.9,24219.4,24551.5,24280.3,24307,24301,24481.3,24218.5,23871.565,23871.565,23871.565,23871.565,23871.565,23871.565,23871.565,23871.565,23871.565,23871.565,23871.565
214,2023-08-02,3684.7,PIIND.NS,2023-08-08,3850.75,2023-08-25,3658.2125,Stop Loss,13,3658.2125,6,25000,-1155.225,23844.775,2023-08-02,25000,25189,25160.2,25001.5,24414.7,24821.2,24882.7,24456.7,24283.3,23962.9,24038.5,23988.7,23844.775,23844.775,23844.775,23844.775,23844.775,23844.775,23844.775,23844.775,23844.775,23844.775,23844.775,23844.775,23844.775,23844.775,23844.775,23844.775,23844.775,23844.775,23844.775,23844.775,23844.775,23844.775,23844.775,23844.775,23844.775,23844.775,23844.775,23844.775
215,2023-03-31,2331.05,RELIANCE.NS,2023-04-10,2324.85,2023-06-06,2479.35,40th Day,40,2208.6075,10,25000,1545,26545,2023-03-31,25000,25115,25218,25306.5,25426,25155,25271.5,25212,25241.5,25331.5,25512,25372.5,25522,25956.5,26162,25952.5,26231.5,26169,26470.5,26547,26717.5,26554.5,26595,26644,26289.5,26144.5,26092,26171,26301.5,26297,26154,26151,26816.5,26957.5,26951,26450.5,26384,26303.5,26524,26545
216,2023-07-03,2615.7,RELIANCE.NS,2023-07-07,2633.6,2023-07-24,2501.92,Stop Loss,12,2501.92,9,25000,-1185.12,23814.88,2023-07-03,25000,25913.05,26179.9,26207.35,25984.6,25963.9,26467.9,26681.65,26874.25,24876.25,24146.35,23814.88,23814.88,23814.88,23814.88,23814.88,23814.88,23814.88,23814.88,23814.88,23814.88,23814.88,23814.88,23814.88,23814.88,23814.88,23814.88,23814.88,23814.88,23814.88,23814.88,23814.88,23814.88,23814.88,23814.88,23814.88,23814.88,23814.88,23814.88,23814.88
217,2023-07-10,2735.05,RELIANCE.NS,2023-07-14,2740.7,2023-07-21,2603.665,Stop Loss,6,2603.665,9,25000,-1233.315,23766.685,2023-07-10,25000,25504,25717.75,25910.35,23912.35,23766.685,23766.685,23766.685,23766.685,23766.685,23766.685,23766.685,23766.685,23766.685,23766.685,23766.685,23766.685,23766.685,23766.685,23766.685,23766.685,23766.685,23766.685,23766.685,23766.685,23766.685,23766.685,23766.685,23766.685,23766.685,23766.685,23766.685,23766.685,23766.685,23766.685,23766.685,23766.685,23766.685,23766.685,23766.685
218,2023-03-31,740.2,SBICARD.NS,2023-04-10,739.5,2023-06-06,926.05,40th Day,40,702.525,33,25000,6156.15,31156.15,2023-03-31,25000,24940.6,25079.2,25635.25,25747.45,26008.15,25648.45,25470.25,25754.05,26097.25,26093.95,26211.1,26475.1,26080.75,26400.85,26557.6,26882.65,27016.3,27488.2,27679.6,27796.75,29162.95,29202.55,29997.85,29554,29616.7,29854.3,30017.65,29903.8,29895.55,29945.05,30126.55,30346,30484.6,30859.15,30855.85,30643,30771.7,30949.9,31156.15
219,2023-05-04,796.55,SBICARD.NS,2023-05-10,824.25,2023-07-05,836.45,40th Day,40,783.0375,30,25000,366,25366,2023-05-04,25000,26242,26278,27001,26597.5,26654.5,26870.5,27019,26915.5,26908,26953,27118,27317.5,27443.5,27784,27781,27587.5,27704.5,27866.5,28054,28103.5,27727,28046.5,28007.5,28060,27919,27653.5,27659.5,27436,27086.5,26846.5,26681.5,25985.5,25618,26099.5,26099.5,25688.5,25549,25439.5,25366
220,2023-05-11,865.65,SBICARD.NS,2023-05-17,879.4,2023-07-11,835.43,Stop Loss,39,835.43,28,25000,-1231.16,23768.84,2023-05-11,25000,25201.6,25340.2,25243.6,25236.6,25278.6,25432.6,25618.8,25736.4,26054.2,26051.4,25870.8,25980,26131.2,26306.2,26352.4,26001,26299.2,26262.8,26311.8,26180.2,25932.4,25938,25729.4,25403.2,25179.2,25025.2,24375.6,24032.6,24482,24482,24098.4,23968.2,23866,23797.4,23919.2,23804.4,23780.6,23768.84,23768.84
221,2023-05-30,917.05,SBICARD.NS,2023-06-05,919.8,2023-06-23,873.81,Stop Loss,15,873.81,27,25000,-1241.73,23758.27,2023-05-30,25000,25168.75,25213.3,24874.45,25162,25126.9,25174.15,25047.25,24808.3,24813.7,24612.55,24298,24082,23933.5,23758.27,23758.27,23758.27,23758.27,23758.27,23758.27,23758.27,23758.27,23758.27,23758.27,23758.27,23758.27,23758.27,23758.27,23758.27,23758.27,23758.27,23758.27,23758.27,23758.27,23758.27,23758.27,23758.27,23758.27,23758.27,23758.27
222,2023-01-12,1315.7,SBILIFE.NS,2023-01-18,1310.65,2023-01-30,1245.1175,Stop Loss,8,1245.1175,19,25000,-1245.1175,23754.8825,2023-01-12,25000,25236.55,24723.55,24710.25,24289.4,23989.2,23852.4,23754.8825,23754.8825,23754.8825,23754.8825,23754.8825,23754.8825,23754.8825,23754.8825,23754.8825,23754.8825,23754.8825,23754.8825,23754.8825,23754.8825,23754.8825,23754.8825,23754.8825,23754.8825,23754.8825,23754.8825,23754.8825,23754.8825,23754.8825,23754.8825,23754.8825,23754.8825,23754.8825,23754.8825,23754.8825,23754.8825,23754.8825,23754.8825,23754.8825
223,2023-06-07,1245.8,SBILIFE.NS,2023-06-13,1243.3,2023-08-08,1349.35,40th Day,40,1181.135,20,25000,2121,27121,2023-06-07,25000,24980,24956,25761,25744,26041,26033,25664,25388,25461,25862,25862,26272,26093,25919,25965,25993,26014,26000,26034,26146,26413,26540,26424,26425,26343,26415,25948,26477,26156,25987,26064,25929,25777,25733,25379,25209,25492,26185,27121
224,2023-06-16,1281.35,SBILIFE.NS,2023-06-22,1276.5,2023-08-18,1282.45,40th Day,40,1212.675,19,25000,113.05,25113.05,2023-06-16,25000,24737.8,24807.15,25188.1,25188.1,25577.6,25407.55,25242.25,25285.95,25312.55,25332.5,25319.2,25351.5,25457.9,25711.55,25832.2,25722,25722.95,25645.05,25713.45,25269.8,25772.35,25467.4,25306.85,25380,25251.75,25107.35,25065.55,24729.25,24567.75,24836.6,25494.95,26384.15,26384.15,26099.15,25665,25391.4,25281.2,25151.05,25113.05
225,2023-03-31,523.75,SBIN.NS,2023-04-10,526.3,2023-06-06,585.35,40th Day,40,499.985,47,25000,2775.35,27775.35,2023-03-31,25000,25272.6,25089.3,25312.55,25831.9,25918.85,25658,25869.5,25791.95,26330.1,26668.5,26882.35,26807.15,27444,27303,27077.4,27523.9,27359.4,27693.1,27218.4,27157.3,27216.05,27436.95,27613.2,27820,27820,27251.3,27295.95,27389.95,27599.1,27650.8,27582.65,27805.9,28228.9,28125.5,27516.85,27653.15,27862.3,27862.3,27775.35
226,2023-07-03,585.45,SBIN.NS,2023-07-07,593.6,2023-08-14,563.92,Stop Loss,27,563.92,42,25000,-1246.56,23753.44,2023-07-03,25000,24958,24787.9,24817.3,24666.1,24613.6,25315,24947.5,25329.7,25690.9,25903,26010.1,25672,25905.1,25963.9,25942.9,26117.2,25766.5,25203.7,24869.8,24147.4,23920.6,24139,24166.3,24162.1,24183.1,23753.44,23753.44,23753.44,23753.44,23753.44,23753.44,23753.44,23753.44,23753.44,23753.44,23753.44,23753.44,23753.44,23753.44
227,2023-07-19,601.45,SBIN.NS,2023-07-25,609.6,2023-08-04,579.12,Stop Loss,9,579.12,41,25000,-1249.68,23750.32,2023-07-19,25000,25227.55,25284.95,25264.45,25434.6,25092.25,24542.85,24216.9,23750.32,23750.32,23750.32,23750.32,23750.32,23750.32,23750.32,23750.32,23750.32,23750.32,23750.32,23750.32,23750.32,23750.32,23750.32,23750.32,23750.32,23750.32,23750.32,23750.32,23750.32,23750.32,23750.32,23750.32,23750.32,23750.32,23750.32,23750.32,23750.32,23750.32,23750.32,23750.32
228,2023-03-31,26186.95,SHREECEM.NS,2023-04-10,26000.75,2023-04-20,24700.7125,Stop Loss,8,24700.7125,0,25000,0,25000,2023-03-31,25000,25000,25000,25000,25000,25000,25000,25000,25000,25000,25000,25000,25000,25000,25000,25000,25000,25000,25000,25000,25000,25000,25000,25000,25000,25000,25000,25000,25000,25000,25000,25000,25000,25000,25000,25000,25000,25000,25000,25000
229,2023-04-06,1303.85,SHRIRAMFIN.NS,2023-04-13,1296.6,2023-06-09,1417.2,40th Day,40,1231.77,19,25000,2291.4,27291.4,2023-04-06,25000,25470.25,25809.4,26329.05,25812.25,26182.75,26824,27586.85,27081.45,27070.05,25684,25545.3,25426.55,25590.9,25422.75,25974.7,25981.35,26072.55,26286.3,26009.85,25836,25608,25904.4,25940.5,25811.3,25431.3,26267.3,26387.95,26496.25,26653,27131.8,27283.8,26959.85,27159.35,27218.25,26982.65,27133.7,27123.25,27172.65,27291.4
230,2023-02-07,3118.05,SIEMENS.NS,2023-02-13,3129.4,2023-04-13,3326.5,40th Day,40,2972.93,7,25000,1379.7,26379.7,2023-02-07,25000,24968.85,25700,25653.1,25458.85,25472.85,26153.6,25854.7,25893.2,25819.7,25507.5,25820.4,25894.25,25018.55,25239.4,25649.25,26106.35,26189.3,26257.55,25983.85,25864.5,26058.4,25940.8,26127,26139.95,26286.25,26246,26368.85,26428.35,26122.45,26003.1,26375.15,26384.25,26563.45,26552.25,26613.15,26779.4,26520.4,26436.75,26379.7
231,2023-03-08,3287.45,SIEMENS.NS,2023-03-14,3252.9,2023-05-15,3833.4,40th Day,40,3090.255,7,25000,4063.5,29063.5,2023-03-08,25000,25193.9,25076.3,25262.5,25275.45,25421.75,25381.5,25504.35,25563.85,25257.95,25138.6,25510.65,25519.75,25698.95,25687.75,25748.65,25914.9,25655.9,25572.25,25515.2,25607.25,25439.95,25061.95,25128.8,24975.85,25109.9,25549.15,26363.25,26305.85,26376.9,26730.4,27016,27278.15,27670.85,28057.95,27881.9,28230.85,28809.05,29467.05,29063.5
232,2023-04-26,3447.65,SIEMENS.NS,2023-05-03,3540.9,2023-06-27,3706.2,40th Day,40,3363.855,7,25000,1157.1,26157.1,2023-04-26,25000,25262.15,25654.85,26041.95,25865.9,26214.85,26793.05,27451.05,27047.5,27317.7,27452.1,27039.45,26272.6,24011.6,24087.9,24230.7,24624.45,24849.5,24802.6,25131.6,25075.25,24953.8,25082.25,24867.7,25317.45,25791,25829.85,25823.55,25822.5,26354.5,26556.1,26475.6,26765.4,26867.6,27019.5,26829.45,26035.65,25943.6,26109.15,26157.1
233,2023-06-07,3653.9,SIEMENS.NS,2023-06-13,3734.4,2023-08-08,3779.35,40th Day,40,3547.68,6,25000,269.7,25269.7,2023-06-07,25000,25172.8,25103.8,25352.2,25439.8,25570,25407.1,24726.7,24647.8,24789.7,24830.8,24830.8,25192.3,24958.3,24812.8,24853.6,24978.1,24736.3,24478.3,25193.2,25566.7,24963.7,24732.4,24806.2,24803.5,24855.7,24406,24277.3,24763,24750.1,25173.4,25105.6,25739.8,26491.6,25939.3,25507.6,25363.3,25249.6,25598.2,25269.7
234,2023-04-21,2477,SRF.NS,2023-04-27,2495.5,2023-06-12,2370.725,Stop Loss,32,2370.725,10,25000,-1247.75,23752.25,2023-04-21,25000,25447.5,25552.5,25732.5,25568,25342,25506.5,25919,25757.5,25654.5,25572.5,25355,25471.5,24758.5,24331,24408,24631,24753,24544,24780.5,25199,25388.5,25336,25242.5,24830.5,25171,25367,25376,25718.5,25184.5,24342,23752.25,23752.25,23752.25,23752.25,23752.25,23752.25,23752.25,23752.25,23752.25
235,2023-04-28,2540.25,SRF.NS,2023-05-05,2529.7,2023-06-12,2403.215,Stop Loss,27,2403.215,9,25000,-1138.365,23861.635,2023-04-28,25000,25148.05,25519.3,25373.95,25281.25,25207.45,25011.7,25116.55,24474.85,24090.1,24159.4,24360.1,24469.9,24281.8,24494.65,24871.3,25041.85,24994.6,24910.45,24539.65,24846.1,25022.5,25030.6,25338.85,24858.25,24100,23861.635,23861.635,23861.635,23861.635,23861.635,23861.635,23861.635,23861.635,23861.635,23861.635,23861.635,23861.635,23861.635,23861.635
236,2023-04-06,1012.1,SUNPHARMA.NS,2023-04-13,1003.5,2023-05-15,953.325,Stop Loss,21,953.325,24,25000,-1204.2,23795.8,2023-04-06,25000,24884.8,25031.2,24808,24622,24662.8,24415.6,24256,24226,24404.8,24619.6,24269.2,24042.4,24292,24206.8,24000.4,23894.8,23807.2,23981.2,23860,23795.8,23795.8,23795.8,23795.8,23795.8,23795.8,23795.8,23795.8,23795.8,23795.8,23795.8,23795.8,23795.8,23795.8,23795.8,23795.8,23795.8,23795.8,23795.8,23795.8
237,2023-05-26,969.9,SUNPHARMA.NS,2023-06-01,987.7,2023-07-27,1134.95,40th Day,40,938.315,25,25000,3681.25,28681.25,2023-05-26,25000,25297.5,25526.25,25652.5,25672.5,24982.5,24906.25,24943.75,25010,24975,25017.5,25107.5,25352.5,25106.25,25105,25065,25093.75,25181.25,25352.5,25352.5,26597.5,26125,26527.5,26425,26370,26200,26432.5,27113.75,27276.25,27198.75,27131.25,27247.5,26986.25,27353.75,27748.75,27736.25,27817.5,27683.75,28107.5,28681.25
238,2023-06-30,1051.6,SUNPHARMA.NS,2023-07-06,1042.5,2023-08-31,1111.6,40th Day,40,990.375,23,25000,1589.3,26589.3,2023-06-30,25000,24843.6,25057.5,25684.25,25833.75,25762.45,25700.35,25807.3,25566.95,25905.05,26268.45,26256.95,26331.7,26208.65,26598.5,27126.35,27209.15,27320.7,27321.85,27133.25,27265.5,27218.35,27720.9,27441.45,27536.9,27479.4,27066.55,27110.25,27326.45,27352.9,27125.2,27182.7,27186.15,26867.6,26743.4,26467.4,26713.5,26589.3,26665.2,26589.3
239,2023-04-24,732.55,TATACONSUM.NS,2023-04-28,763.85,2023-06-23,840.85,40th Day,40,725.6575,32,25000,2464,27464,2023-04-24,25000,25504,25561.6,25372.8,25396.8,25801.6,25804.8,25873.6,25819.2,25806.4,25739.2,25716.8,25460.8,25398.4,25051.2,25072,25198.4,25233.6,25526.4,25827.2,25972.8,25865.6,26113.6,25953.6,26030.4,25915.2,25904,26896,26384,26188.8,26180.8,26793.6,28156.8,28236.8,28164.8,27980.8,28041.6,28081.6,27497.6,27464
240,2023-05-26,789.7,TATACONSUM.NS,2023-06-01,793.65,2023-07-27,850.05,40th Day,40,753.9675,31,25000,1748.4,26748.4,2023-05-26,25000,25074.4,24962.8,24951.95,25912.95,25416.95,25227.85,25220.1,25813.75,27134.35,27211.85,27142.1,26963.85,27022.75,27061.5,26495.75,26463.2,27135.9,26877.05,26877.05,27084.75,27021.2,26918.9,26619.75,26593.4,26227.6,25992,26446.15,26537.6,26354.7,26793.35,26827.45,27016.55,27070.8,27462.95,26819.7,27152.95,27321.9,27487.75,26748.4
241,2023-06-14,862.5,TATACONSUM.NS,2023-06-20,858.9,2023-08-16,840.7,40th Day,40,815.955,29,25000,-527.8,24472.2,2023-06-14,25000,25036.25,24507,24476.55,25105.85,24863.7,24863.7,25058,24998.55,24902.85,24623,24598.35,24256.15,24035.75,24460.6,24546.15,24375.05,24785.4,24817.3,24994.2,25044.95,25411.8,24810.05,25121.8,25279.85,25435,24743.35,25013.05,25011.6,24937.65,24540.35,24318.5,24301.1,24388.1,24667.95,25037.7,24757.85,24362,24588.2,24472.2
242,2023-01-10,412.9,TATAMOTORS.NS,2023-01-16,413,2023-03-14,416.65,40th Day,40,392.35,60,25000,219,25219,2023-01-10,25000,25138,24724,24265,24409,24724,25549,25363,26956,26839,27346,27019,26908,26947,26740,26347,26626,26425,26971,26683,26653,26869,26716,26614,26800,26410,25987,26212,25885,25297,25462,25780,25447,25900,26626,26578,26152,26371,25564,25219
243,2023-01-24,422.15,TATAMOTORS.NS,2023-01-31,452.1,2023-02-22,429.495,Stop Loss,17,429.495,55,25000,-1243.275,23756.725,2023-01-24,25000,24700.25,24598.5,24634.25,24444.5,24084.25,24340,24155.75,24656.25,24392.25,24364.75,24562.75,24422.5,24329,24499.5,24142,23756.725,23756.725,23756.725,23756.725,23756.725,23756.725,23756.725,23756.725,23756.725,23756.725,23756.725,23756.725,23756.725,23756.725,23756.725,23756.725,23756.725,23756.725,23756.725,23756.725,23756.725,23756.725,23756.725,23756.725
244,2023-04-06,437.65,TATAMOTORS.NS,2023-04-13,469.5,2023-06-09,562.3,40th Day,40,446.025,53,25000,4918.4,29918.4,2023-04-06,25000,25140.45,25185.5,24994.7,25386.9,25090.1,25302.1,25214.65,25461.1,25641.3,25818.85,25569.75,25752.6,25598.9,25402.8,26643,26809.95,27120,27231.3,27461.85,28251.55,27737.45,27438,27064.35,27938.85,27809,28127,27687.1,27403.55,27594.35,27753.35,27612.9,28010.4,28482.1,28519.2,29067.75,29571.25,30217.85,29780.6,29918.4
245,2023-05-08,500.5,TATAMOTORS.NS,2023-05-12,515.95,2023-07-07,618.2,40th Day,40,490.1525,48,25000,4908,29908,2023-05-08,25000,25715.2,25249.6,24978.4,24640,25432,25314.4,25602.4,25204,24947.2,25120,25264,25136.8,25496.8,25924,25957.6,26454.4,26910.4,27496,27100,27224.8,27313.6,27220,27608.8,27520,27584.8,27404.8,28230.4,28141.6,27563.2,27097.6,27491.2,27743.2,27743.2,28820.8,28592.8,28624,28470.4,29072.8,29908
246,2023-06-01,535.2,TATAMOTORS.NS,2023-06-07,567.95,2023-08-02,622.65,40th Day,40,539.5525,44,25000,2406.8,27406.8,2023-06-01,25000,24637,24751.4,24832.8,24747,25103.4,25022,25081.4,24916.4,25673.2,25591.8,25061.6,24634.8,24995.6,25226.6,25226.6,26214.4,26005.4,26034,25893.2,26445.4,27211,27230.8,27664.2,27354,27318.8,27505.8,27224.2,26942.6,27316.6,27362.8,27543.2,27697.2,28146,28218.6,28333,27963.4,28359.4,28330.8,27406.8
247,2023-06-30,595.55,TATAMOTORS.NS,2023-07-06,600.8,2023-08-31,601,40th Day,40,570.76,41,25000,8.2,25008.2,2023-06-30,25000,25713.4,25731.85,26135.7,25846.65,25813.85,25988.1,25725.7,25463.3,25811.8,25854.85,26022.95,26166.45,26584.65,26652.3,26758.9,26414.5,26783.5,26756.85,25895.85,25744.15,25582.2,25356.7,25266.5,25891.75,25715.45,25451,25268.55,25735.95,25530.95,25615,25807.7,25795.4,25537.1,25416.15,25176.3,25065.6,25260.35,25194.75,25008.2
248,2023-06-08,220.65,TATAPOWER.NS,2023-06-14,224.15,2023-08-09,234.9,40th Day,40,212.9425,111,25000,1193.25,26193.25,2023-06-08,25000,24605.95,24789.1,24889,25088.8,25016.65,24661.45,24350.65,24383.95,24456.1,24456.1,24744.7,24750.25,24611.5,24728.05,25604.95,25427.35,25094.35,25149.85,25238.65,24744.7,24655.9,24927.85,24705.85,24483.85,24334,24250.75,24245.2,24478.3,24705.85,24639.25,26165.5,26393.05,27247.75,26287.6,26254.3,26276.5,25960.15,26082.25,26193.25
249,2023-04-11,107.55,TATASTEEL.NS,2023-04-18,107.6,2023-06-13,111.15,40th Day,40,102.22,232,25000,823.6,25823.6,2023-04-11,25000,25116,25092.8,24663.6,24744.8,24872.4,24826,25011.6,25081.2,25626.4,25487.2,25800.4,25243.6,25452.4,25452.4,25382.8,25220.4,24802.8,25023.2,24953.6,24628.8,24443.2,24315.6,24396.8,24536,24443.2,24362,24721.6,25197.2,24872.4,24582.4,24617.2,25092.8,25417.6,25324.8,25904.8,25823.6,25301.6,25440.8,25823.6
250,2023-06-14,113.8,TATASTEEL.NS,2023-06-20,114.25,2023-08-16,115.95,40th Day,40,108.5375,218,25000,370.6,25370.6,2023-06-14,25000,24923.7,24313.3,23986.3,24040.8,24237,24237,24509.5,24749.3,24596.7,24716.6,24651.2,24422.3,25228.9,25196.2,25098.1,25130.8,25632.2,25763,25512.3,25534.1,25588.6,25512.3,25272.5,26090,26242.6,26209.9,26384.3,26940.2,26951.1,26024.6,25861.1,26035.5,26002.8,25850.2,26297.1,26253.5,26318.9,25850.2,25370.6
251,2023-01-11,3328.7,TCS.NS,2023-01-17,3378.4,2023-03-15,3198.9,40th Day,40,3209.48,7,25000,-1256.5,23743.5,2023-01-11,25000,25081.2,24962.9,24892.9,25255.5,25405.3,25359.45,25228.55,25386.75,24862.1,25209.65,25574,25727.3,25570.85,25659.05,25991.9,26137.15,26114.05,25728,25851.9,25995.75,26257.55,25859.25,25762.3,25508.2,25162.05,25247.8,25154.35,24674.15,24541.15,25051.1,24601.35,24746.25,24954.15,25084,24709.15,24668.2,24324.85,23855.85,23743.5
252,2023-03-31,3205.9,TCS.NS,2023-04-10,3263.4,2023-04-19,3100.23,Stop Loss,7,3100.23,7,25000,-1142.19,23857.81,2023-03-31,25000,24652.8,24847.75,24478.15,24132.7,24071.45,23857.81,23857.81,23857.81,23857.81,23857.81,23857.81,23857.81,23857.81,23857.81,23857.81,23857.81,23857.81,23857.81,23857.81,23857.81,23857.81,23857.81,23857.81,23857.81,23857.81,23857.81,23857.81,23857.81,23857.81,23857.81,23857.81,23857.81,23857.81,23857.81,23857.81,23857.81,23857.81,23857.81,23857.81
253,2023-01-16,1034.45,TECHM.NS,2023-01-20,1046.5,2023-03-20,1109,40th Day,40,994.175,23,25000,1437.5,26437.5,2023-01-16,25000,25432.4,25554.3,25106.95,24622.8,24760.8,24275.5,24476.75,24313.45,24190.4,24053.55,23986.85,24184.65,24298.5,24329.55,23988,24207.65,25572.7,26926.25,26902.1,27247.1,27022.85,26821.6,26892.9,26667.5,26551.35,26236.25,26849.2,26455.9,25888.95,26001.65,25731.4,25310.5,25339.25,27007.9,26582.4,26561.7,26638.75,26854.95,26437.5
254,2023-02-15,1071.4,TECHM.NS,2023-02-21,1134.45,2023-03-09,1077.7275,Stop Loss,12,1077.7275,22,25000,-1247.895,23752.105,2023-02-15,25000,24807.5,24875.7,24660.1,24549,24247.6,24833.9,24457.7,23915.4,24023.2,23764.7,23752.105,23752.105,23752.105,23752.105,23752.105,23752.105,23752.105,23752.105,23752.105,23752.105,23752.105,23752.105,23752.105,23752.105,23752.105,23752.105,23752.105,23752.105,23752.105,23752.105,23752.105,23752.105,23752.105,23752.105,23752.105,23752.105,23752.105,23752.105,23752.105
255,2023-03-13,1133.8,TECHM.NS,2023-03-17,1127.15,2023-03-28,1070.7925,Stop Loss,8,1070.7925,22,25000,-1239.865,23760.135,2023-03-13,25000,24600.7,24307,24393.9,24390.6,24445.6,24468.7,23760.135,23760.135,23760.135,23760.135,23760.135,23760.135,23760.135,23760.135,23760.135,23760.135,23760.135,23760.135,23760.135,23760.135,23760.135,23760.135,23760.135,23760.135,23760.135,23760.135,23760.135,23760.135,23760.135,23760.135,23760.135,23760.135,23760.135,23760.135,23760.135,23760.135,23760.135,23760.135,23760.135
256,2023-05-19,1072.15,TECHM.NS,2023-05-25,1098.1,2023-07-20,1252.95,40th Day,40,1043.195,22,25000,3406.7,28406.7,2023-05-19,25000,25366.3,25350.9,25006.6,25383.9,25499.4,25550,25247.5,24739.3,24947.2,24410.4,24228.9,24486.3,24588.6,24549,24634.8,24540.2,24901,25203.5,25479.6,25460.9,25382.8,25303.6,25475.2,25475.2,25720.5,25513.7,26097.8,26691.8,26785.3,26273.8,26079.1,26393.7,26348.6,26697.3,27872.1,28174.6,28287.9,28225.2,28406.7
257,2023-07-14,1228.65,TECHM.NS,2023-07-20,1252.95,2023-07-24,1190.3025,Stop Loss,3,1190.3025,19,25000,-1190.3025,23809.6975,2023-07-14,25000,23900.85,23809.6975,23809.6975,23809.6975,23809.6975,23809.6975,23809.6975,23809.6975,23809.6975,23809.6975,23809.6975,23809.6975,23809.6975,23809.6975,23809.6975,23809.6975,23809.6975,23809.6975,23809.6975,23809.6975,23809.6975,23809.6975,23809.6975,23809.6975,23809.6975,23809.6975,23809.6975,23809.6975,23809.6975,23809.6975,23809.6975,23809.6975,23809.6975,23809.6975,23809.6975,23809.6975,23809.6975,23809.6975,23809.6975
258,2023-02-24,2551.05,TIINDIA.NS,2023-03-02,2811.6,2023-03-16,2671.02,Stop Loss,10,2671.02,8,25000,-1124.64,23875.36,2023-02-24,25000,24163.6,24616,24858.4,24497.6,24121.2,24147.2,24156.8,23953.2,23875.36,23875.36,23875.36,23875.36,23875.36,23875.36,23875.36,23875.36,23875.36,23875.36,23875.36,23875.36,23875.36,23875.36,23875.36,23875.36,23875.36,23875.36,23875.36,23875.36,23875.36,23875.36,23875.36,23875.36,23875.36,23875.36,23875.36,23875.36,23875.36,23875.36,23875.36
259,2023-05-29,2865.15,TIINDIA.NS,2023-06-02,2884.2,2023-07-28,3098.45,40th Day,40,2739.99,8,25000,1714,26714,2023-05-29,25000,25057.2,25119.6,25126,24851.2,24714,24646.4,24304,24600,25754.4,25836,25684.8,26088,27298.8,27690,27238.8,27492,27000,27000,27325.6,27381.6,27279.6,27180.4,27557.6,27413.2,27054.8,27688.8,28186.4,27757.6,28224.4,28047.6,27934.8,27480,27245.2,27681.2,27320.4,26977.6,26850.4,26908.8,26714
260,2023-06-15,2978.5,TIINDIA.NS,2023-06-21,3171.55,2023-08-08,3012.9725,Stop Loss,34,3012.9725,7,25000,-1110.0425,23889.9575,2023-06-15,25000,25342.3,24947.5,25169.05,24738.55,24738.55,25023.45,25072.45,24983.2,24896.4,25226.45,25100.1,24786.5,25341.25,25776.65,25401.45,25809.9,25655.2,25556.5,25158.55,24953.1,25334.6,25018.9,24718.95,24607.65,24658.75,24488.3,24353.55,24217.4,24130.95,24193.95,24516.3,24237,23889.9575,23889.9575,23889.9575,23889.9575,23889.9575,23889.9575,23889.9575
261,2023-06-21,3171.55,TIINDIA.NS,2023-06-27,3134.2,2023-08-09,2977.49,Stop Loss,31,2977.49,7,25000,-1096.97,23903.03,2023-06-21,25000,25000,25284.9,25333.9,25244.65,25157.85,25487.9,25361.55,25047.95,25602.7,26038.1,25662.9,26071.35,25916.65,25817.95,25420,25214.55,25596.05,25280.35,24980.4,24869.1,24920.2,24749.75,24615,24478.85,24392.4,24455.4,24777.75,24498.45,24088.95,23903.03,23903.03,23903.03,23903.03,23903.03,23903.03,23903.03,23903.03,23903.03,23903.03
262,2023-02-03,2463.1,TITAN.NS,2023-02-09,2462.55,2023-03-13,2339.4225,Stop Loss,22,2339.4225,10,25000,-1231.275,23768.725,2023-02-03,25000,25059.5,25565,25443.5,25617.5,25598.5,25377.5,25116,25010.5,24690,24319.5,24365.5,24384.5,24102.5,24198.5,23964,24335.5,24409,24345.5,24057,24129.5,23768.725,23768.725,23768.725,23768.725,23768.725,23768.725,23768.725,23768.725,23768.725,23768.725,23768.725,23768.725,23768.725,23768.725,23768.725,23768.725,23768.725,23768.725,23768.725
263,2023-02-13,2519.05,TITAN.NS,2023-02-17,2500.3,2023-02-28,2375.285,Stop Loss,8,2375.285,9,25000,-1125.135,23874.865,2023-02-13,25000,24764.65,24669.7,24381.25,24047.8,24089.2,24106.3,23874.865,23874.865,23874.865,23874.865,23874.865,23874.865,23874.865,23874.865,23874.865,23874.865,23874.865,23874.865,23874.865,23874.865,23874.865,23874.865,23874.865,23874.865,23874.865,23874.865,23874.865,23874.865,23874.865,23874.865,23874.865,23874.865,23874.865,23874.865,23874.865,23874.865,23874.865,23874.865,23874.865
264,2023-03-16,2450.35,TITAN.NS,2023-03-22,2508.15,2023-05-23,2683.45,40th Day,40,2382.7425,9,25000,1577.7,26577.7,2023-03-16,25000,25098.1,24866.8,24876.25,24929.35,25062.1,25060.75,25263.25,25580.95,25362.7,25679.95,25647.1,25717.75,25697.5,25877.05,25625.95,25550.35,25639.9,25541.35,26092.6,26125.45,26195.65,26397.7,26203.3,26401.3,26313.1,26460.25,27022.75,27187.9,27162.25,27135.7,27247.3,27385.45,27442.6,27538.9,27288.25,26923.3,26741.5,26839.6,26577.7
265,2023-04-05,2572.7,TITAN.NS,2023-04-12,2587.9,2023-06-08,2877,40th Day,40,2458.505,9,25000,2601.9,27601.9,2023-04-05,25000,24979.75,25159.3,24908.2,24832.6,24922.15,24823.6,25374.85,25407.7,25477.9,25679.95,25485.55,25683.55,25595.35,25742.5,26305,26470.15,26444.5,26417.95,26529.55,26667.7,26724.85,26821.15,26570.5,26205.55,26023.75,26121.85,25859.95,26074.15,26080.45,26388.25,27019.15,26931.4,27118.15,27154.15,27463.75,27410.2,27641.95,27871.45,27601.9
266,2023-05-05,2732.9,TITAN.NS,2023-05-11,2757.85,2023-07-06,3106.4,40th Day,40,2619.9575,9,25000,3136.95,28136.95,2023-05-05,25000,25138.15,25195.3,25291.6,25040.95,24676,24494.2,24592.3,24330.4,24544.6,24550.9,24858.7,25489.6,25401.85,25588.6,25624.6,25934.2,25880.65,26112.4,26341.9,26072.35,26065.6,25852.75,26391.85,26342.8,26351.35,26768.05,26896.75,26945.35,26919.25,26911.6,26631.7,26932.75,26960.65,26960.65,27608.2,27524.05,27851.2,28078,28136.95
267,2023-05-29,2812.25,TITAN.NS,2023-06-02,2861.65,2023-07-28,2987,40th Day,40,2718.5675,8,25000,1002.8,26002.8,2023-05-29,25000,24952.4,25158.4,25362.4,25122.8,25116.8,24927.6,25406.8,25363.2,25370.8,25741.2,25855.6,25898.8,25875.6,25868.8,25620,25887.6,25912.4,25912.4,26488,26413.2,26704,26905.6,26958,27258.8,26471.2,26807.6,26878.8,26784.8,26551.2,26374.4,26078.4,26072,26021.2,25917.2,25940.4,26338.8,26173.6,26123.6,26002.8
268,2023-06-16,2954.3,TITAN.NS,2023-06-22,2970.25,2023-08-18,3050.45,40th Day,40,2821.7375,8,25000,641.6,25641.6,2023-06-16,25000,24751.2,25018.8,25043.6,25043.6,25619.2,25544.4,25835.2,26036.8,26089.2,26390,25602.4,25938.8,26010,25916,25682.4,25505.6,25209.6,25203.2,25152.4,25048.4,25071.6,25470,25304.8,25254.8,25134,25270.4,25253.2,25055.2,24454.8,24473.2,24474.8,24608,24885.2,25146.4,25376,25323.2,25326.8,25812,25641.6
269,2023-06-30,3047.65,TITAN.NS,2023-07-06,3106.4,2023-08-03,2951.08,Stop Loss,21,2951.08,8,25000,-1242.56,23757.44,2023-06-30,25000,25300.8,24513.2,24849.6,24920.8,24826.8,24593.2,24416.4,24120.4,24114,24063.2,23959.2,23982.4,24380.8,24215.6,24165.6,24044.8,24181.2,24164,23966,23757.44,23757.44,23757.44,23757.44,23757.44,23757.44,23757.44,23757.44,23757.44,23757.44,23757.44,23757.44,23757.44,23757.44,23757.44,23757.44,23757.44,23757.44,23757.44,23757.44
270,2023-04-28,1652.3,TORNTPHARM.NS,2023-05-05,1649.75,2023-07-03,1890.9,40th Day,40,1567.2625,15,25000,3617.25,28617.25,2023-04-28,25000,25265.5,25015,25211.5,25086.25,25008.25,25244.5,24596.5,25095.25,25004.5,25182.25,25301.5,25620.25,25604.5,25774,25757.5,25843,25957,27790.75,26875.75,26915.5,26882.5,27075.25,27284.5,27220.75,27343,27349,27496,27726.25,27841.75,28126.75,28120,28154.5,28186.75,28193.5,28199.5,28270,28439.5,28828,28617.25
271,2023-05-25,1701.35,TORNTPHARM.NS,2023-05-31,1835.8,2023-07-27,1992,40th Day,40,1744.01,13,25000,2030.6,27030.6,2023-05-25,25000,24207,24241.45,24212.85,24379.9,24561.25,24506,24611.95,24617.15,24744.55,24944.1,25044.2,25291.2,25285.35,25315.25,25343.2,25349.05,25354.25,25415.35,25562.25,25898.95,25716.3,25545.35,25652.6,25826.8,25863.85,25989.95,26375.4,26224.6,26229.15,26422.2,26391,26205.1,26153.75,26229.15,26338.35,26367.6,26777.1,26755,27030.6
272,2023-05-31,1835.8,TORNTPHARM.NS,2023-06-06,1788.1,2023-08-02,1965.8,40th Day,40,1698.695,13,25000,2310.1,27310.1,2023-05-31,25000,25181.35,25126.1,25232.05,25237.25,25364.65,25564.2,25664.3,25911.3,25905.45,25935.35,25963.3,25969.15,25974.35,26035.45,26182.35,26519.05,26336.4,26165.45,26272.7,26446.9,26483.95,26610.05,26995.5,26844.7,26849.25,27042.3,27011.1,26825.2,26773.85,26849.25,26958.45,26987.7,27397.2,27375.1,27650.7,27628.6,27791.75,27540.2,27310.1
273,2023-02-03,1235.65,TRENT.NS,2023-02-09,1341.9,2023-04-11,1354.15,40th Day,40,1274.805,18,25000,220.5,25220.5,2023-02-03,25000,24764.2,24361.9,24616.6,25099.9,25381.6,25337.5,25035.1,24931.6,25035.1,24753.4,24345.7,24045.1,23852.5,24092.8,23974.9,24334,24703,25011.7,24875.8,24983.8,24679.6,24926.2,24628.3,24900.1,25257.4,25045.9,24633.7,24776.8,25058.5,24426.7,24757.9,24086.5,24891.1,25594.9,25279,25412.2,25456.3,25302.4,25220.5
274,2023-02-09,1341.9,TRENT.NS,2023-02-15,1347.45,2023-02-28,1280.0775,Stop Loss,10,1280.0775,18,25000,-1212.705,23787.295,2023-02-09,25000,25281.7,25237.6,24935.2,24831.7,24935.2,24653.5,24245.8,23945.2,23787.295,23787.295,23787.295,23787.295,23787.295,23787.295,23787.295,23787.295,23787.295,23787.295,23787.295,23787.295,23787.295,23787.295,23787.295,23787.295,23787.295,23787.295,23787.295,23787.295,23787.295,23787.295,23787.295,23787.295,23787.295,23787.295,23787.295,23787.295,23787.295,23787.295,23787.295
275,2023-03-31,1374.95,TRENT.NS,2023-04-10,1358.7,2023-06-06,1602.65,40th Day,40,1290.765,18,25000,4391.1,29391.1,2023-03-31,25000,24918.1,25081.9,25055.8,25082.8,25043.2,25012.6,25630,25443.7,25455.4,25406.8,25266.4,25424.8,25162.9,25860.4,25566.1,25832.5,26045.8,26130.4,26336.5,26475.1,27028.6,27294.1,27746.8,27547,27643.3,27376,27419.2,27475.9,27609.1,27516.4,27817.9,28087,28225.6,28593.7,28631.5,28666.6,29294.8,29326.3,29391.1
276,2023-05-05,1416.8,TRENT.NS,2023-05-11,1471.4,2023-07-06,1754.3,40th Day,40,1397.83,16,25000,4526.4,29526.4,2023-05-05,25000,25236,25638.4,25460.8,25546.4,25308.8,25347.2,25397.6,25516,25433.6,25701.6,25940.8,26064,26391.2,26424.8,26456,27014.4,27042.4,27100,27103.2,26875.2,27032,26983.2,28428,28836.8,28418.4,28885.6,28792.8,28968.8,28670.4,28828.8,29056.8,29516,29343.2,29343.2,29684,29482.4,29239.2,29164.8,29526.4
277,2023-05-11,1471.4,TRENT.NS,2023-05-17,1505.55,2023-07-12,1687.95,40th Day,40,1430.2725,16,25000,2918.4,27918.4,2023-05-11,25000,24762.4,24800.8,24851.2,24969.6,24887.2,25155.2,25394.4,25517.6,25844.8,25878.4,25909.6,26468,26496,26553.6,26556.8,26328.8,26485.6,26436.8,27881.6,28290.4,27872,28339.2,28246.4,28422.4,28124,28282.4,28510.4,28969.6,28796.8,28796.8,29137.6,28936,28692.8,28618.4,28980,28156.8,27737.6,28000,27918.4
278,2023-06-13,1685.65,TRENT.NS,2023-06-19,1708.45,2023-08-14,1929.6,40th Day,40,1623.0275,14,25000,3096.1,28096.1,2023-06-13,25000,25154,24892.9,25031.5,25231,25632.8,25481.6,25481.6,25779.8,25603.4,25390.6,25325.5,25641.9,24921.6,24554.8,24784.4,24713,24405.7,24708.8,24801.9,24745.9,25112,25088.2,25076.3,25010.5,25014,24974.1,25008.4,25310.8,25681.1,24988.1,24754.3,24706,24895,24738.9,25073.5,26112.3,27618,27482.9,28096.1
279,2023-01-25,1037.9,TVSMOTOR.NS,2023-02-01,1018.35,2023-03-29,1079.2,40th Day,40,967.4325,24,25000,1460.4,26460.4,2023-01-25,25000,24608.8,25414,25931.2,25775.2,25508.8,25754.8,26368,26219.2,26440,27115.6,27533.2,27052,27696.4,27578.8,27302.8,27374.8,27086.8,26604.4,26486.8,26070.4,26164,26248,26923.6,27194.8,26636.8,26292.4,25728.4,25663.6,25345.6,25846,25684,25561.6,25856.8,25874.8,25699.6,25567.6,25679.2,25382.8,26460.4
280,2023-04-11,1128.85,TVSMOTOR.NS,2023-04-18,1144.95,2023-06-13,1346.1,40th Day,40,1087.7025,21,25000,4224.15,29224.15,2023-04-11,25000,25529.2,24643,23908,24093.85,24297.55,24591.55,24738.55,24861.4,25273,25258.3,25506.1,26470,26781.85,26785,27018.1,26991.85,26942.5,26880.55,27082.15,27248.05,27007.6,26999.2,26979.25,27440.2,27686.95,27901.15,28113.25,28251.85,27892.75,28314.85,27670.15,28372.6,28144.75,28928.05,29253.55,28804.15,29012.05,29087.65,29224.15
281,2023-05-04,1169.05,TVSMOTOR.NS,2023-05-10,1241.05,2023-07-05,1319.8,40th Day,40,1178.9975,20,25000,1575,26575,2023-05-04,25000,24975,24928,24869,25061,25219,24990,24982,24963,25402,25637,25841,26043,26175,25833,26235,25621,26290,26073,26819,27129,26701,26899,26971,27101,27096,26836,27236,26938,27055,27197,26702,26204,25986,26263,26263,26692,26546,26254,26575
282,2023-01-12,7153.35,ULTRACEMCO.NS,2023-01-18,7283.45,2023-01-23,6919.2775,Stop Loss,4,6919.2775,3,25000,-1092.5175,23907.4825,2023-01-12,25000,24786.7,24681.1,23907.4825,23907.4825,23907.4825,23907.4825,23907.4825,23907.4825,23907.4825,23907.4825,23907.4825,23907.4825,23907.4825,23907.4825,23907.4825,23907.4825,23907.4825,23907.4825,23907.4825,23907.4825,23907.4825,23907.4825,23907.4825,23907.4825,23907.4825,23907.4825,23907.4825,23907.4825,23907.4825,23907.4825,23907.4825,23907.4825,23907.4825,23907.4825,23907.4825,23907.4825,23907.4825,23907.4825,23907.4825
283,2023-05-29,7840.55,ULTRACEMCO.NS,2023-06-02,7850.65,2023-07-28,8306.75,40th Day,40,7458.1175,3,25000,1368.3,26368.3,2023-05-29,25000,25094.05,25776.7,25920.85,25748.5,25907.8,26043.85,26276.95,26522.95,26447.65,26447.8,26253.85,26178.4,26172.7,25936.3,25688.65,25949.35,26073.55,26073.55,26332.3,26839.45,26683.15,26579.65,26678.65,26457.4,26502.1,26425.75,26109.55,26150.05,25995.7,26201.05,25976.05,26435.65,26120.5,25805.65,26107.6,26627.95,26505.1,26312.8,26368.3
284,2023-06-06,8109.55,ULTRACEMCO.NS,2023-06-12,8198.6,2023-08-07,8175.45,40th Day,40,7788.67,3,25000,-69.45,24930.55,2023-06-06,25000,25233.1,25479.1,25403.8,25403.95,25210,25134.55,25128.85,24892.45,24644.8,24905.5,25029.7,25029.7,25288.45,25795.6,25639.3,25535.8,25634.8,25413.55,25458.25,25381.9,25065.7,25106.2,24951.85,25157.2,24932.2,25391.8,25076.65,24761.8,25063.75,25584.1,25461.25,25268.95,25324.45,25358.65,25249.6,25267.3,24812.65,24878.65,24930.55
285,2023-02-14,761.6,UPL.NS,2023-02-20,757.95,2023-02-27,720.0525,Stop Loss,6,720.0525,32,25000,-1212.72,23787.28,2023-02-14,25000,24654.4,24403.2,24590.4,24371.2,23787.28,23787.28,23787.28,23787.28,23787.28,23787.28,23787.28,23787.28,23787.28,23787.28,23787.28,23787.28,23787.28,23787.28,23787.28,23787.28,23787.28,23787.28,23787.28,23787.28,23787.28,23787.28,23787.28,23787.28,23787.28,23787.28,23787.28,23787.28,23787.28,23787.28,23787.28,23787.28,23787.28,23787.28,23787.28
286,2023-02-07,652.05,VBL.NS,2023-02-13,642.03,2023-04-13,714.78,40th Day,40,609.9285,38,25000,2764.5,27764.5,2023-02-07,25000,24567.56,24901.96,24820.26,24983.66,25445.36,25768.36,25431.3,25316.16,25142.5,25054.72,25317.3,26136.96,26105.42,26414.36,26273.76,26252.86,26172.3,26135.06,25541.5,25540.36,26170.4,25419.9,25610.66,25358.72,26128.22,26339.5,26349.76,26290.86,26420.06,26344.06,26394.22,26955.86,27477.22,28228.86,27079.36,27463.16,27929.42,28103.46,27764.5
287,2023-05-26,850.97,VBL.NS,2023-06-01,844.5,2023-06-08,802.275,Stop Loss,6,802.275,29,25000,-1224.525,23775.475,2023-05-26,25000,25089.32,25233.45,24970.13,24400.57,23775.475,23775.475,23775.475,23775.475,23775.475,23775.475,23775.475,23775.475,23775.475,23775.475,23775.475,23775.475,23775.475,23775.475,23775.475,23775.475,23775.475,23775.475,23775.475,23775.475,23775.475,23775.475,23775.475,23775.475,23775.475,23775.475,23775.475,23775.475,23775.475,23775.475,23775.475,23775.475,23775.475,23775.475,23775.475
288,2023-06-14,281,VEDL.NS,2023-06-20,282.65,2023-08-03,268.5175,Stop Loss,32,268.5175,88,25000,-1243.66,23756.34,2023-06-14,25000,24876.8,24824,24432.4,24749.2,24727.2,24727.2,24586.4,24599.6,24551.2,24542.4,24766.8,24815.2,24964.8,24551.2,24560,24595.2,25193.6,25105.6,24894.4,25088,24960.4,24612.8,24001.2,24494,24674.4,24516,24661.2,24414.8,24494,24076,23756.34,23756.34,23756.34,23756.34,23756.34,23756.34,23756.34,23756.34,23756.34
289,2023-01-18,403.2,WIPRO.NS,2023-01-24,406.6,2023-03-13,386.27,Stop Loss,33,386.27,61,25000,-1240.13,23759.87,2023-01-18,25000,24691.95,24478.45,24734.65,24527.25,24743.8,25173.85,25079.3,24881.05,24627.9,25009.15,25103.7,24951.2,24634,24908.5,25048.8,25201.3,24981.7,25027.45,24765.15,24301.55,24228.35,24188.7,24008.75,23807.45,24045.35,23868.45,24014.85,24216.15,24146,23993.5,23932.5,23759.87,23759.87,23759.87,23759.87,23759.87,23759.87,23759.87,23759.87
290,2023-04-24,377.95,WIPRO.NS,2023-04-28,385,2023-06-23,379.95,40th Day,40,365.75,64,25000,-323.2,24676.8,2023-04-24,25000,25214.4,25006.4,24916.8,24641.6,24702.4,24827.2,24920,24977.6,24888,25048,25124.8,24827.2,24846.4,25076.8,25688,25809.6,25940.8,25582.4,26068.8,25947.2,26120,26193.6,26417.6,26276.8,26228.8,25956.8,26139.2,25931.2,25787.2,25678.4,25675.2,25732.8,25252.8,24763.2,24689.6,24840,25032,24827.2,24676.8
291,2023-05-22,395.75,WIPRO.NS,2023-05-26,401.7,2023-06-16,381.615,Stop Loss,16,381.615,62,25000,-1245.27,23754.73,2023-05-22,25000,24882.2,25049.6,25120.9,25337.9,25201.5,25155,24891.5,25068.2,24866.7,24727.2,24621.8,24618.7,24674.5,24209.5,23754.73,23754.73,23754.73,23754.73,23754.73,23754.73,23754.73,23754.73,23754.73,23754.73,23754.73,23754.73,23754.73,23754.73,23754.73,23754.73,23754.73,23754.73,23754.73,23754.73,23754.73,23754.73,23754.73,23754.73,23754.73
292,2023-06-30,389.15,WIPRO.NS,2023-07-06,396.2,2023-08-31,408.4,40th Day,40,376.39,63,25000,768.6,25768.6,2023-06-30,25000,24977.95,24606.25,24738.55,24725.95,24880.3,25557.55,26200.15,26323,26370.25,26351.35,25535.5,25494.55,25264.6,25412.65,25236.25,25160.65,25557.55,25677.25,25415.8,25217.35,25796.95,25941.85,26269.45,26360.8,26414.35,26061.55,26193.85,26414.35,26345.05,25976.5,26159.2,26316.7,26200.15,26039.5,25850.5,25746.55,25749.7,25693,25768.6
293,2023-01-09,444.05,ZYDUSLIFE.NS,2023-01-13,441.35,2023-03-13,466.2,40th Day,40,419.2825,56,25000,1391.6,26391.6,2023-01-09,25000,24874,24445.6,25117.6,25028,24823.6,25165.2,24762,24176.8,24381.2,24249.6,24451.2,24669.6,24524,24624.8,26612.8,27133.6,26828.4,26850.8,26800.4,26685.6,26775.2,26565.2,27013.2,26640.8,26293.6,26517.6,26282.4,26484,26405.6,25823.2,26369.2,26803.2,26422.4,26769.6,26948.8,26685.6,26531.6,26878.8,26391.6
294,2023-02-06,470.15,ZYDUSLIFE.NS,2023-02-10,473.5,2023-04-12,504.6,40th Day,40,449.825,52,25000,1617.2,26617.2,2023-02-06,25000,24893.4,24976.6,24781.6,25197.6,24851.8,24529.4,24737.4,24519,24706.2,24633.4,24092.6,24599.6,25002.6,24649,24971.4,25137.8,24893.4,24750.4,25072.8,24620.4,24846.6,24994.8,25319.8,25200.2,25140.4,25252.2,25267.8,25457.6,25374.4,25436.8,25585,25876.2,25938.6,25982.8,26019.2,26073.8,26196,26430,26617.2
295,2023-06-14,532.35,ZYDUSLIFE.NS,2023-06-20,556.05,2023-08-16,657.4,40th Day,40,528.2475,44,25000,4459.4,29459.4,2023-06-14,25000,25178.2,24861.4,25046.2,25253,25644.6,25644.6,26188,25983.4,25794.2,26273.8,26410.2,26152.8,26124.2,26267.2,26643.4,26557.6,26729.2,27068,27024,27263.8,27706,27514.6,27541,27890.8,27934.8,29111.8,28715.8,28352.8,28425.4,28192.2,28693.8,29122.8,29362.6,29369.2,29642,29479.2,29175.6,28766.4,29459.4
296,2023-06-27,570.7,ZYDUSLIFE.NS,2023-07-04,574.1,2023-08-29,631.95,40th Day,40,545.395,43,25000,2487.55,27487.55,2023-06-27,25000,25468.7,25602,25350.45,25322.5,25462.25,25829.9,25746.05,25913.75,26244.85,26201.85,26436.2,26868.35,26681.3,26707.1,27048.95,27091.95,28242.2,27855.2,27500.45,27571.4,27343.5,27833.7,28252.95,28487.3,28493.75,28760.35,28601.25,28304.55,27904.65,28581.9,28042.25,28171.25,28397,28302.4,28063.75,27870.25,27373.6,27588.6,27487.55