,Breakout Date,Breakout Price,Symbol,Entry Date,Entry Price,Exit Date,Exit Price,Exit On,Holding Duration,Stop Loss,Stocks Purchased,initial-investment,Profit/Loss,Final amount,Date,Day 1 Total Amount,Day 2 Total Amount,Day 3 Total Amount,Day 4 Total Amount,Day 5 Total Amount,Day 6 Total Amount,Day 7 Total Amount,Day 8 Total Amount,Day 9 Total Amount,Day 10 Total Amount,Day 11 Total Amount,Day 12 Total Amount,Day 13 Total Amount,Day 14 Total Amount,Day 15 Total Amount,Day 16 Total Amount,Day 17 Total Amount,Day 18 Total Amount,Day 19 Total Amount,Day 20 Total Amount,Day 21 Total Amount,Day 22 Total Amount,Day 23 Total Amount,Day 24 Total Amount,Day 25 Total Amount,Day 26 Total Amount,Day 27 Total Amount,Day 28 Total Amount,Day 29 Total Amount,Day 30 Total Amount,Day 31 Total Amount,Day 32 Total Amount,Day 33 Total Amount,Day 34 Total Amount,Day 35 Total Amount,Day 36 Total Amount,Day 37 Total Amount,Day 38 Total Amount,Day 39 Total Amount,Day 40 Total Amount
0,2023-04-25,3336.1,ABB.NS,2023-05-02,3442.15,2023-06-26,4285.35,40th Day,40.0,3270.0425,7.0,25000,5902.4000000000015,30902.4,2023-04-25,25000,25080.149999999998,26422.399999999998,26936.899999999998,27523.149999999998,27554.3,27613.1,27928.1,28502.800000000003,27893.1,28278.45,28337.25,28187.45,28168.2,28157.35,28294.2,28146.5,28498.6,28938.2,29123.0,29112.149999999998,29786.249999999996,28517.5,29055.8,29135.949999999997,29308.499999999996,29962.649999999998,29691.049999999996,29963.34999999999,29965.09999999999,31143.549999999996,31353.899999999998,31100.499999999993,31263.249999999993,31198.499999999993,31536.949999999997,31470.099999999995,30798.449999999997,30582.849999999995,30902.399999999998
1,2023-05-04,3645.35,ABB.NS,2023-05-10,3815.45,2023-07-05,4390.6,40th Day,40.0,3624.6775,6.0,25000,3450.9000000000033,28450.9,2023-05-04,25000,25270.0,25762.600000000002,25240.0,25570.300000000003,25620.700000000004,25492.300000000003,25475.800000000003,25466.5,25583.800000000003,25457.200000000004,25759.000000000004,26135.800000000003,26294.200000000004,26284.9,26862.7,25775.200000000004,26236.600000000006,26305.300000000003,26453.200000000004,27013.900000000005,26781.100000000006,27014.500000000004,27016.000000000004,28026.100000000006,28206.40000000001,27989.200000000004,28128.700000000004,28073.200000000004,28363.300000000007,28306.000000000007,27730.30000000001,27545.500000000007,27819.40000000001,27874.300000000007,28573.90000000001,28645.300000000007,28574.800000000007,28271.500000000007,28450.90000000001
2,2023-06-13,4319.8,ABB.NS,2023-06-19,4327.65,2023-08-14,4354.7,40th Day,40.0,4111.267499999999,5.0,25000,135.2500000000009,25135.25,2023-06-13,25000,25241.75,25194.0,24714.25,24560.25,24788.500000000004,24834.25,25417.25,25476.75,25418.0,25165.25,25314.750000000004,25362.5,25360.5,25210.0,25858.0,26004.0,25398.25,25280.75,25456.5,25816.000000000004,25829.25,24381.75,24490.75,24972.0,25027.25,25354.25,25362.25,25942.749999999996,26125.75,25959.999999999996,25401.75,25226.5,25552.0,25991.5,25745.0,25966.5,25887.250000000004,25995.0,25135.25
3,2023-04-12,1847.25,ADANIENT.NS,2023-04-19,1853.85,2023-06-14,2457.15,40th Day,40.0,1761.1574999999998,13.0,25000,7842.900000000002,32842.9,2023-04-12,25000,24857.65,24338.95,24325.300000000003,24879.75,24922.65,24989.6,25924.3,25857.999999999996,24806.949999999997,25746.199999999997,25863.849999999995,25437.449999999997,25549.249999999996,25497.899999999998,26700.399999999998,26441.049999999996,25808.599999999995,25458.899999999998,25593.449999999997,25469.949999999997,26328.599999999995,31139.249999999993,35138.04999999999,33082.74999999999,33886.79999999999,33976.49999999999,33842.6,33353.799999999996,33313.5,33297.9,32685.600000000002,32541.299999999996,32537.399999999998,32614.1,32478.899999999998,32764.899999999998,33202.35,32913.1,32842.899999999994
4,2023-05-22,2326.1,ADANIENT.NS,2023-05-26,2544.35,2023-06-19,2417.1324999999997,Stop Loss,17.0,2417.1324999999997,9.0,25000,-1144.9575000000018,23855.0425,2023-05-22,25000,24907.300000000003,24568.9,24541.000000000004,24530.200000000004,24106.300000000007,24006.4,24003.700000000004,24056.800000000007,23963.200000000004,24161.200000000004,24464.050000000007,24263.800000000007,24215.200000000004,24471.700000000004,24687.250000000004,23855.0425,23855.0425,23855.0425,23855.0425,23855.0425,23855.0425,23855.0425,23855.0425,23855.0425,23855.0425,23855.0425,23855.0425,23855.0425,23855.0425,23855.0425,23855.0425,23855.0425,23855.0425,23855.0425,23855.0425,23855.0425,23855.0425,23855.0425,23855.0425
5,2023-01-16,2089.8,ADANIGREEN.NS,2023-01-20,1975.6,2023-01-25,1876.82,Stop Loss,4.0,1876.82,12.0,25000,-1185.3599999999997,23814.64,2023-01-16,25000,24475.0,24294.4,23814.64,23814.64,23814.64,23814.64,23814.64,23814.64,23814.64,23814.64,23814.64,23814.64,23814.64,23814.64,23814.64,23814.64,23814.64,23814.64,23814.64,23814.64,23814.64,23814.64,23814.64,23814.64,23814.64,23814.64,23814.64,23814.64,23814.64,23814.64,23814.64,23814.64,23814.64,23814.64,23814.64,23814.64,23814.64,23814.64,23814.64
6,2023-03-15,740.4,ADANIGREEN.NS,2023-03-21,891.05,2023-04-03,846.4975,Stop Loss,9.0,846.4975,28.0,25000,-1247.4700000000003,23752.53,2023-03-15,25000,26247.4,27556.4,28872.399999999998,27627.8,26248.8,25092.4,24722.8,23752.53,23752.53,23752.53,23752.53,23752.53,23752.53,23752.53,23752.53,23752.53,23752.53,23752.53,23752.53,23752.53,23752.53,23752.53,23752.53,23752.53,23752.53,23752.53,23752.53,23752.53,23752.53,23752.53,23752.53,23752.53,23752.53,23752.53,23752.53,23752.53,23752.53,23752.53,23752.53
7,2023-03-21,891.05,ADANIGREEN.NS,2023-03-27,984.9,2023-03-28,935.655,Stop Loss,2.0,935.655,25.0,25000,-1231.125,23768.875,2023-03-21,25000,23768.875,23768.875,23768.875,23768.875,23768.875,23768.875,23768.875,23768.875,23768.875,23768.875,23768.875,23768.875,23768.875,23768.875,23768.875,23768.875,23768.875,23768.875,23768.875,23768.875,23768.875,23768.875,23768.875,23768.875,23768.875,23768.875,23768.875,23768.875,23768.875,23768.875,23768.875,23768.875,23768.875,23768.875,23768.875,23768.875,23768.875,23768.875,23768.875
8,2023-04-10,899.15,ADANIGREEN.NS,2023-04-17,962.55,2023-04-24,914.4224999999999,Stop Loss,6.0,914.4224999999999,25.0,25000,-1203.1875000000014,23796.8125,2023-04-10,25000,24742.5,24331.25,24262.5,23841.250000000004,23796.8125,23796.8125,23796.8125,23796.8125,23796.8125,23796.8125,23796.8125,23796.8125,23796.8125,23796.8125,23796.8125,23796.8125,23796.8125,23796.8125,23796.8125,23796.8125,23796.8125,23796.8125,23796.8125,23796.8125,23796.8125,23796.8125,23796.8125,23796.8125,23796.8125,23796.8125,23796.8125,23796.8125,23796.8125,23796.8125,23796.8125,23796.8125,23796.8125,23796.8125,23796.8125
9,2023-05-22,941.75,ADANIGREEN.NS,2023-05-26,963.35,2023-07-21,995.55,40th Day,40.0,915.1825,25.0,25000,804.9999999999983,25805.0,2023-05-22,25000,25362.5,25087.5,25358.75,25765.0,25504.999999999996,25612.499999999996,25712.499999999996,25554.999999999996,25316.249999999996,25007.499999999996,24943.749999999996,24798.749999999996,24857.499999999996,24981.249999999996,25292.499999999996,24924.999999999996,24958.749999999996,25341.249999999996,25287.499999999996,24912.499999999996,25127.499999999996,24904.999999999993,24832.499999999993,24563.749999999993,24487.499999999993,24566.249999999993,24621.249999999993,24971.249999999993,24691.249999999993,24902.499999999993,25044.999999999993,24779.999999999993,24592.499999999993,25046.249999999996,25048.749999999993,25259.999999999993,25407.499999999993,25541.249999999993,25804.999999999993
10,2023-07-20,985.0,ADANIGREEN.NS,2023-07-26,1140.4,2023-08-02,1083.38,Stop Loss,6.0,1083.38,21.0,25000,-1197.4199999999996,23802.58,2023-07-20,25000,24554.8,23996.199999999997,24010.899999999998,23879.649999999998,23802.58,23802.58,23802.58,23802.58,23802.58,23802.58,23802.58,23802.58,23802.58,23802.58,23802.58,23802.58,23802.58,23802.58,23802.58,23802.58,23802.58,23802.58,23802.58,23802.58,23802.58,23802.58,23802.58,23802.58,23802.58,23802.58,23802.58,23802.58,23802.58,23802.58,23802.58,23802.58,23802.58,23802.58,23802.58
11,2023-07-25,1088.05,ADANIGREEN.NS,2023-07-31,1093.3,2023-08-03,1038.635,Stop Loss,4.0,1038.635,22.0,25000,-1202.6299999999992,23797.370000000003,2023-07-25,25000,24862.5,24101.300000000003,23797.370000000003,23797.370000000003,23797.370000000003,23797.370000000003,23797.370000000003,23797.370000000003,23797.370000000003,23797.370000000003,23797.370000000003,23797.370000000003,23797.370000000003,23797.370000000003,23797.370000000003,23797.370000000003,23797.370000000003,23797.370000000003,23797.370000000003,23797.370000000003,23797.370000000003,23797.370000000003,23797.370000000003,23797.370000000003,23797.370000000003,23797.370000000003,23797.370000000003,23797.370000000003,23797.370000000003,23797.370000000003,23797.370000000003,23797.370000000003,23797.370000000003,23797.370000000003,23797.370000000003,23797.370000000003,23797.370000000003,23797.370000000003,23797.370000000003
12,2023-04-12,657.75,ADANIPORTS.NS,2023-04-19,658.4,2023-06-14,739.35,40th Day,40.0,625.4799999999999,37.0,25000,2995.1500000000015,27995.15,2023-04-12,25000,25284.9,25118.4,25477.3,25482.850000000002,25233.100000000002,25049.95,25847.3,25854.7,25416.25,25789.95,25943.5,25987.9,26187.7,26206.2,26864.8,26539.2,26319.05,26058.2,25969.4,25242.350000000002,26098.9,27638.100000000002,27799.05,27214.45,27445.7,27532.65,27926.7,27799.05,27976.65,27725.05,27893.4,27974.8,28219.0,28157.95,27886.0,27832.350000000002,28096.9,27939.65,27995.15
13,2023-05-22,729.7,ADANIPORTS.NS,2023-05-26,726.85,2023-07-21,728.45,40th Day,40.0,690.5074999999999,34.0,25000,54.40000000000077,25054.4,2023-05-22,25000,25362.1,25244.799999999996,25407.999999999996,25176.799999999996,25331.499999999996,25406.299999999996,25630.699999999997,25574.6,25324.699999999997,25275.399999999998,25518.499999999996,25373.999999999996,25424.999999999996,25430.099999999995,25698.699999999993,25299.199999999993,25372.299999999992,25768.399999999994,25637.499999999993,24573.299999999992,24916.699999999993,24775.599999999995,26008.099999999995,25421.599999999995,25358.699999999993,25504.899999999994,25540.59999999999,25448.79999999999,24722.89999999999,24770.49999999999,25103.699999999986,24909.899999999987,24671.899999999987,24974.499999999985,25142.799999999985,25044.199999999986,25154.699999999986,25190.399999999987,25054.399999999987
14,2023-03-08,186.6,ADANIPOWER.NS,2023-03-14,204.35,2023-03-20,194.1325,Stop Loss,5.0,194.1325,122.0,25000,-1246.535,23753.465,2023-03-08,25000,24688.9,24310.699999999997,24463.199999999997,23753.465,23753.465,23753.465,23753.465,23753.465,23753.465,23753.465,23753.465,23753.465,23753.465,23753.465,23753.465,23753.465,23753.465,23753.465,23753.465,23753.465,23753.465,23753.465,23753.465,23753.465,23753.465,23753.465,23753.465,23753.465,23753.465,23753.465,23753.465,23753.465,23753.465,23753.465,23753.465,23753.465,23753.465,23753.465,23753.465
15,2023-06-07,274.85,ADANIPOWER.NS,2023-06-13,267.8,2023-06-23,254.41,Stop Loss,9.0,254.41,93.0,25000,-1245.2700000000013,23754.73,2023-06-07,25000,24762.85,25134.85,24841.9,24614.049999999996,24432.699999999997,24335.049999999996,23958.4,23754.73,23754.73,23754.73,23754.73,23754.73,23754.73,23754.73,23754.73,23754.73,23754.73,23754.73,23754.73,23754.73,23754.73,23754.73,23754.73,23754.73,23754.73,23754.73,23754.73,23754.73,23754.73,23754.73,23754.73,23754.73,23754.73,23754.73,23754.73,23754.73,23754.73,23754.73,23754.73
16,2023-04-05,379.95,AMBUJACEM.NS,2023-04-12,396.05,2023-04-21,376.2475,Stop Loss,7.0,376.2475,63.0,25000,-1247.5575000000006,23752.4425,2023-04-05,25000,24785.8,24716.5,24181.0,23992.0,24032.949999999997,23752.4425,23752.4425,23752.4425,23752.4425,23752.4425,23752.4425,23752.4425,23752.4425,23752.4425,23752.4425,23752.4425,23752.4425,23752.4425,23752.4425,23752.4425,23752.4425,23752.4425,23752.4425,23752.4425,23752.4425,23752.4425,23752.4425,23752.4425,23752.4425,23752.4425,23752.4425,23752.4425,23752.4425,23752.4425,23752.4425,23752.4425,23752.4425,23752.4425,23752.4425
17,2023-05-22,423.9,AMBUJACEM.NS,2023-05-26,424.55,2023-07-21,416.1,40th Day,40.0,403.3225,58.0,25000,-490.09999999999934,24509.9,2023-05-22,25000,25142.1,25368.299999999996,24944.899999999998,25272.599999999995,25782.999999999996,25840.999999999996,27006.799999999996,26809.6,26574.699999999997,26806.699999999997,26841.5,26995.199999999997,27322.899999999998,26960.399999999998,27108.299999999996,26641.399999999998,26415.199999999997,26365.899999999998,26177.399999999998,25072.499999999996,25434.999999999996,25539.399999999998,25562.599999999995,25078.299999999992,25655.399999999994,25472.699999999993,25455.299999999992,25403.099999999995,24614.299999999992,24707.099999999995,24721.599999999995,24825.999999999996,24556.299999999996,24538.899999999998,24538.899999999998,24515.699999999997,24695.5,24788.3,24509.9
18,2023-06-06,459.15,AMBUJACEM.NS,2023-06-12,456.3,2023-06-23,433.485,Stop Loss,10.0,433.485,54.0,25000,-1232.0099999999998,23767.99,2023-06-06,25000,25143.1,25448.2,25110.7,25248.399999999998,24813.7,24603.1,24557.2,24381.7,23767.99,23767.99,23767.99,23767.99,23767.99,23767.99,23767.99,23767.99,23767.99,23767.99,23767.99,23767.99,23767.99,23767.99,23767.99,23767.99,23767.99,23767.99,23767.99,23767.99,23767.99,23767.99,23767.99,23767.99,23767.99,23767.99,23767.99,23767.99,23767.99,23767.99,23767.99
19,2023-04-28,4513.7,APOLLOHOSP.NS,2023-05-05,4602.5,2023-06-30,5098.2,40th Day,40.0,4372.375,5.0,25000,2478.499999999999,27478.5,2023-04-28,25000,25113.0,24952.75,24994.0,24964.0,25013.75,25116.75,24763.0,24398.249999999996,24197.5,24223.25,25014.000000000004,24739.5,24669.75,24828.25,25037.0,25189.75,24983.25,25097.25,26058.75,26824.0,26738.5,26688.000000000004,27119.75,26620.75,26621.0,26611.25,26742.75,27032.5,28081.25,27987.75,27712.5,27797.75,27581.25,27317.5,27214.75,27172.25,27701.5,27621.999999999996,27478.499999999996
20,2023-05-05,4602.5,APOLLOHOSP.NS,2023-05-11,4595.3,2023-07-06,5283.05,40th Day,40.0,4365.535,5.0,25000,3438.75,28438.75,2023-05-05,25000,25049.75,25152.75,24799.0,24434.249999999996,24233.5,24259.25,25050.000000000004,24775.5,24705.75,24864.25,25073.0,25225.75,25019.25,25133.25,26094.75,26860.0,26774.5,26724.000000000004,27155.75,26656.75,26657.0,26647.25,26778.75,27068.5,28117.25,28023.75,27748.5,27833.75,27617.25,27353.5,27250.75,27208.25,27737.5,27657.999999999996,27514.499999999996,27365.999999999996,27573.249999999996,27411.749999999996,28438.75
21,2023-06-01,4814.25,APOLLOHOSP.NS,2023-06-07,5026.45,2023-08-02,4996.75,40th Day,40.0,4775.1275,4.0,25000,-118.79999999999927,24881.2,2023-06-01,25000,24600.8,24601.0,24593.2,24698.4,24930.2,25769.2,25694.4,25474.2,25542.4,25369.2,25158.2,25076.0,25042.0,25465.4,25401.8,25287.0,25168.2,25334.0,25204.8,26026.4,25479.2,25527.600000000002,25922.2,25902.4,25622.2,25581.4,25771.4,25544.600000000002,25596.600000000002,25676.0,25713.8,25617.4,25743.0,25517.2,25756.2,26282.0,25588.0,25023.8,24881.2
22,2023-06-15,5218.75,APOLLOHOSP.NS,2023-06-21,5118.75,2023-08-14,4862.8125,Stop Loss,38.0,4862.8125,4.0,25000,-1023.75,23976.25,2023-06-15,25000,24789.0,24706.8,24672.8,25096.2,25032.6,24917.8,24799.0,24964.8,24835.6,25657.2,25110.0,25158.4,25553.0,25533.2,25253.0,25212.2,25402.2,25175.4,25227.4,25306.8,25344.6,25248.2,25373.8,25148.0,25387.0,25912.8,25218.8,24654.6,24512.0,24510.2,24446.2,24582.6,24618.4,24450.4,24215.0,24149.6,23976.25,23976.25,23976.25
23,2023-05-04,2982.85,ASIANPAINT.NS,2023-05-10,3041.4,2023-07-05,3374.4,40th Day,40.0,2889.33,8.0,25000,2664.0,27664.0,2023-05-04,25000,25786.8,25717.6,25724.8,25773.6,25408.399999999998,25541.2,25344.399999999998,25348.0,25633.6,25480.8,25657.2,25696.0,25768.0,25824.0,26212.399999999998,26594.399999999998,26566.8,26266.8,26370.8,26467.2,26366.8,26113.2,26226.8,26771.6,26830.399999999998,27023.6,27203.6,27146.399999999998,27218.399999999998,27197.6,26653.2,27050.399999999998,27134.0,27276.8,27454.8,27565.2,27538.399999999998,27450.399999999998,27664.0
24,2023-05-11,3139.75,ASIANPAINT.NS,2023-05-17,3092.45,2023-07-12,3406.75,40th Day,40.0,2937.8275,8.0,25000,2514.4000000000015,27514.4,2023-05-11,25000,25132.800000000003,24936.0,24939.600000000002,25225.2,25072.4,25248.800000000003,25287.600000000002,25359.600000000002,25415.600000000002,25804.0,26186.0,26158.4,25858.4,25962.4,26058.800000000003,25958.4,25704.800000000003,25818.4,26363.2,26422.0,26615.2,26795.2,26738.0,26810.0,26789.2,26244.800000000003,26642.0,26725.600000000002,26868.4,27046.4,27156.800000000003,27130.0,27042.0,27255.600000000002,27455.600000000002,27010.0,27005.600000000002,27400.800000000003,27514.4
25,2023-05-31,3192.95,ASIANPAINT.NS,2023-06-06,3212.75,2023-08-01,3342.95,40th Day,40.0,3052.1124999999997,7.0,25000,911.3999999999987,25911.399999999998,2023-05-31,25000,25084.350000000002,24996.5,24774.600000000002,24874.0,25350.7,25402.15,25571.2,25728.7,25678.65,25741.65,25723.45,25247.100000000002,25594.65,25667.800000000003,25792.750000000004,25948.500000000004,26045.100000000006,26021.65,25944.65,26131.550000000003,26306.550000000003,25916.65,25912.800000000003,26258.600000000002,26358.0,26300.600000000002,26519.0,26733.55,27104.899999999998,27113.3,27192.75,27134.649999999998,27316.649999999998,26313.55,26121.75,26096.55,26245.649999999998,26152.199999999997,25911.399999999998
26,2023-06-13,3262.85,ASIANPAINT.NS,2023-06-19,3309.7,2023-08-14,3202.6,40th Day,40.0,3144.2149999999997,7.0,25000,-749.6999999999994,24250.3,2023-06-13,25000,25063.0,25044.8,24568.45,24916.0,24989.15,25114.100000000002,25269.850000000002,25366.450000000004,25343.0,25266.0,25452.9,25627.9,25238.0,25234.15,25579.95,25679.35,25621.95,25840.35,26054.899999999998,26426.249999999996,26434.649999999998,26514.1,26455.999999999996,26637.999999999996,25634.899999999998,25443.1,25417.899999999998,25566.999999999996,25473.549999999996,25232.749999999996,25372.399999999998,25186.549999999996,25209.649999999998,25233.1,25268.45,25149.1,24497.399999999998,24129.549999999996,24250.299999999996
27,2023-07-18,3513.45,ASIANPAINT.NS,2023-07-24,3543.7,2023-08-01,3366.515,Stop Loss,7.0,3366.515,7.0,25000,-1240.2949999999996,23759.705,2023-07-18,25000,23996.9,23805.100000000002,23779.9,23929.0,23835.55,23759.705,23759.705,23759.705,23759.705,23759.705,23759.705,23759.705,23759.705,23759.705,23759.705,23759.705,23759.705,23759.705,23759.705,23759.705,23759.705,23759.705,23759.705,23759.705,23759.705,23759.705,23759.705,23759.705,23759.705,23759.705,23759.705,23759.705,23759.705,23759.705,23759.705,23759.705,23759.705,23759.705,23759.705
28,2023-03-08,861.35,ATGL.NS,2023-03-14,947.2,2023-03-16,899.84,Stop Loss,3.0,899.84,26.0,25000,-1231.3600000000004,23768.64,2023-03-08,25000,24288.899999999998,23768.64,23768.64,23768.64,23768.64,23768.64,23768.64,23768.64,23768.64,23768.64,23768.64,23768.64,23768.64,23768.64,23768.64,23768.64,23768.64,23768.64,23768.64,23768.64,23768.64,23768.64,23768.64,23768.64,23768.64,23768.64,23768.64,23768.64,23768.64,23768.64,23768.64,23768.64,23768.64,23768.64,23768.64,23768.64,23768.64,23768.64,23768.64
29,2023-05-22,444.3,AWL.NS,2023-05-26,450.4,2023-06-09,427.87999999999994,Stop Loss,11.0,427.87999999999994,55.0,25000,-1238.6000000000022,23761.399999999998,2023-05-22,25000,24848.75,24191.5,24213.500000000004,24540.750000000004,24293.250000000004,24001.750000000004,23858.750000000004,24087.000000000007,23864.250000000007,23761.399999999998,23761.399999999998,23761.399999999998,23761.399999999998,23761.399999999998,23761.399999999998,23761.399999999998,23761.399999999998,23761.399999999998,23761.399999999998,23761.399999999998,23761.399999999998,23761.399999999998,23761.399999999998,23761.399999999998,23761.399999999998,23761.399999999998,23761.399999999998,23761.399999999998,23761.399999999998,23761.399999999998,23761.399999999998,23761.399999999998,23761.399999999998,23761.399999999998,23761.399999999998,23761.399999999998,23761.399999999998,23761.399999999998,23761.399999999998
30,2023-05-09,888.25,AXISBANK.NS,2023-05-15,915.8,2023-07-10,964.05,40th Day,40.0,870.0099999999999,27.0,25000,1302.75,26302.75,2023-05-09,25000,25054.0,24973.0,24970.300000000003,25222.75,25047.25,25009.45,25051.300000000003,25141.75,25301.050000000003,25378.0,25584.550000000003,24974.350000000002,25105.300000000003,25278.100000000002,25946.350000000002,26414.800000000003,26645.65,26250.100000000002,26591.65,26576.800000000003,26891.350000000002,26671.300000000003,26656.45,26775.25,26345.95,26594.350000000002,26355.4,26371.600000000002,26150.2,26208.25,26551.15,26684.800000000003,26934.550000000003,26790.100000000002,26482.300000000003,26368.9,26759.050000000003,26644.300000000003,26302.75
31,2023-01-24,3686.5,BAJAJ-AUTO.NS,2023-01-31,3818.25,2023-03-28,3791.6,40th Day,40.0,3627.3374999999996,6.0,25000,-159.90000000000055,24840.1,2023-01-24,25000,24958.300000000003,24834.7,25205.800000000003,25185.100000000002,25367.2,25372.300000000003,25165.0,25080.4,25391.5,25347.1,25522.9,25530.1,25456.3,25513.3,25113.1,25134.699999999997,25081.899999999998,25190.199999999997,23929.6,24057.699999999997,24480.399999999998,24381.999999999996,24482.499999999996,24428.799999999996,24957.699999999993,24971.499999999993,25021.899999999994,24761.199999999993,24607.899999999994,24470.499999999993,24891.69999999999,24976.89999999999,24920.49999999999,25524.69999999999,25634.19999999999,25268.19999999999,25057.89999999999,24935.799999999992,24840.09999999999
32,2023-04-03,3993.75,BAJAJ-AUTO.NS,2023-04-11,4177.4,2023-06-07,4780.75,40th Day,40.0,3968.5299999999993,5.0,25000,3016.750000000002,28016.75,2023-04-03,25000,25543.0,25554.75,25384.75,25159.25,25442.0,25684.75,25654.5,25773.5,25825.75,25608.0,26154.0,26272.75,26603.0,26352.25,26401.499999999996,26428.5,26859.25,26757.25,26892.749999999996,26852.499999999996,26807.499999999996,26935.75,26804.75,26759.75,26706.249999999996,26528.999999999996,26729.249999999996,26603.5,26701.0,27333.0,27192.75,27205.5,27072.5,26948.75,27331.000000000004,27458.500000000004,27663.250000000004,27744.250000000004,28016.750000000004
33,2023-04-11,4177.4,BAJAJ-AUTO.NS,2023-04-18,4209.25,2023-06-13,4755.95,40th Day,40.0,3998.7875,5.0,25000,2733.499999999999,27733.5,2023-04-11,25000,25282.75,25525.5,25495.25,25614.25,25666.5,25448.75,25994.75,26113.5,26443.75,26193.0,26242.249999999996,26269.25,26700.0,26598.0,26733.499999999996,26693.249999999996,26648.249999999996,26776.5,26645.5,26600.5,26546.999999999996,26369.749999999996,26569.999999999996,26444.25,26541.75,27173.75,27033.5,27046.25,26913.25,26789.5,27171.750000000004,27299.250000000004,27504.000000000004,27585.000000000004,27857.500000000004,27957.0,27670.75,27802.0,27733.5
34,2023-05-08,4549.25,BAJAJ-AUTO.NS,2023-05-12,4538.9,2023-07-07,4834.0,40th Day,40.0,4311.954999999999,5.0,25000,1475.5000000000018,26475.5,2023-05-08,25000,25128.250000000004,24997.250000000004,24952.250000000004,24898.75,24721.5,24921.75,24796.0,24893.5,25525.5,25385.25,25398.0,25265.0,25141.25,25523.500000000004,25651.000000000004,25855.750000000004,25936.750000000004,26209.250000000004,26308.75,26022.5,26153.75,26085.25,25956.5,25913.25,25515.25,25292.250000000004,25615.5,25556.25,25366.000000000004,25418.500000000004,25340.0,25395.750000000004,25887.000000000004,25763.250000000004,25358.75,25432.5,26755.750000000004,26894.0,26475.5
35,2023-06-07,4780.75,BAJAJ-AUTO.NS,2023-06-13,4755.95,2023-08-08,4650.15,40th Day,40.0,4518.152499999999,5.0,25000,-529.0000000000009,24471.0,2023-06-07,25000,24871.25,24828.0,24430.0,24207.000000000004,24530.25,24471.0,24280.750000000004,24333.250000000004,24254.75,24310.500000000004,24801.750000000004,24678.000000000004,24273.5,24347.25,25670.500000000004,25808.75,25390.25,25710.0,25808.5,25612.5,25552.5,25518.250000000004,25386.0,25523.250000000004,25338.5,25563.75,25533.75,25634.0,25465.0,25572.5,25475.25,25682.75,25877.25,25840.0,25380.750000000004,25351.750000000004,24780.250000000004,24570.750000000007,24471.000000000004
36,2023-07-05,4890.05,BAJAJ-AUTO.NS,2023-07-11,4917.65,2023-08-07,4671.767499999999,Stop Loss,20.0,4671.767499999999,5.0,25000,-1229.412500000003,23770.587499999998,2023-07-05,25000,24804.0,24744.0,24709.750000000004,24577.5,24714.750000000004,24530.0,24755.25,24725.25,24825.5,24656.5,24764.0,24666.75,24874.25,25068.75,25031.5,24572.250000000004,24543.250000000004,23971.750000000004,23770.587499999998,23770.587499999998,23770.587499999998,23770.587499999998,23770.587499999998,23770.587499999998,23770.587499999998,23770.587499999998,23770.587499999998,23770.587499999998,23770.587499999998,23770.587499999998,23770.587499999998,23770.587499999998,23770.587499999998,23770.587499999998,23770.587499999998,23770.587499999998,23770.587499999998,23770.587499999998,23770.587499999998
37,2023-02-09,1400.25,BAJAJFINSV.NS,2023-02-15,1420.8,2023-02-23,1349.76,Stop Loss,7.0,1349.76,17.0,25000,-1207.6799999999994,23792.32,2023-02-09,25000,25125.800000000003,24885.25,24724.6,24549.5,23982.550000000003,23792.32,23792.32,23792.32,23792.32,23792.32,23792.32,23792.32,23792.32,23792.32,23792.32,23792.32,23792.32,23792.32,23792.32,23792.32,23792.32,23792.32,23792.32,23792.32,23792.32,23792.32,23792.32,23792.32,23792.32,23792.32,23792.32,23792.32,23792.32,23792.32,23792.32,23792.32,23792.32,23792.32,23792.32
38,2023-04-06,1303.95,BAJAJFINSV.NS,2023-04-13,1341.3,2023-06-09,1466.5,40th Day,40.0,1274.235,18.0,25000,2253.600000000001,27253.600000000002,2023-04-06,25000,24997.300000000003,24890.2,24820.899999999998,24834.399999999998,24578.800000000003,24612.100000000002,25081.0,24881.2,25336.6,25240.3,25139.499999999996,25102.6,25596.7,25323.1,26142.999999999996,26213.199999999997,26316.699999999997,26423.8,26478.699999999997,26440.899999999994,26566.899999999994,26333.799999999996,26334.699999999993,26328.39999999999,26290.59999999999,26727.09999999999,26532.699999999993,26548.89999999999,26761.299999999996,26948.499999999993,27241.89999999999,26975.499999999993,26959.299999999996,27087.099999999995,27116.799999999996,27408.399999999994,27512.799999999996,27269.799999999996,27253.599999999995
39,2023-04-13,1341.3,BAJAJFINSV.NS,2023-04-20,1332.1,2023-06-15,1474.7,40th Day,40.0,1265.495,18.0,25000,2566.8000000000025,27566.800000000003,2023-04-13,25000,24744.4,24777.7,25246.6,25046.8,25502.199999999997,25405.899999999998,25305.099999999995,25268.199999999997,25762.3,25488.699999999997,26308.599999999995,26378.799999999996,26482.299999999996,26589.399999999998,26644.299999999996,26606.499999999993,26732.499999999993,26499.399999999994,26500.299999999992,26493.99999999999,26456.19999999999,26892.69999999999,26698.299999999992,26714.49999999999,26926.899999999994,27114.09999999999,27407.49999999999,27141.09999999999,27124.899999999994,27252.699999999993,27282.399999999994,27573.999999999993,27678.399999999994,27435.399999999994,27419.199999999993,27410.199999999993,27773.799999999996,27669.399999999998,27566.799999999996
40,2023-04-27,1360.0,BAJAJFINSV.NS,2023-05-04,1374.45,2023-06-28,1518.85,40th Day,40.0,1305.7275,18.0,25000,2599.1999999999975,27599.199999999997,2023-04-27,25000,24726.399999999998,25546.299999999996,25616.499999999996,25719.999999999996,25827.1,25881.999999999996,25844.199999999993,25970.199999999993,25737.1,25737.999999999996,25731.699999999993,25693.899999999994,26130.399999999994,25935.999999999996,25952.199999999993,26164.6,26351.799999999996,26645.199999999993,26378.799999999996,26362.6,26490.399999999998,26520.1,26811.699999999997,26916.1,26673.1,26656.899999999998,26647.899999999998,27011.5,26907.100000000002,26804.5,27414.699999999997,28015.0,27638.8,27606.4,27397.600000000002,27295.0,27395.8,27673.0,27599.199999999997
41,2023-06-16,1508.6,BAJAJFINSV.NS,2023-06-22,1507.65,2023-08-18,1460.15,40th Day,40.0,1432.2675,16.0,25000,-760.0,24240.0,2023-06-16,25000,24908.8,24998.399999999998,25244.8,25179.199999999997,25325.6,25519.199999999997,26949.6,26696.8,26796.0,26716.0,26442.399999999998,26356.0,26368.8,26719.199999999997,26704.8,26641.6,26770.399999999998,27183.199999999997,27050.399999999998,27003.199999999997,27397.6,27259.199999999997,26900.8,26710.399999999998,26235.199999999997,26450.399999999998,26035.199999999997,25309.6,24776.0,24658.399999999998,25012.0,25129.6,25143.199999999997,25188.0,24941.6,24590.399999999998,24395.199999999997,24507.199999999997,24240.0
42,2023-07-04,1629.5,BAJAJFINSV.NS,2023-07-10,1597.8,2023-08-03,1517.9099999999999,Stop Loss,19.0,1517.9099999999999,15.0,25000,-1198.3500000000015,23801.649999999998,2023-07-04,25000,24919.000000000004,24931.000000000004,25259.5,25246.000000000004,25186.750000000004,25307.500000000004,25694.500000000004,25570.000000000004,25525.750000000004,25895.500000000004,25765.750000000004,25429.750000000007,25251.250000000007,24805.750000000007,25007.500000000007,24618.250000000007,23938.000000000007,23801.649999999998,23801.649999999998,23801.649999999998,23801.649999999998,23801.649999999998,23801.649999999998,23801.649999999998,23801.649999999998,23801.649999999998,23801.649999999998,23801.649999999998,23801.649999999998,23801.649999999998,23801.649999999998,23801.649999999998,23801.649999999998,23801.649999999998,23801.649999999998,23801.649999999998,23801.649999999998,23801.649999999998,23801.649999999998
43,2023-04-28,6847.95,BAJAJHLDNG.NS,2023-05-05,6814.4,2023-05-17,6473.679999999999,Stop Loss,9.0,6473.679999999999,3.0,25000,-1022.1600000000008,23977.84,2023-04-28,25000,25081.15,25303.0,25261.15,25319.65,25227.550000000003,24658.75,24454.9,23977.84,23977.84,23977.84,23977.84,23977.84,23977.84,23977.84,23977.84,23977.84,23977.84,23977.84,23977.84,23977.84,23977.84,23977.84,23977.84,23977.84,23977.84,23977.84,23977.84,23977.84,23977.84,23977.84,23977.84,23977.84,23977.84,23977.84,23977.84,23977.84,23977.84,23977.84,23977.84
44,2023-05-24,6934.45,BAJAJHLDNG.NS,2023-05-30,7078.0,2023-07-25,7504.1,40th Day,40.0,6724.099999999999,3.0,25000,1278.300000000001,26278.300000000003,2023-05-24,25000,25560.699999999997,24745.3,24735.699999999997,24525.55,24682.0,24742.6,24280.6,24024.85,24080.65,24570.550000000003,24741.100000000002,24729.550000000003,24437.800000000003,24736.45,24770.050000000003,24779.800000000003,24420.100000000002,24262.9,24649.0,24646.449999999997,24732.55,24779.649999999998,24719.35,25184.05,25281.25,25227.4,25217.800000000003,25296.100000000002,25297.600000000002,25969.750000000004,25991.200000000004,26370.250000000007,26131.90000000001,25842.40000000001,26135.950000000008,26173.000000000007,26015.200000000004,26050.300000000007,26278.300000000007
45,2023-02-08,6351.65,BAJFINANCE.NS,2023-02-14,6458.7,2023-02-28,6135.764999999999,Stop Loss,11.0,6135.764999999999,3.0,25000,-968.8050000000012,24031.195,2023-02-08,25000,25093.75,24935.800000000003,24874.0,24726.1,24761.65,24219.85,24230.95,24332.65,24207.4,24031.195,24031.195,24031.195,24031.195,24031.195,24031.195,24031.195,24031.195,24031.195,24031.195,24031.195,24031.195,24031.195,24031.195,24031.195,24031.195,24031.195,24031.195,24031.195,24031.195,24031.195,24031.195,24031.195,24031.195,24031.195,24031.195,24031.195,24031.195,24031.195,24031.195
46,2023-04-25,6075.25,BAJFINANCE.NS,2023-05-02,6249.15,2023-06-26,6998.7,40th Day,40.0,5936.692499999999,4.0,25000,2998.2000000000007,27998.2,2023-04-25,25000,24724.4,25564.4,25562.800000000003,26635.2,26212.4,26529.4,26657.2,26861.0,26852.600000000002,27141.800000000003,26823.600000000002,27161.0,27140.2,27175.600000000002,27125.600000000002,27147.2,27368.0,27621.4,27731.600000000002,28026.600000000002,27962.800000000003,28165.4,28099.0,28176.2,28459.2,28323.2,28043.800000000003,28152.0,28394.2,28670.4,28390.800000000003,28509.800000000003,28816.2,29548.2,28998.600000000002,28828.0,28123.4,27962.0,27998.2
47,2023-05-08,6657.95,BAJFINANCE.NS,2023-05-12,6714.4,2023-07-07,7622.35,40th Day,40.0,6378.679999999999,3.0,25000,2723.850000000002,27723.850000000002,2023-05-08,25000,24993.7,25210.600000000002,24971.95,25225.0,25209.4,25235.950000000004,25198.450000000004,25214.65,25380.25,25570.300000000003,25652.950000000004,25874.200000000004,25826.350000000006,25978.300000000003,25928.5,25986.4,26198.65,26096.65,25887.100000000002,25968.25,26149.9,26357.050000000003,26147.350000000006,26236.600000000006,26466.400000000005,27015.400000000005,26603.200000000004,26475.250000000004,25946.800000000003,25825.75,25852.9,25914.550000000003,26127.4,26338.600000000002,26855.800000000003,28438.15,28373.050000000003,28155.550000000003,27723.850000000006
48,2023-05-26,6904.5,BAJFINANCE.NS,2023-06-01,7040.5,2023-07-27,7284.1,40th Day,40.0,6688.474999999999,3.0,25000,730.8000000000011,25730.800000000003,2023-05-26,25000,24950.199999999997,25008.1,25220.35,25118.35,24908.8,24989.949999999997,25171.6,25378.75,25169.050000000003,25258.300000000003,25488.100000000002,26037.100000000002,25624.9,25496.95,24968.5,24847.449999999997,24874.6,24936.25,25149.1,25360.3,25877.5,27459.85,27394.75,27177.25,26745.550000000003,26478.25,26210.5,26174.35,26302.3,26325.55,26411.35,26138.5,26632.6,26668.3,26623.75,26623.300000000003,26697.850000000002,26177.95,25730.800000000003
49,2023-05-30,7005.8,BAJFINANCE.NS,2023-06-05,7043.2,2023-07-31,7300.3,40th Day,40.0,6691.04,3.0,25000,771.3000000000011,25771.300000000003,2023-05-30,25000,25212.25,25110.25,24900.7,24981.85,25163.5,25370.65,25160.950000000004,25250.200000000004,25480.000000000004,26029.000000000004,25616.800000000003,25488.850000000002,24960.4,24839.35,24866.5,24928.15,25141.0,25352.2,25869.4,27451.75,27386.65,27169.15,26737.450000000004,26470.15,26202.4,26166.25,26294.2,26317.45,26403.25,26130.4,26624.5,26660.2,26615.65,26615.200000000004,26689.750000000004,26169.850000000002,25722.700000000004,26015.200000000004,25771.300000000003
50,2023-06-19,193.75,BANKBARODA.NS,2023-06-23,192.2,2023-08-21,190.9,40th Day,40.0,182.58999999999997,130.0,25000,-168.99999999999778,24831.000000000004,2023-06-19,25000,24811.5,24837.5,24714.0,24759.5,25897.0,26319.5,26690.0,26722.5,27184.0,26456.0,26644.5,26625.0,25624.0,25806.0,26209.0,25747.5,26014.0,25890.5,25571.999999999996,25799.499999999996,25513.499999999996,25721.499999999996,25916.499999999996,26156.999999999996,26299.999999999996,26156.999999999996,25331.499999999996,25142.999999999996,24889.499999999993,24635.999999999993,25344.499999999993,25240.499999999996,24960.999999999996,25058.499999999996,24551.499999999996,24291.499999999996,24700.999999999996,24934.999999999993,24830.999999999996
51,2023-07-03,199.1,BANKBARODA.NS,2023-07-07,209.0,2023-07-13,198.54999999999998,Stop Loss,5.0,198.54999999999998,119.0,25000,-1243.550000000002,23756.449999999997,2023-07-03,25000,24333.600000000002,24506.15,24488.3,23756.449999999997,23756.449999999997,23756.449999999997,23756.449999999997,23756.449999999997,23756.449999999997,23756.449999999997,23756.449999999997,23756.449999999997,23756.449999999997,23756.449999999997,23756.449999999997,23756.449999999997,23756.449999999997,23756.449999999997,23756.449999999997,23756.449999999997,23756.449999999997,23756.449999999997,23756.449999999997,23756.449999999997,23756.449999999997,23756.449999999997,23756.449999999997,23756.449999999997,23756.449999999997,23756.449999999997,23756.449999999997,23756.449999999997,23756.449999999997,23756.449999999997,23756.449999999997,23756.449999999997,23756.449999999997,23756.449999999997,23756.449999999997
52,2023-03-31,97.55,BEL.NS,2023-04-10,99.9,2023-06-06,118.05,40th Day,40.0,94.905,250.0,25000,4537.499999999998,29537.5,2023-03-31,25000,25025.0,25225.0,25250.000000000004,25375.000000000004,25762.500000000004,25375.000000000004,25737.5,25725.0,25475.0,25312.500000000004,25437.500000000004,25387.500000000004,25850.000000000004,26100.000000000004,26612.500000000004,26837.500000000004,26600.000000000004,26850.000000000004,26912.500000000004,27037.500000000004,27175.000000000004,26850.000000000004,26937.500000000007,27137.500000000007,27087.500000000007,26975.000000000007,26775.000000000007,27637.500000000007,27000.000000000007,27225.000000000004,27425.000000000004,27700.000000000007,27887.500000000007,27837.500000000007,28062.500000000007,28250.000000000007,28350.000000000004,28937.500000000007,29537.500000000004
53,2023-05-03,106.35,BEL.NS,2023-05-09,107.55,2023-07-04,122.05,40th Day,40.0,102.1725,232.0,25000,3364.0,28364.0,2023-05-03,25000,25116.0,25243.6,24942.0,25023.2,25208.8,25162.399999999998,25057.999999999996,24872.399999999998,25672.8,25081.2,25290.0,25475.6,25730.8,25904.8,25858.399999999998,26067.2,26241.2,26334.0,26879.2,27436.0,27436.0,27320.0,27969.6,27679.6,28375.6,28213.2,28340.8,29094.8,29013.6,29083.2,28538.0,28688.800000000003,27900.0,28213.2,27517.2,28062.399999999998,29222.399999999998,28758.399999999998,28363.999999999996
54,2023-06-05,115.65,BEL.NS,2023-06-09,120.35,2023-08-04,127.6,40th Day,40.0,114.3325,207.0,25000,1500.75,26500.75,2023-06-05,25000,24741.25,25362.25,25217.350000000002,25331.2,26003.95,25931.5,25993.600000000002,25507.15,25641.700000000004,24937.9,25217.350000000002,24596.350000000002,25082.8,26117.8,25703.8,25351.899999999998,25289.8,25921.149999999998,25765.899999999998,25548.55,26459.350000000002,26511.100000000002,26066.05,26407.600000000002,26407.600000000002,26397.25,26355.850000000002,26169.55,25952.2,26169.55,26386.899999999998,26169.55,26428.3,27028.600000000002,27142.449999999997,27090.699999999997,26035.0,25890.100000000002,26500.75
55,2023-06-13,557.62,BERGEPAINT.NS,2023-06-19,563.0,2023-08-14,582.79,40th Day,40.0,534.85,44.0,25000,870.7599999999984,25870.76,2023-06-13,25000,24970.52,25289.52,24796.719999999998,25001.759999999995,25051.479999999996,25108.239999999998,24983.279999999995,25091.519999999997,24977.999999999996,24811.239999999998,25051.479999999996,25183.479999999996,24899.239999999998,24671.759999999995,24800.239999999998,24765.479999999996,24482.999999999996,24724.999999999996,24906.719999999998,25126.719999999998,25291.28,25326.479999999996,25570.239999999998,25375.759999999995,24998.239999999998,24922.999999999996,24943.239999999998,25148.719999999998,25249.479999999996,25982.52,26321.76,25839.52,26065.24,26145.76,26235.52,25843.479999999996,25643.28,25920.479999999996,25870.759999999995
56,2023-06-23,854.8,BHARTIARTL.NS,2023-06-30,878.75,2023-08-25,873.5,40th Day,40.0,834.8125,28.0,25000,-147.0,24853.0,2023-06-23,25000,25011.2,24619.2,24661.2,24745.2,24767.600000000002,25186.2,25368.2,25313.600000000002,25176.4,25217.000000000004,24981.800000000003,24907.600000000002,24776.0,25170.8,25203.0,25263.2,25137.2,25298.2,25459.2,25457.800000000003,25312.2,25361.2,24981.800000000003,24802.600000000002,25305.2,25354.2,25186.2,25138.600000000002,24889.4,24770.4,24672.4,24389.600000000006,24382.600000000006,24370.000000000004,24809.600000000006,24969.200000000004,24703.200000000004,24739.600000000006,24853.000000000004
57,2023-02-01,17118.05,BOSCHLTD.NS,2023-02-07,17414.9,2023-04-06,18795.0,40th Day,40.0,16544.155,1.0,25000,1380.0999999999985,26380.1,2023-02-01,25000,25032.55,25109.899999999998,25084.1,24993.199999999997,24997.5,25440.35,25720.35,25599.649999999998,25768.449999999997,26061.399999999998,25897.05,25897.8,25395.399999999998,25463.449999999997,25581.35,25887.35,25765.35,25568.85,25680.949999999997,26309.05,26055.949999999997,25974.399999999998,25551.199999999997,25587.85,25628.699999999997,25703.449999999997,25698.699999999997,25724.399999999998,25954.85,26009.3,26012.899999999998,26037.75,25926.949999999997,26117.3,26562.25,26955.0,27019.35,26727.699999999997,26380.1
58,2023-03-29,18977.15,BOSCHLTD.NS,2023-04-06,18795.0,2023-06-05,18872.65,40th Day,40.0,17855.25,1.0,25000,77.65000000000146,25077.65,2023-03-29,25000,24747.8,24809.75,24970.5,25112.05,25090.2,25019.25,24891.2,24945.55,24971.95,24937.15,24981.35,25166.1,25322.8,25576.85,26003.3,25522.6,25398.25,25529.85,25516.65,25431.35,25559.75,25678.9,25183.3,25434.05,25212.7,25340.65,25219.55,25089.2,25035.2,25059.55,24956.25,24986.15,25146.7,24501.0,24745.9,24773.4,24807.0,24956.0,25077.65
59,2023-04-27,19117.8,BOSCHLTD.NS,2023-05-04,19193.25,2023-06-28,18721.45,40th Day,40.0,18233.587499999998,1.0,25000,-471.7999999999993,24528.2,2023-04-27,25000,25131.6,25118.4,25033.1,25161.5,25280.65,24785.05,25035.8,24814.45,24942.4,24821.3,24690.95,24636.95,24661.3,24558.0,24587.9,24748.45,24102.75,24347.65,24375.15,24408.75,24557.75,24679.4,24686.3,24780.35,24573.65,24565.15,24801.55,24866.85,24879.05,24831.1,24802.4,24750.45,24865.4,25008.45,24686.05,24423.7,24395.15,24379.35,24528.2
60,2023-03-15,330.3,BPCL.NS,2023-03-21,358.55,2023-03-28,340.6225,Stop Loss,6.0,340.6225,69.0,25000,-1236.9975000000006,23763.0025,2023-03-15,25000,24534.25,24296.2,24092.649999999998,24054.7,23763.0025,23763.0025,23763.0025,23763.0025,23763.0025,23763.0025,23763.0025,23763.0025,23763.0025,23763.0025,23763.0025,23763.0025,23763.0025,23763.0025,23763.0025,23763.0025,23763.0025,23763.0025,23763.0025,23763.0025,23763.0025,23763.0025,23763.0025,23763.0025,23763.0025,23763.0025,23763.0025,23763.0025,23763.0025,23763.0025,23763.0025,23763.0025,23763.0025,23763.0025,23763.0025
61,2023-04-19,342.0,BPCL.NS,2023-04-25,347.5,2023-06-20,372.45,40th Day,40.0,330.125,71.0,25000,1771.4499999999991,26771.45,2023-04-19,25000,25106.5,25578.649999999998,25717.100000000002,25965.600000000002,25944.300000000003,26480.350000000002,26274.45,26434.2,26388.050000000003,26750.15,26778.550000000003,26022.4,25674.500000000004,26050.800000000003,26224.750000000004,25937.200000000004,25908.800000000007,26001.100000000006,26356.100000000006,26121.800000000007,26121.800000000007,26192.800000000007,26008.200000000004,25915.900000000005,26136.000000000007,26210.550000000007,25891.050000000007,25660.300000000007,25614.150000000005,26462.60000000001,25965.60000000001,25848.450000000008,26714.65000000001,26853.100000000013,26849.550000000014,27229.400000000012,27080.300000000014,26934.750000000015,26771.450000000015
62,2023-05-04,368.35,BPCL.NS,2023-05-10,372.15,2023-07-05,386.55,40th Day,40.0,353.54249999999996,67.0,25000,964.8000000000022,25964.800000000003,2023-05-04,25000,25026.800000000003,24313.25,23984.95,24340.050000000003,24504.2,24232.85,24206.05,24293.15,24628.15,24407.05,24407.05,24474.05,24299.85,24212.749999999996,24420.449999999997,24490.8,24189.3,23971.55,23927.999999999996,24728.649999999998,24259.649999999998,24149.099999999995,24966.499999999993,25097.149999999994,25093.799999999992,25452.24999999999,25311.549999999992,25174.19999999999,25020.099999999988,25043.54999999999,25083.749999999985,24159.149999999987,24072.049999999985,24209.399999999987,24547.749999999985,24500.849999999988,25211.04999999999,25301.499999999985,25964.79999999999
63,2023-02-02,4573.05,BRITANNIA.NS,2023-02-08,4594.8,2023-03-06,4365.06,Stop Loss,19.0,4365.06,5.0,25000,-1148.699999999999,23851.300000000003,2023-02-02,25000,25212.75,25139.499999999996,24965.999999999996,25025.25,24968.249999999996,24885.999999999996,24692.249999999996,24294.999999999996,24542.749999999996,24448.499999999993,24283.499999999993,24238.749999999993,23967.249999999993,24334.749999999993,23924.999999999993,23996.999999999993,24085.749999999993,23851.300000000003,23851.300000000003,23851.300000000003,23851.300000000003,23851.300000000003,23851.300000000003,23851.300000000003,23851.300000000003,23851.300000000003,23851.300000000003,23851.300000000003,23851.300000000003,23851.300000000003,23851.300000000003,23851.300000000003,23851.300000000003,23851.300000000003,23851.300000000003,23851.300000000003,23851.300000000003,23851.300000000003,23851.300000000003
64,2023-04-27,4415.85,BRITANNIA.NS,2023-05-04,4587.05,2023-06-28,4992.15,40th Day,40.0,4357.6975,5.0,25000,2025.4999999999973,27025.499999999996,2023-04-27,25000,25194.75,25056.75,25040.5,25089.5,25240.5,25147.25,25219.0,25099.249999999996,25224.249999999996,24886.5,24564.0,24559.499999999996,24672.999999999996,24663.75,24881.25,25045.75,24941.0,24931.0,25350.0,25241.0,25335.5,25477.750000000004,25591.75,26530.5,26440.000000000004,26458.500000000004,26566.000000000004,26765.250000000007,26773.000000000004,26942.000000000004,27288.250000000004,27170.000000000007,27347.000000000007,27412.500000000007,27000.000000000007,26918.750000000007,27110.750000000007,26836.000000000007,27025.500000000007
65,2023-06-07,4893.15,BRITANNIA.NS,2023-06-13,4940.1,2023-08-07,4693.095,Stop Loss,39.0,4693.095,5.0,25000,-1235.0250000000005,23764.975,2023-06-07,25000,25007.749999999996,25176.749999999996,25522.999999999996,25404.75,25581.75,25647.25,25234.75,25153.5,25345.5,25070.75,25260.25,25422.250000000004,25341.000000000004,25350.25,25780.000000000004,26167.250000000004,25572.000000000004,25458.750000000007,25719.000000000004,25669.000000000004,25751.250000000007,25965.500000000004,26016.750000000004,25620.250000000004,25629.000000000004,25562.250000000007,25534.500000000007,25144.000000000007,24727.50000000001,25217.50000000001,24666.500000000007,24816.25000000001,24269.250000000007,24386.25000000001,24346.750000000007,24294.250000000007,24292.000000000007,23764.975,23764.975
66,2023-04-13,291.25,CANBK.NS,2023-04-20,296.65,2023-06-15,296.8,40th Day,40.0,281.81749999999994,84.0,25000,12.600000000002865,25012.600000000002,2023-04-13,25000,24886.600000000002,25529.2,25928.2,26092.0,26037.4,26747.2,26961.4,26919.4,27284.800000000003,26839.600000000002,26390.2,25520.800000000003,25348.600000000002,25373.800000000003,25029.4,25567.0,25714.0,25508.2,24874.0,25096.600000000002,25361.2,25453.600000000002,25247.800000000003,25252.0,25844.2,25877.800000000003,25928.2,26096.2,26071.0,26436.4,26289.4,26268.4,26541.4,26314.600000000002,26205.4,26533.0,26533.0,25655.2,25012.600000000002
67,2023-06-02,313.75,CANBK.NS,2023-06-08,312.3,2023-06-23,296.685,Stop Loss,12.0,296.685,80.0,25000,-1249.2000000000007,23750.8,2023-06-02,25000,24896.0,25208.0,25208.0,24372.0,23760.0,24316.0,24416.0,24528.0,24548.0,24088.0,23750.8,23750.8,23750.8,23750.8,23750.8,23750.8,23750.8,23750.8,23750.8,23750.8,23750.8,23750.8,23750.8,23750.8,23750.8,23750.8,23750.8,23750.8,23750.8,23750.8,23750.8,23750.8,23750.8,23750.8,23750.8,23750.8,23750.8,23750.8,23750.8
68,2023-01-09,289.45,CGPOWER.NS,2023-01-13,308.55,2023-03-13,290.95,40th Day,40.0,293.1225,81.0,25000,-1425.6000000000017,23574.399999999998,2023-01-09,25000,24469.45,24765.1,24983.800000000003,25429.300000000003,25340.2,24595.0,24254.8,24339.849999999995,24177.849999999995,24449.199999999997,24505.899999999998,24501.85,24801.550000000003,25056.7,24906.85,25546.75,25639.899999999998,25234.899999999998,26563.3,27097.899999999998,27203.199999999997,25988.199999999997,26231.199999999997,25939.599999999995,25684.449999999997,25919.349999999995,25473.849999999995,25457.649999999994,25510.299999999996,25190.34999999999,24732.699999999993,24858.249999999993,24311.499999999993,24368.199999999993,24173.799999999996,24412.749999999996,24068.499999999996,24092.799999999996,23574.399999999994
69,2023-02-10,327.85,CGPOWER.NS,2023-02-16,323.75,2023-02-28,307.5625,Stop Loss,9.0,307.5625,77.0,25000,-1246.4375,23753.5625,2023-02-10,25000,24722.8,24480.25,24703.55,24280.05,24264.65,24314.700000000004,24010.55,23753.5625,23753.5625,23753.5625,23753.5625,23753.5625,23753.5625,23753.5625,23753.5625,23753.5625,23753.5625,23753.5625,23753.5625,23753.5625,23753.5625,23753.5625,23753.5625,23753.5625,23753.5625,23753.5625,23753.5625,23753.5625,23753.5625,23753.5625,23753.5625,23753.5625,23753.5625,23753.5625,23753.5625,23753.5625,23753.5625,23753.5625,23753.5625
70,2023-05-09,320.5,CGPOWER.NS,2023-05-15,332.15,2023-07-10,388.65,40th Day,40.0,315.54249999999996,75.0,25000,4237.5,29237.5,2023-05-09,25000,25472.5,25318.75,25337.5,25637.5,26563.75,26893.75,27411.250000000004,28082.500000000004,29113.750000000004,28870.000000000004,29031.250000000004,29552.500000000007,29230.000000000007,28652.500000000007,28697.500000000004,28183.750000000007,27846.250000000007,28217.500000000007,28585.000000000007,28427.50000000001,28768.750000000007,28446.25000000001,28461.25000000001,28371.25000000001,27426.25000000001,27598.75000000001,28375.000000000007,28033.75000000001,27748.75000000001,28131.250000000007,28086.25000000001,28172.50000000001,28476.25000000001,28506.25000000001,28517.500000000015,28900.00000000001,29357.50000000001,29072.50000000001,29237.50000000001
71,2023-02-01,749.8,CHOLAFIN.NS,2023-02-07,781.4,2023-03-13,742.3299999999999,Stop Loss,24.0,742.3299999999999,31.0,25000,-1211.1700000000014,23788.829999999998,2023-02-01,25000,25454.149999999998,25455.7,24880.649999999998,24683.8,24837.249999999996,25038.749999999996,25026.35,24936.45,24649.7,24752.0,24504.0,24073.100000000002,24424.950000000004,24403.250000000004,24228.100000000006,24545.850000000006,24026.600000000006,24032.800000000007,24624.900000000005,24541.200000000008,24542.750000000007,24111.85000000001,23788.829999999998,23788.829999999998,23788.829999999998,23788.829999999998,23788.829999999998,23788.829999999998,23788.829999999998,23788.829999999998,23788.829999999998,23788.829999999998,23788.829999999998,23788.829999999998,23788.829999999998,23788.829999999998,23788.829999999998,23788.829999999998,23788.829999999998
72,2023-04-05,782.65,CHOLAFIN.NS,2023-04-12,820.25,2023-06-08,1061.6,40th Day,40.0,779.2375,30.0,25000,7240.499999999997,32240.499999999996,2023-04-05,25000,25021.0,25486.0,25580.5,25799.5,25691.5,25513.000000000004,25603.000000000004,25549.0,25541.5,26024.5,26525.5,26633.5,26990.5,28898.5,30148.0,30449.5,29899.0,30080.500000000004,30358.000000000004,30544.0,30497.5,31004.5,30740.5,31661.499999999996,31694.5,32003.5,32212.0,31958.5,32176.0,31883.5,32054.5,31781.499999999996,31919.5,31709.5,31571.499999999996,31848.999999999996,32109.999999999996,32588.499999999996,32240.499999999993
73,2023-05-18,1042.3,CHOLAFIN.NS,2023-05-24,1052.2,2023-07-19,1170.3,40th Day,40.0,999.59,23.0,25000,2716.299999999998,27716.3,2023-05-18,25000,25166.75,24942.5,25073.600000000002,24864.3,24970.100000000002,24809.100000000002,24703.3,24916.05,25116.15,25483.000000000004,25216.2,25310.500000000004,25480.7,26140.800000000003,26083.300000000003,26396.100000000006,26712.350000000006,26841.150000000005,26603.100000000006,26889.45,26104.000000000004,25872.850000000006,25584.2,25957.95,26731.9,27065.4,27689.850000000002,28106.15,28087.750000000004,27605.9,27864.65,27280.45,26835.4,27216.05,27267.8,27579.449999999997,27586.350000000002,27156.25,27716.3
74,2023-06-13,1101.8,CHOLAFIN.NS,2023-06-19,1132.25,2023-08-03,1075.6375,Stop Loss,33.0,1075.6375,22.0,25000,-1245.474999999999,23754.525,2023-06-13,25000,24772.300000000003,25046.199999999997,24294.9,24073.800000000003,23797.699999999997,24155.199999999997,24895.5,25214.5,25811.800000000003,26210.0,26192.4,25731.5,25979.0,25420.199999999997,24994.5,25358.6,25408.1,25706.199999999997,25712.800000000003,25301.4,25837.1,25578.6,25055.0,25288.199999999997,24893.300000000003,25204.6,25081.4,25117.699999999997,24996.699999999997,24960.4,24277.300000000003,23754.525,23754.525,23754.525,23754.525,23754.525,23754.525,23754.525,23754.525
75,2023-05-25,945.45,CIPLA.NS,2023-05-31,953.05,2023-07-26,1068.5,40th Day,40.0,905.3974999999999,26.0,25000,3001.700000000001,28001.7,2023-05-25,25000,25304.2,25332.800000000003,25565.5,25494.0,25192.4,25321.1,25421.2,25179.4,25739.7,25666.9,26173.9,26378.0,26513.2,26510.6,26452.1,26176.499999999996,25945.1,26790.1,26461.2,26478.1,26609.4,26267.5,26528.800000000003,26501.5,26773.2,26757.6,26654.9,26943.5,26797.9,26758.9,27024.100000000002,27069.600000000002,27021.5,27151.5,27691.0,27493.4,27493.4,27644.2,28001.7
76,2023-01-19,223.95,COALINDIA.NS,2023-01-25,226.15,2023-02-09,214.8425,Stop Loss,11.0,214.8425,110.0,25000,-1243.8250000000005,23756.175,2023-01-19,25000,24587.5,24967.0,24857.0,24395.0,24065.0,24202.5,24279.5,24290.5,23828.5,23756.175,23756.175,23756.175,23756.175,23756.175,23756.175,23756.175,23756.175,23756.175,23756.175,23756.175,23756.175,23756.175,23756.175,23756.175,23756.175,23756.175,23756.175,23756.175,23756.175,23756.175,23756.175,23756.175,23756.175,23756.175,23756.175,23756.175,23756.175,23756.175,23756.175
77,2023-03-02,222.85,COALINDIA.NS,2023-03-09,224.8,2023-03-23,213.56,Stop Loss,11.0,213.56,111.0,25000,-1247.640000000001,23752.36,2023-03-02,25000,24950.05,24556.0,24583.75,24456.1,24561.549999999996,24650.35,24139.75,24139.75,23795.649999999998,23752.36,23752.36,23752.36,23752.36,23752.36,23752.36,23752.36,23752.36,23752.36,23752.36,23752.36,23752.36,23752.36,23752.36,23752.36,23752.36,23752.36,23752.36,23752.36,23752.36,23752.36,23752.36,23752.36,23752.36,23752.36,23752.36,23752.36,23752.36,23752.36,23752.36
78,2023-04-03,220.15,COALINDIA.NS,2023-04-11,223.65,2023-06-07,230.7,40th Day,40.0,212.4675,111.0,25000,782.5499999999981,25782.55,2023-04-03,25000,25449.55,25205.350000000002,25660.45,25949.05,25749.25,25654.9,25710.4,25876.9,25732.6,25677.1,25899.1,26048.949999999997,26381.949999999997,26470.75,26531.8,26526.25,26021.199999999997,26409.699999999997,26431.899999999998,26387.499999999996,26265.399999999998,26559.549999999996,26920.299999999996,26992.449999999997,26770.449999999997,26803.75,26670.55,26737.15,26925.85,26820.4,26981.35,27491.949999999997,27292.149999999998,26953.599999999995,25743.699999999993,25804.749999999996,25671.549999999996,25460.649999999998,25782.549999999996
79,2023-06-30,231.0,COALINDIA.NS,2023-07-06,234.6,2023-08-31,230.05,40th Day,40.0,222.86999999999998,106.0,25000,-482.2999999999982,24517.7,2023-06-30,25000,24936.4,24909.9,24936.4,24978.800000000003,24501.800000000003,24623.700000000004,24533.600000000002,24326.900000000005,24364.000000000004,24485.900000000005,24406.400000000005,24613.100000000002,24507.100000000002,24565.400000000005,24411.700000000008,24205.000000000007,24432.90000000001,25609.500000000007,24994.700000000008,24517.700000000008,24909.900000000005,24825.100000000002,24538.900000000005,25015.900000000005,25031.800000000007,25031.800000000007,24925.800000000007,24835.700000000008,24756.200000000008,24242.100000000006,24523.000000000007,24591.90000000001,24607.80000000001,24432.90000000001,24268.600000000006,24454.100000000006,24507.100000000006,24379.90000000001,24517.70000000001
80,2023-01-17,556.55,DABUR.NS,2023-01-23,564.4,2023-02-03,536.18,Stop Loss,9.0,536.18,44.0,25000,-1241.6800000000012,23758.32,2023-01-17,25000,25112.200000000004,24951.6,24896.6,24720.6,24707.4,24892.200000000004,24562.200000000004,23758.32,23758.32,23758.32,23758.32,23758.32,23758.32,23758.32,23758.32,23758.32,23758.32,23758.32,23758.32,23758.32,23758.32,23758.32,23758.32,23758.32,23758.32,23758.32,23758.32,23758.32,23758.32,23758.32,23758.32,23758.32,23758.32,23758.32,23758.32,23758.32,23758.32,23758.32,23758.32
81,2023-05-26,542.1,DABUR.NS,2023-06-01,556.9,2023-07-27,573.8,40th Day,40.0,529.055,44.0,25000,743.599999999999,25743.6,2023-05-26,25000,25013.200000000004,24795.4,24586.4,24982.4,24788.800000000003,24694.200000000004,24854.800000000003,25156.200000000004,25239.800000000003,25534.6,25616.0,25539.0,25668.800000000003,25448.800000000003,25253.0,25283.800000000003,25556.6,25602.800000000003,25756.800000000003,25706.200000000004,26115.4,26001.0,26564.200000000004,26542.200000000004,25673.200000000004,25695.200000000004,26089.0,26166.0,25915.200000000004,26302.4,26115.4,25884.4,25776.6,25950.4,25365.200000000004,25369.6,25503.800000000003,25796.4,25743.6
82,2023-06-14,562.35,DABUR.NS,2023-06-20,572.1,2023-08-16,565.35,40th Day,40.0,543.495,43.0,25000,-290.25,24709.75,2023-06-14,25000,24785.0,24593.649999999998,24623.75,24890.35,24935.5,25086.0,25036.55,25436.449999999997,25324.649999999998,25875.05,25853.55,25004.3,25025.8,25410.649999999998,25485.899999999998,25240.8,25619.199999999997,25436.449999999997,25210.699999999997,25105.349999999995,25275.199999999997,24703.3,24707.599999999995,24838.749999999996,25124.699999999997,25073.099999999995,25412.8,25150.5,24855.95,24722.65,24266.850000000002,24896.800000000007,24707.600000000002,24582.9,25002.15,24976.350000000002,24615.15,24688.250000000004,24709.750000000004
83,2023-04-12,3212.1,DIVISLAB.NS,2023-04-19,3342.6,2023-05-18,3175.47,Stop Loss,21.0,3175.47,7.0,25000,-1169.9100000000008,23830.09,2023-04-12,25000,24023.5,24223.350000000002,23951.75,24186.95,24141.800000000003,24270.95,24477.100000000002,24377.7,24483.050000000003,24579.650000000005,24637.400000000005,24605.900000000005,25284.200000000004,25578.550000000007,24906.200000000004,24807.15000000001,24537.300000000007,24557.950000000004,24477.800000000007,23830.09,23830.09,23830.09,23830.09,23830.09,23830.09,23830.09,23830.09,23830.09,23830.09,23830.09,23830.09,23830.09,23830.09,23830.09,23830.09,23830.09,23830.09,23830.09,23830.09
84,2023-03-17,375.25,DLF.NS,2023-03-23,367.65,2023-03-27,349.2675,Stop Loss,3.0,349.2675,67.0,25000,-1231.6274999999996,23768.3725,2023-03-17,25000,24102.2,23768.3725,23768.3725,23768.3725,23768.3725,23768.3725,23768.3725,23768.3725,23768.3725,23768.3725,23768.3725,23768.3725,23768.3725,23768.3725,23768.3725,23768.3725,23768.3725,23768.3725,23768.3725,23768.3725,23768.3725,23768.3725,23768.3725,23768.3725,23768.3725,23768.3725,23768.3725,23768.3725,23768.3725,23768.3725,23768.3725,23768.3725,23768.3725,23768.3725,23768.3725,23768.3725,23768.3725,23768.3725,23768.3725
85,2023-04-05,367.05,DLF.NS,2023-04-12,406.55,2023-06-08,484.75,40th Day,40.0,386.22249999999997,61.0,25000,4770.199999999999,29770.199999999997,2023-04-05,25000,25402.6,25536.800000000003,26055.300000000003,25924.15,25481.9,24969.500000000004,25280.600000000002,25219.600000000002,25613.050000000007,25921.100000000002,26198.65,26079.7,26281.0,26113.25,26259.649999999998,26817.8,26552.449999999997,26689.699999999997,26601.249999999996,26793.399999999994,28757.599999999995,28977.199999999997,28861.3,28257.399999999998,28986.35,29367.6,28739.300000000003,28595.95,29312.7,29364.550000000003,29642.1,29151.050000000003,29169.35,29309.649999999998,30047.75,30044.7,30374.1,30438.149999999998,29770.199999999997
86,2023-04-10,405.5,DLF.NS,2023-04-17,415.35,2023-06-12,490.6,40th Day,40.0,394.5825,60.0,25000,4515.0,29515.0,2023-04-10,25000,25510.0,25380.999999999996,24945.999999999996,24441.999999999996,24747.999999999993,24687.999999999993,25074.999999999996,25377.999999999993,25650.999999999993,25533.999999999993,25731.999999999993,25566.999999999993,25710.999999999993,26259.999999999996,25998.999999999996,26133.999999999996,26046.999999999996,26235.999999999996,28167.999999999996,28383.999999999996,28269.999999999996,27675.999999999993,28392.999999999993,28767.999999999993,28149.999999999996,28008.999999999996,28713.999999999996,28764.999999999996,29037.999999999993,28554.999999999996,28572.999999999993,28710.999999999993,29436.999999999993,29433.999999999993,29757.999999999993,29820.999999999993,29163.999999999993,29190.999999999993,29514.999999999996
87,2023-05-15,468.15,DLF.NS,2023-05-19,471.9,2023-07-14,493.15,40th Day,40.0,448.30499999999995,52.0,25000,1105.0,26105.0,2023-05-15,25000,25325.0,24789.4,24667.2,25278.2,25322.4,25559.0,25140.4,25156.0,25275.600000000002,25904.800000000003,25902.2,26183.0,26237.600000000002,25668.200000000004,25691.600000000002,25972.400000000005,26648.400000000005,26653.600000000002,25959.400000000005,26253.200000000004,25699.400000000005,25899.600000000002,25569.400000000005,25486.200000000004,25301.600000000002,25273.0,25621.4,25728.0,25969.800000000003,26105.0,25930.800000000003,26445.600000000002,27168.400000000005,26609.400000000005,26541.800000000003,26443.0,26066.0,26047.800000000003,26105.0
88,2023-04-03,3553.75,DMART.NS,2023-04-11,3454.2,2023-06-07,3544.05,40th Day,40.0,3281.49,7.0,25000,628.9500000000025,25628.950000000004,2023-04-03,25000,25132.3,25327.95,25300.3,25368.2,25154.0,25196.0,25011.9,25091.0,25081.55,25051.8,25326.2,25404.25,25641.9,25698.600000000002,25912.100000000002,26008.0,26565.55,26438.5,26526.700000000004,26753.150000000005,26563.450000000004,25484.400000000005,25175.350000000006,24622.000000000004,24400.450000000004,24587.350000000002,24796.300000000003,24851.250000000004,24827.450000000004,24868.050000000003,25332.850000000002,25343.700000000004,25373.100000000002,25119.350000000002,25326.9,25541.8,25578.55,25514.85,25628.95
89,2023-05-08,3677.85,DMART.NS,2023-05-12,3677.55,2023-05-16,3493.6725,Stop Loss,3.0,3493.6725,6.0,25000,-1103.2650000000003,23896.735,2023-05-08,25000,24075.1,23896.735,23896.735,23896.735,23896.735,23896.735,23896.735,23896.735,23896.735,23896.735,23896.735,23896.735,23896.735,23896.735,23896.735,23896.735,23896.735,23896.735,23896.735,23896.735,23896.735,23896.735,23896.735,23896.735,23896.735,23896.735,23896.735,23896.735,23896.735,23896.735,23896.735,23896.735,23896.735,23896.735,23896.735,23896.735,23896.735,23896.735,23896.735
90,2023-06-09,3632.1,DMART.NS,2023-06-15,3917.7,2023-07-17,3721.8149999999996,Stop Loss,22.0,3721.8149999999996,6.0,25000,-1175.3100000000013,23824.69,2023-06-09,25000,26007.4,25348.0,25415.2,25010.8,24366.7,23958.100000000002,24583.300000000003,24726.4,25275.4,24829.0,24705.4,24637.0,24414.4,24389.200000000004,24347.500000000004,24100.000000000004,24456.400000000005,24331.900000000005,24423.700000000004,24526.300000000003,23824.69,23824.69,23824.69,23824.69,23824.69,23824.69,23824.69,23824.69,23824.69,23824.69,23824.69,23824.69,23824.69,23824.69,23824.69,23824.69,23824.69,23824.69,23824.69
91,2023-06-14,3704.85,DMART.NS,2023-06-20,3986.9,2023-06-23,3787.555,Stop Loss,4.0,3787.555,6.0,25000,-1196.0700000000015,23803.93,2023-06-14,25000,24595.6,23951.5,23803.93,23803.93,23803.93,23803.93,23803.93,23803.93,23803.93,23803.93,23803.93,23803.93,23803.93,23803.93,23803.93,23803.93,23803.93,23803.93,23803.93,23803.93,23803.93,23803.93,23803.93,23803.93,23803.93,23803.93,23803.93,23803.93,23803.93,23803.93,23803.93,23803.93,23803.93,23803.93,23803.93,23803.93,23803.93,23803.93,23803.93
92,2023-03-28,4526.8,DRREDDY.NS,2023-04-05,4682.8,2023-05-18,4448.66,Stop Loss,29.0,4448.66,5.0,25000,-1170.7000000000016,23829.3,2023-03-28,25000,25082.999999999996,25384.249999999996,25402.75,25991.0,25850.5,25847.500000000004,26148.0,26132.750000000004,25877.0,25929.75,25616.5,25752.5,25811.5,26178.75,26235.25,26337.999999999996,26347.25,26426.0,26298.5,26121.5,26252.25,25922.5,24246.0,23916.5,24178.75,24161.25,23993.5,23829.3,23829.3,23829.3,23829.3,23829.3,23829.3,23829.3,23829.3,23829.3,23829.3,23829.3,23829.3
93,2023-04-10,4759.65,DRREDDY.NS,2023-04-17,4852.3,2023-05-11,4609.685,Stop Loss,18.0,4609.685,5.0,25000,-1213.074999999999,23786.925000000003,2023-04-10,25000,25300.499999999996,25285.25,25029.499999999996,25082.249999999996,24769.0,24905.0,24964.0,25331.25,25387.75,25490.499999999996,25499.75,25578.5,25451.0,25274.0,25404.75,25075.0,23786.925000000003,23786.925000000003,23786.925000000003,23786.925000000003,23786.925000000003,23786.925000000003,23786.925000000003,23786.925000000003,23786.925000000003,23786.925000000003,23786.925000000003,23786.925000000003,23786.925000000003,23786.925000000003,23786.925000000003,23786.925000000003,23786.925000000003,23786.925000000003,23786.925000000003,23786.925000000003,23786.925000000003,23786.925000000003,23786.925000000003
94,2023-06-02,4610.45,DRREDDY.NS,2023-06-08,4649.4,2023-08-03,5659.5,40th Day,40.0,4416.929999999999,5.0,25000,5050.500000000002,30050.5,2023-06-02,25000,25087.000000000004,25131.25,25263.0,25248.0,25770.25,26328.25,26148.0,26259.0,26305.0,26250.25,26722.5,26961.000000000004,26881.000000000004,27292.250000000004,27551.000000000004,27244.500000000004,27695.0,27644.750000000004,27912.000000000004,27665.500000000004,27527.750000000004,27582.250000000007,27698.000000000007,27465.250000000007,27213.250000000007,27901.750000000007,27708.000000000007,27859.750000000007,28449.500000000007,28194.000000000007,28711.500000000007,28880.000000000007,29131.250000000007,29288.000000000007,29668.000000000007,29955.250000000007,30088.250000000007,30055.250000000007,30050.500000000007
95,2023-06-15,4803.45,DRREDDY.NS,2023-06-21,4910.4,2023-08-17,5880.65,40th Day,40.0,4664.879999999999,5.0,25000,4851.25,29851.25,2023-06-15,25000,24945.25,25417.5,25656.000000000004,25576.000000000004,25987.250000000004,26246.000000000004,25939.500000000004,26390.0,26339.750000000004,26607.000000000004,26360.500000000004,26222.750000000004,26277.250000000007,26393.000000000007,26160.250000000007,25908.250000000007,26596.750000000007,26403.000000000007,26554.750000000007,27144.500000000007,26889.000000000007,27406.500000000007,27575.000000000007,27826.250000000007,27983.000000000007,28363.000000000007,28650.250000000007,28783.250000000007,28750.250000000007,28745.500000000007,28695.750000000007,28601.500000000007,28737.750000000007,29803.000000000007,29703.750000000007,29563.000000000007,29564.750000000007,29737.250000000007,29851.250000000004
96,2023-06-28,5107.85,DRREDDY.NS,2023-07-05,5178.35,2023-08-30,5649.75,40th Day,40.0,4919.4325,4.0,25000,1885.5999999999985,26885.6,2023-06-28,25000,25213.8,25016.6,24906.399999999998,24950.0,25042.6,24856.399999999998,24654.8,25205.6,25050.6,25172.0,25643.8,25439.399999999998,25853.399999999998,25988.199999999997,26189.199999999997,26314.6,26618.6,26848.399999999998,26954.8,26928.399999999998,26924.6,26884.8,26809.399999999998,26918.399999999998,27770.6,27691.199999999997,27578.6,27580.0,27718.0,27809.199999999997,27784.399999999998,27930.0,27988.8,28100.0,27915.199999999997,27403.6,27390.199999999997,27181.8,26885.6
97,2023-04-28,3301.1,EICHERMOT.NS,2023-05-05,3355.1,2023-06-30,3580.1,40th Day,40.0,3187.345,7.0,25000,1575.0,26575.0,2023-04-28,25000,25264.600000000002,25187.600000000002,25431.550000000003,25351.400000000005,26898.750000000004,27123.800000000003,26946.7,26915.550000000003,26547.350000000002,26510.600000000002,26332.45,26725.5,26790.600000000002,27074.800000000003,27346.750000000004,27494.450000000004,27262.750000000004,27217.950000000004,27526.65000000001,27410.10000000001,27227.05000000001,27450.00000000001,27606.100000000013,27116.100000000013,26583.400000000012,26648.50000000001,26662.850000000013,26518.650000000012,26257.20000000001,26286.600000000013,25990.850000000013,26449.00000000001,26507.45000000001,26424.50000000001,26288.70000000001,26375.850000000013,26264.550000000014,26328.250000000015,26575.000000000015
98,2023-05-10,3416.75,EICHERMOT.NS,2023-05-16,3633.2,2023-07-04,3451.5399999999995,Stop Loss,35.0,3451.5399999999995,6.0,25000,-1089.9600000000019,23910.039999999997,2023-05-10,25000,24973.300000000003,24657.700000000004,24626.200000000004,24473.500000000004,24810.400000000005,24866.200000000004,25109.800000000003,25342.9,25469.5,25270.9,25232.5,25497.100000000002,25397.2,25240.3,25431.399999999998,25565.199999999997,25145.199999999997,24688.6,24744.399999999998,24756.699999999997,24633.1,24408.999999999996,24434.199999999997,24180.699999999997,24573.399999999994,24623.499999999993,24552.399999999994,24435.999999999993,24510.699999999993,24415.299999999992,24469.89999999999,24681.39999999999,24985.89999999999,23910.039999999997,23910.039999999997,23910.039999999997,23910.039999999997,23910.039999999997,23910.039999999997
99,2023-01-20,99.0,GAIL.NS,2023-01-27,99.15,2023-02-02,94.1925,Stop Loss,5.0,94.1925,252.0,25000,-1249.2900000000027,23750.71,2023-01-20,25000,23941.6,23992.0,24218.8,23750.71,23750.71,23750.71,23750.71,23750.71,23750.71,23750.71,23750.71,23750.71,23750.71,23750.71,23750.71,23750.71,23750.71,23750.71,23750.71,23750.71,23750.71,23750.71,23750.71,23750.71,23750.71,23750.71,23750.71,23750.71,23750.71,23750.71,23750.71,23750.71,23750.71,23750.71,23750.71,23750.71,23750.71,23750.71,23750.71
100,2023-02-23,98.05,GAIL.NS,2023-03-01,103.4,2023-05-03,108.0,40th Day,40.0,98.23,241.0,25000,1108.5999999999985,26108.6,2023-02-23,25000,24915.649999999998,25445.85,26361.649999999998,26891.85,26265.25,26843.649999999998,26638.8,26590.6,26361.649999999998,26482.149999999998,26626.75,26542.399999999998,25409.699999999997,25482.0,25409.699999999997,25024.1,25120.5,25180.75,25506.1,25421.75,25494.05,25482.0,25494.05,25614.55,25638.649999999998,26253.199999999997,26144.75,26614.699999999997,26470.1,26168.85,26277.3,26192.949999999997,26421.899999999998,26397.8,26638.8,26421.899999999998,25939.899999999998,26180.899999999998,26108.6
101,2023-03-06,109.05,GAIL.NS,2023-03-13,110.2,2023-03-24,104.69,Stop Loss,10.0,104.69,226.0,25000,-1245.2600000000011,23754.739999999998,2023-03-06,25000,24954.8,24740.1,24853.1,24988.7,24909.6,23847.399999999998,23915.2,23847.399999999998,23754.739999999998,23754.739999999998,23754.739999999998,23754.739999999998,23754.739999999998,23754.739999999998,23754.739999999998,23754.739999999998,23754.739999999998,23754.739999999998,23754.739999999998,23754.739999999998,23754.739999999998,23754.739999999998,23754.739999999998,23754.739999999998,23754.739999999998,23754.739999999998,23754.739999999998,23754.739999999998,23754.739999999998,23754.739999999998,23754.739999999998,23754.739999999998,23754.739999999998,23754.739999999998,23754.739999999998,23754.739999999998,23754.739999999998,23754.739999999998,23754.739999999998
102,2023-04-12,108.6,GAIL.NS,2023-04-19,108.25,2023-06-14,107.2,40th Day,40.0,102.83749999999999,230.0,25000,-241.49999999999935,24758.5,2023-04-12,25000,25103.5,25022.999999999996,25241.499999999996,25218.499999999996,25448.499999999996,25241.499999999996,24781.499999999996,25011.499999999996,24942.499999999996,24746.999999999996,24861.999999999996,24815.999999999996,24700.999999999996,25172.499999999996,25252.999999999996,24953.999999999996,25804.999999999996,25793.499999999996,25402.499999999996,24528.499999999996,24217.999999999993,24562.999999999993,24827.499999999993,24873.499999999993,24896.499999999993,24562.999999999993,24539.999999999993,24470.999999999993,24206.499999999993,24332.999999999993,24160.499999999993,24125.999999999996,24183.499999999996,24390.499999999993,24194.999999999993,24229.499999999993,24298.499999999993,24723.999999999993,24758.499999999993
103,2023-06-13,107.05,GAIL.NS,2023-06-19,108.0,2023-08-14,112.85,40th Day,40.0,102.6,231.0,25000,1120.3499999999988,26120.35,2023-06-13,25000,25057.75,24699.7,24179.95,24318.55,24260.8,24145.3,24029.8,24318.55,24641.95,24665.05,24861.4,25646.8,25623.7,25219.45,25300.3,25600.6,25023.1,25462.0,25138.6,25207.9,25346.5,25565.95,25808.5,25935.55,26940.4,26859.55,26986.6,27194.5,27564.1,27852.85,26928.85,26744.05,26686.3,26443.75,26940.4,27286.9,27217.6,26778.7,26120.35
104,2023-07-25,116.4,GAIL.NS,2023-07-31,119.1,2023-08-14,113.145,Stop Loss,11.0,113.145,209.0,25000,-1244.5949999999996,23755.405,2023-07-25,25000,25261.25,24425.25,24258.05,24205.8,23986.35,24435.7,24749.2,24686.5,24289.4,23755.405,23755.405,23755.405,23755.405,23755.405,23755.405,23755.405,23755.405,23755.405,23755.405,23755.405,23755.405,23755.405,23755.405,23755.405,23755.405,23755.405,23755.405,23755.405,23755.405,23755.405,23755.405,23755.405,23755.405,23755.405,23755.405,23755.405,23755.405,23755.405,23755.405
105,2023-02-02,939.7,GODREJCP.NS,2023-02-08,940.7,2023-04-10,965.55,40th Day,40.0,893.665,26.0,25000,646.0999999999976,25646.1,2023-02-02,25000,25003.899999999998,24992.199999999997,24561.899999999998,24736.099999999995,24864.799999999996,24784.199999999993,25036.399999999994,24661.999999999996,24908.999999999996,24719.199999999993,24834.899999999994,24664.59999999999,24305.799999999992,24547.59999999999,24255.09999999999,24265.499999999993,24611.299999999992,24351.299999999992,24476.09999999999,24060.09999999999,24366.899999999994,24340.899999999994,24326.59999999999,24134.199999999993,24782.899999999994,25175.499999999996,25501.799999999996,25075.399999999998,25279.5,25300.3,25273.0,25543.399999999998,25465.399999999998,25665.599999999995,25713.699999999997,25618.8,25750.1,25700.7,25646.1
106,2023-05-25,1029.4,GODREJCP.NS,2023-05-31,1058.35,2023-07-26,1038.55,40th Day,40.0,1005.4324999999999,23.0,25000,-455.39999999999895,24544.600000000002,2023-05-25,25000,24904.550000000003,25059.800000000003,24858.550000000003,24926.400000000005,25161.0,24990.800000000003,24471.0,24672.25,24933.300000000003,25256.45,25445.050000000003,25267.95,25193.2,25311.65,25120.749999999996,24598.65,24484.8,24400.85,24516.999999999996,25247.249999999996,25520.949999999997,25059.8,25081.65,25887.8,25495.65,25097.749999999996,24919.499999999996,25080.499999999996,25229.999999999996,24890.749999999996,25105.8,25063.249999999996,24622.8,24667.65,25047.15,24958.6,24495.15,24459.499999999996,24544.6
107,2023-04-06,1662.44,GRASIM.NS,2023-04-13,1694.36,2023-06-09,1708.95,40th Day,40.0,1609.6419999999998,14.0,25000,204.26000000000204,25204.260000000002,2023-04-06,25000,25314.440000000002,25053.760000000002,24846.700000000004,24809.74,24454.14,24835.5,24801.340000000004,24972.840000000004,25004.200000000004,25267.820000000003,25536.200000000004,25485.380000000005,25819.280000000006,25716.800000000003,26077.300000000003,25889.700000000004,26022.140000000003,26018.640000000003,25735.560000000005,25449.820000000003,25363.300000000003,25331.240000000005,25064.120000000006,25209.160000000003,25240.520000000004,24956.180000000004,24989.640000000003,25003.500000000004,24821.500000000004,25170.100000000006,25335.440000000006,25240.520000000008,25018.90000000001,25131.88000000001,25465.78000000001,25910.56000000001,25947.520000000008,25151.34000000001,25204.26000000001
108,2023-06-14,1772.3,GRASIM.NS,2023-06-20,1762.09,2023-08-16,1809.7,40th Day,40.0,1673.9854999999998,14.0,25000,666.5400000000018,25666.54,2023-06-14,25000,25122.78,24737.92,24260.94,24410.18,24498.8,24637.54,24519.66,25343.14,25006.3,25122.78,24985.44,24640.34,24636.14,24980.54,25122.079999999998,24870.359999999997,24778.379999999997,25334.039999999997,25083.019999999997,25210.559999999998,25702.099999999995,25495.039999999994,25612.91999999999,25836.07999999999,25976.21999999999,25744.65999999999,25762.85999999999,26120.55999999999,25956.619999999988,25723.79999999999,25856.939999999988,25785.81999999999,26206.239999999987,26050.83999999999,26067.499999999985,25853.439999999988,25815.079999999987,25594.719999999987,25666.539999999986
109,2023-02-15,1241.28,HAL.NS,2023-02-21,1311.12,2023-04-24,1412.8,40th Day,40.0,1245.5639999999999,19.0,25000,1931.9200000000012,26931.920000000002,2023-02-15,25000,24404.54,24227.65,24159.440000000002,24535.640000000003,24544.570000000003,25589.0,25839.04,25663.29,25840.940000000002,27289.5,27284.37,27157.070000000003,26625.640000000003,26524.37,26530.640000000003,25954.940000000002,26678.65,25214.890000000003,25316.54,25024.320000000003,23804.140000000003,24479.97,25064.79,25058.9,25802.940000000002,26034.17,25856.52,25945.440000000002,26383.390000000003,26842.62,26922.04,26798.54,26735.65,26987.4,26965.55,26889.17,26462.05,26517.15,26931.92
110,2023-03-01,1342.12,HAL.NS,2023-03-08,1431.62,2023-03-20,1360.0389999999998,Stop Loss,9.0,1360.0389999999998,17.0,25000,-1216.8770000000022,23783.123,2023-03-01,25000,24995.41,24881.510000000002,24406.02,24315.409999999996,24321.02,23805.920000000002,24453.45,23783.123,23783.123,23783.123,23783.123,23783.123,23783.123,23783.123,23783.123,23783.123,23783.123,23783.123,23783.123,23783.123,23783.123,23783.123,23783.123,23783.123,23783.123,23783.123,23783.123,23783.123,23783.123,23783.123,23783.123,23783.123,23783.123,23783.123,23783.123,23783.123,23783.123,23783.123,23783.123
111,2023-04-28,1460.1,HAL.NS,2023-05-05,1472.18,2023-06-30,1896.25,40th Day,40.0,1398.571,16.0,25000,6785.119999999999,31785.12,2023-04-28,25000,25115.52,24759.52,25080.32,25592.0,25236.64,25640.0,26219.2,26516.32,26196.32,26031.52,26239.52,25816.32,25455.039999999997,25562.719999999998,25606.719999999998,25554.719999999998,26262.239999999998,26381.6,26091.2,26788.64,27713.12,28749.92,29349.6,29664.32,31308.32,30933.6,30558.719999999998,31169.92,31105.92,32202.719999999998,32592.32,32234.719999999998,32008.0,31528.64,30569.6,31053.6,30733.92,31220.32,31785.12
112,2023-05-16,1548.38,HAL.NS,2023-05-22,1549.65,2023-07-17,1907.85,40th Day,40.0,1472.1675,16.0,25000,5731.199999999997,30731.199999999997,2023-05-16,25000,24576.8,24215.519999999997,24323.199999999997,24367.199999999997,24315.199999999997,25022.719999999998,25142.079999999998,24851.68,25549.12,26473.6,27510.399999999998,28110.079999999998,28424.8,30068.8,29694.079999999998,29319.199999999997,29930.399999999998,29866.399999999998,30963.199999999997,31352.8,30995.199999999997,30768.48,30289.12,29330.079999999998,29814.079999999998,29494.399999999998,29980.8,30545.6,30366.079999999998,29982.399999999998,30084.8,30054.079999999998,30281.6,30417.12,31545.12,30956.48,31037.6,30899.199999999997,30731.199999999997
113,2023-06-02,1583.97,HAL.NS,2023-06-08,1763.7,2023-08-03,1883.28,40th Day,40.0,1675.5149999999999,14.0,25000,1674.119999999999,26674.12,2023-06-02,25000,26438.5,26110.62,25782.6,26317.399999999998,26261.399999999998,27221.1,27562.0,27249.1,27050.72,26631.28,25792.12,26215.62,25935.899999999998,26361.5,26855.7,26698.62,26362.899999999998,26452.5,26425.62,26624.7,26743.280000000002,27730.280000000002,27215.22,27286.2,27165.1,27018.1,27259.879999999997,27334.5,27166.78,27289.28,27504.879999999997,27162.72,27318.4,27278.780000000002,27811.2,28038.7,27369.5,26487.22,26674.12
114,2023-01-09,1067.45,HCLTECH.NS,2023-01-13,1077.8,2023-03-13,1098.6,40th Day,40.0,1023.9099999999999,23.0,25000,478.39999999999895,25478.399999999998,2023-01-09,25000,25365.7,25764.75,25859.050000000003,25772.800000000003,25690.0,25998.2,26381.149999999998,26033.85,25869.399999999998,26309.85,26021.2,26248.899999999998,26651.399999999998,26572.050000000003,26561.7,26160.35,26545.6,26576.649999999998,25870.550000000003,25809.600000000002,26095.950000000004,26267.300000000007,26158.050000000007,25730.250000000004,25871.700000000004,25630.200000000004,25340.4,25380.65,25392.15,25141.450000000004,24995.4,25535.9,25647.450000000004,25947.600000000002,26124.700000000004,25985.550000000007,25893.550000000007,25885.500000000004,25478.4
115,2023-01-17,1111.05,HCLTECH.NS,2023-01-23,1121.2,2023-03-21,1083.9,40th Day,40.0,1065.14,22.0,25000,-820.599999999999,24179.4,2023-01-17,25000,25366.299999999996,25034.1,24876.799999999996,25298.1,25022.0,25239.799999999996,25624.799999999996,25548.9,25539.0,25155.1,25523.6,25553.299999999996,24877.9,24819.6,25093.5,25257.4,25152.9,24743.699999999997,24879.0,24648.0,24370.799999999996,24409.299999999996,24420.299999999996,24180.5,24040.799999999996,24557.799999999996,24664.5,24951.6,25121.0,24987.9,24899.9,24892.199999999997,24502.799999999996,24182.699999999997,24085.9,23926.4,24719.5,24332.299999999996,24179.4
116,2023-06-15,1143.6,HCLTECH.NS,2023-06-21,1170.45,2023-07-12,1111.9275,Stop Loss,15.0,1111.9275,21.0,25000,-1228.9725000000008,23771.0275,2023-06-15,25000,24851.95,24888.7,24938.05,24990.55,24995.8,25367.5,25234.149999999998,25423.149999999998,25511.35,25214.2,24730.149999999998,24035.05,23833.45,23771.0275,23771.0275,23771.0275,23771.0275,23771.0275,23771.0275,23771.0275,23771.0275,23771.0275,23771.0275,23771.0275,23771.0275,23771.0275,23771.0275,23771.0275,23771.0275,23771.0275,23771.0275,23771.0275,23771.0275,23771.0275,23771.0275,23771.0275,23771.0275,23771.0275,23771.0275
117,2023-03-29,1587.8,HDFCBANK.NS,2023-04-06,1666.35,2023-06-05,1604.4,40th Day,40.0,1583.0324999999998,15.0,25000,-929.2499999999973,24070.750000000004,2023-03-29,25000,24881.500000000004,24954.250000000004,25278.250000000007,25391.500000000007,25004.500000000007,24898.750000000004,24990.250000000007,25083.250000000007,25123.750000000004,25327.000000000007,24967.000000000007,25081.750000000004,25219.750000000004,25318.750000000004,25313.500000000004,25402.000000000004,25921.75,24389.500000000004,24671.500000000004,24672.250000000004,24786.250000000004,24802.750000000007,25021.750000000007,25141.750000000007,24714.250000000007,24581.500000000007,24679.750000000007,24708.250000000007,24620.500000000004,24562.750000000004,24241.750000000004,24148.750000000004,24241.750000000004,24537.250000000004,24556.000000000004,24167.500000000004,24064.750000000004,24102.250000000004,24070.750000000004
118,2023-04-05,1653.75,HDFCBANK.NS,2023-04-12,1684.9,2023-06-06,1600.655,Stop Loss,38.0,1600.655,14.0,25000,-1179.4300000000017,23820.57,2023-04-05,25000,25105.7,24744.5,24645.799999999996,24731.199999999997,24817.999999999996,24855.799999999996,25045.5,24709.5,24816.6,24945.399999999998,25037.799999999996,25032.899999999998,25115.5,25600.6,24170.5,24433.7,24434.4,24540.8,24556.2,24760.6,24872.6,24473.6,24349.7,24441.4,24468.000000000004,24386.100000000002,24332.200000000004,24032.600000000002,23945.800000000003,24032.600000000002,24308.4,24325.9,23963.3,23867.4,23902.4,23873.000000000004,23820.57,23820.57,23820.57
119,2023-06-21,1635.6,HDFCBANK.NS,2023-06-27,1658.6,2023-08-23,1586.6,40th Day,40.0,1575.6699999999998,15.0,25000,-1080.0,23920.0,2023-06-21,25000,25263.250000000004,25642.000000000004,25918.0,26044.0,25220.5,25246.0,25027.0,24967.75,24847.0,24615.25,24737.499999999996,24788.499999999996,25304.499999999996,25283.499999999996,25397.499999999996,25452.249999999996,25257.249999999996,25296.999999999996,25569.999999999993,25481.499999999996,25218.249999999996,24773.499999999996,24888.999999999996,25054.749999999996,24728.499999999996,24550.749999999996,24903.999999999996,24889.749999999996,24869.499999999996,24878.499999999996,24658.749999999996,24402.999999999996,24284.5,24214.0,24080.5,23982.25,23963.5,23861.5,23919.999999999996
120,2023-06-28,1676.15,HDFCBANK.NS,2023-07-05,1673.3,2023-08-21,1589.635,Stop Loss,33.0,1589.635,14.0,25000,-1171.3099999999995,23828.690000000002,2023-06-28,25000,25023.8,24819.4,24764.100000000002,24651.4,24435.100000000002,24549.2,24596.800000000003,25078.400000000005,25058.800000000003,25165.2,25216.300000000003,25034.300000000003,25071.400000000005,25326.200000000004,25243.600000000006,24997.900000000005,24582.800000000003,24690.600000000002,24845.300000000003,24540.800000000003,24374.900000000005,24704.600000000006,24691.300000000007,24672.40000000001,24680.800000000007,24475.700000000004,24237.000000000004,24126.400000000005,24060.600000000006,23936.000000000004,23844.300000000003,23828.690000000002,23828.690000000002,23828.690000000002,23828.690000000002,23828.690000000002,23828.690000000002,23828.690000000002,23828.690000000002
121,2023-04-05,507.75,HDFCLIFE.NS,2023-04-12,517.05,2023-06-08,593.9,40th Day,40.0,491.19749999999993,48.0,25000,3688.800000000001,28688.800000000003,2023-04-05,25000,25710.4,25784.8,25732.0,25372.0,25633.600000000002,24820.0,26464.0,25609.600000000002,25698.4,25038.4,25609.6,26317.6,26039.2,26413.6,26087.2,26559.999999999996,26679.999999999996,27188.799999999996,27416.799999999996,27092.799999999996,27027.999999999993,27037.599999999995,27066.399999999994,27135.999999999993,26946.399999999994,27397.59999999999,27191.199999999993,27349.59999999999,27639.99999999999,27887.199999999993,27975.99999999999,28268.79999999999,28614.39999999999,28127.19999999999,27848.79999999999,27740.79999999999,28007.19999999999,28715.19999999999,28688.79999999999
122,2023-04-13,531.85,HDFCLIFE.NS,2023-04-20,530.25,2023-06-15,578.15,40th Day,40.0,503.73749999999995,47.0,25000,2251.299999999999,27251.3,2023-04-13,25000,24203.35,25813.1,24976.5,25063.45,24417.2,24976.5,25669.75,25397.15,25763.75,25444.15,25907.1,26024.6,26522.8,26746.05,26428.8,26365.35,26374.75,26402.95,26471.1,26285.45,26727.25,26525.15,26680.25,26964.6,27206.65,27293.6,27580.3,27918.7,27441.65,27169.05,27063.3,27324.15,28017.4,27991.55,27418.15,27545.05,27563.85,27575.6,27251.3
123,2023-05-25,572.05,HDFCLIFE.NS,2023-05-31,592.35,2023-07-26,658.6,40th Day,40.0,562.7325,42.0,25000,2782.5,27782.5,2023-05-25,25000,24573.7,24330.1,24235.6,24468.7,25088.2,25065.1,24552.7,24666.1,24682.899999999998,24693.399999999998,24403.6,25722.399999999998,26436.399999999998,27156.7,27106.3,26959.3,26451.1,26591.8,28143.7,27503.2,27471.7,27450.7,27295.3,28412.5,27889.6,27761.5,28187.8,28368.399999999998,28332.7,28706.5,28263.399999999998,28141.6,27696.399999999998,27801.399999999998,27885.399999999998,27307.899999999998,27553.6,27496.899999999998,27782.5
124,2023-04-03,2431.1,HEROMOTOCO.NS,2023-04-11,2469.85,2023-06-07,2958.0,40th Day,40.0,2346.3574999999996,10.0,25000,4881.500000000001,29881.5,2023-04-03,25000,25074.500000000004,24772.000000000004,24961.0,24698.5,24761.0,24787.000000000004,24895.0,25312.000000000004,25279.0,25353.0,25388.0,25887.5,25260.5,25328.0,25446.5,25774.0,26065.0,26217.000000000004,26162.000000000004,26156.0,26360.500000000004,27220.500000000004,27161.500000000004,27531.0,27653.000000000004,27431.500000000004,27223.000000000004,27406.0,27688.5,27629.500000000004,27753.000000000004,28070.500000000004,28093.000000000004,27900.500000000004,28305.500000000004,29228.000000000004,29007.5,29349.500000000004,29881.5
125,2023-05-09,2591.55,HEROMOTOCO.NS,2023-05-15,2691.9,2023-07-10,3123.7,40th Day,40.0,2557.305,9.0,25000,3886.1999999999975,28886.199999999997,2023-05-09,25000,24946.899999999998,25279.449999999997,25389.25,25189.899999999998,25002.25,25166.949999999997,25421.199999999997,25368.1,25479.249999999996,25764.999999999996,25785.249999999996,25611.999999999996,25976.499999999996,26806.749999999996,26608.299999999996,26916.1,27394.899999999998,27456.1,26866.6,27146.499999999996,27344.949999999993,27157.299999999996,26360.35,26261.35,25816.299999999996,25979.199999999993,26184.85,26198.35,25760.499999999996,26434.149999999994,26369.799999999992,26231.649999999994,26963.799999999992,26861.649999999994,28041.099999999995,29196.69999999999,29321.799999999992,29106.69999999999,28886.19999999999
126,2023-05-15,2691.9,HEROMOTOCO.NS,2023-05-19,2713.0,2023-07-14,3136.3,40th Day,40.0,2577.35,9.0,25000,3809.7000000000016,28809.7,2023-05-15,25000,24812.350000000002,24977.05,25231.3,25178.200000000004,25289.350000000002,25575.100000000002,25595.350000000002,25422.100000000002,25786.600000000002,26616.850000000002,26418.4,26726.200000000004,27205.000000000004,27266.200000000004,26676.700000000004,26956.600000000002,27155.05,26967.4,26170.450000000004,26071.450000000004,25626.4,25789.3,25994.950000000004,26008.450000000004,25570.600000000002,26244.25,26179.899999999998,26041.75,26773.899999999998,26671.75,27851.2,29006.799999999996,29131.899999999998,28916.799999999996,28696.299999999996,28506.399999999998,28292.649999999998,28240.899999999998,28809.7
127,2023-06-01,2800.4,HEROMOTOCO.NS,2023-06-07,2958.0,2023-06-19,2810.1,Stop Loss,9.0,2810.1,8.0,25000,-1183.2000000000007,23816.8,2023-06-01,25000,25054.4,24530.4,24779.2,24955.6,24788.8,24080.4,23992.4,23816.8,23816.8,23816.8,23816.8,23816.8,23816.8,23816.8,23816.8,23816.8,23816.8,23816.8,23816.8,23816.8,23816.8,23816.8,23816.8,23816.8,23816.8,23816.8,23816.8,23816.8,23816.8,23816.8,23816.8,23816.8,23816.8,23816.8,23816.8,23816.8,23816.8,23816.8,23816.8
128,2023-06-30,2910.1,HEROMOTOCO.NS,2023-07-06,3172.1,2023-08-02,3013.495,Stop Loss,20.0,3013.495,7.0,25000,-1110.2350000000001,23889.765,2023-06-30,25000,24832.7,24661.2,24513.5,24347.25,24307.0,24749.4,24436.5,24610.100000000002,24471.850000000002,24405.350000000002,24509.65,24733.65,24777.4,24815.199999999997,24753.949999999997,25002.8,25221.199999999997,24509.999999999996,23889.765,23889.765,23889.765,23889.765,23889.765,23889.765,23889.765,23889.765,23889.765,23889.765,23889.765,23889.765,23889.765,23889.765,23889.765,23889.765,23889.765,23889.765,23889.765,23889.765,23889.765
129,2023-07-04,3029.8,HEROMOTOCO.NS,2023-07-10,3123.7,2023-08-03,2967.515,Stop Loss,19.0,2967.515,8.0,25000,-1249.4799999999996,23750.52,2023-07-04,25000,24831.2,24641.2,24595.2,25100.800000000003,24743.2,24941.600000000002,24783.600000000002,24707.600000000002,24826.800000000003,25082.800000000003,25132.800000000003,25176.0,25106.0,25390.4,25640.0,24827.2,23958.0,23750.52,23750.52,23750.52,23750.52,23750.52,23750.52,23750.52,23750.52,23750.52,23750.52,23750.52,23750.52,23750.52,23750.52,23750.52,23750.52,23750.52,23750.52,23750.52,23750.52,23750.52,23750.52
130,2023-01-11,490.95,HINDALCO.NS,2023-01-17,487.9,2023-02-03,463.50499999999994,Stop Loss,13.0,463.50499999999994,51.0,25000,-1244.145000000002,23755.855,2023-01-11,25000,25767.55,25561.0,25104.55,25321.3,24834.25,25061.2,24546.1,24206.95,24005.5,23977.45,23852.5,23755.855,23755.855,23755.855,23755.855,23755.855,23755.855,23755.855,23755.855,23755.855,23755.855,23755.855,23755.855,23755.855,23755.855,23755.855,23755.855,23755.855,23755.855,23755.855,23755.855,23755.855,23755.855,23755.855,23755.855,23755.855,23755.855,23755.855,23755.855
131,2023-03-31,405.35,HINDALCO.NS,2023-04-10,411.45,2023-06-06,415.55,40th Day,40.0,390.8775,60.0,25000,246.00000000000136,25246.0,2023-03-31,25000,25366.0,25371.999999999996,25636.0,26035.0,26206.0,26296.0,26104.0,25654.0,25981.0,26101.0,25801.0,26161.0,26479.0,27081.999999999996,26851.0,27043.0,26368.0,27016.0,26734.0,26499.999999999996,25564.0,24598.0,24955.0,25060.0,24775.0,24703.0,24718.0,24775.0,24931.0,24726.999999999996,24567.999999999996,25125.999999999996,25506.999999999993,25098.999999999996,24666.999999999993,24693.999999999996,25557.999999999996,25494.999999999996,25245.999999999996
132,2023-04-28,436.1,HINDALCO.NS,2023-05-05,434.25,2023-05-12,412.53749999999997,Stop Loss,6.0,412.53749999999997,57.0,25000,-1237.612500000002,23762.387499999997,2023-04-28,25000,25615.600000000002,25347.700000000004,25125.4,24236.200000000004,23762.387499999997,23762.387499999997,23762.387499999997,23762.387499999997,23762.387499999997,23762.387499999997,23762.387499999997,23762.387499999997,23762.387499999997,23762.387499999997,23762.387499999997,23762.387499999997,23762.387499999997,23762.387499999997,23762.387499999997,23762.387499999997,23762.387499999997,23762.387499999997,23762.387499999997,23762.387499999997,23762.387499999997,23762.387499999997,23762.387499999997,23762.387499999997,23762.387499999997,23762.387499999997,23762.387499999997,23762.387499999997,23762.387499999997,23762.387499999997,23762.387499999997,23762.387499999997,23762.387499999997,23762.387499999997,23762.387499999997
133,2023-05-11,2592.4,HINDUNILVR.NS,2023-05-17,2661.75,2023-07-12,2673.65,40th Day,40.0,2528.6625,9.0,25000,107.10000000000082,25107.100000000002,2023-05-11,25000,24692.2,24817.299999999996,24787.149999999998,24698.95,24578.799999999996,24419.499999999996,24915.399999999994,24896.949999999997,24953.199999999997,25052.199999999997,25325.349999999995,25494.549999999992,25306.449999999997,25264.599999999995,25490.049999999992,25163.349999999995,24770.049999999992,24835.299999999992,25127.349999999995,25332.999999999993,25251.549999999992,25485.099999999995,25193.499999999993,25129.14999999999,25133.64999999999,24933.39999999999,24818.64999999999,24913.14999999999,24906.39999999999,24995.499999999993,25147.599999999995,25353.699999999997,25344.249999999996,25846.899999999994,25858.149999999994,25327.149999999994,24953.199999999997,25204.749999999996,25107.1
134,2023-06-01,2697.9,HINDUNILVR.NS,2023-06-07,2716.2,2023-07-24,2580.39,Stop Loss,33.0,2580.39,9.0,25000,-1222.2899999999995,23777.71,2023-06-01,25000,24673.300000000003,24280.0,24345.25,24637.300000000003,24842.95,24761.5,24995.050000000003,24703.45,24639.1,24643.6,24443.35,24328.6,24423.1,24416.35,24505.45,24657.550000000003,24863.650000000005,24854.200000000004,25356.850000000002,25368.100000000002,24837.100000000002,24463.150000000005,24714.700000000004,24617.050000000007,24446.500000000004,24646.300000000007,24689.500000000004,24699.40000000001,24598.600000000006,24883.450000000008,23990.200000000008,23777.71,23777.71,23777.71,23777.71,23777.71,23777.71,23777.71,23777.71
135,2023-01-12,345.1,HINDZINC.NS,2023-01-18,361.35,2023-01-30,343.2825,Stop Loss,8.0,343.2825,69.0,25000,-1246.6574999999998,23753.3425,2023-01-12,25000,26117.8,24423.85,23954.649999999998,24558.399999999998,24768.85,23965.0,23753.3425,23753.3425,23753.3425,23753.3425,23753.3425,23753.3425,23753.3425,23753.3425,23753.3425,23753.3425,23753.3425,23753.3425,23753.3425,23753.3425,23753.3425,23753.3425,23753.3425,23753.3425,23753.3425,23753.3425,23753.3425,23753.3425,23753.3425,23753.3425,23753.3425,23753.3425,23753.3425,23753.3425,23753.3425,23753.3425,23753.3425,23753.3425,23753.3425
136,2023-04-25,913.45,ICICIBANK.NS,2023-05-02,922.1,2023-06-26,927.45,40th Day,40.0,875.995,27.0,25000,144.4500000000006,25144.45,2023-04-25,25000,25020.25,24989.2,25130.95,25426.6,25332.1,25376.649999999998,25461.7,25588.6,25638.55,25654.75,25465.75,25658.8,25869.399999999998,25762.75,25845.1,25500.85,25479.25,25772.2,25703.35,25751.95,25730.35,25378.0,25433.35,25665.55,25540.0,25488.7,25426.6,25430.649999999998,25373.95,25579.149999999998,25477.899999999998,25121.5,25326.7,25028.35,25093.149999999998,25070.2,25098.55,25037.8,25144.45
137,2023-04-05,1093.05,ICICIGI.NS,2023-04-12,1090.85,2023-06-08,1252.65,40th Day,40.0,1036.3075,22.0,25000,3559.600000000004,28559.600000000006,2023-04-05,25000,24934.0,25291.5,25877.800000000003,24677.700000000004,24678.800000000003,24312.5,24528.100000000006,24623.800000000003,24558.9,24455.5,24742.600000000006,24916.4,24947.200000000004,24976.9,24588.600000000006,24825.100000000006,25169.4,25378.4,25423.5,25601.700000000004,25623.700000000004,25580.800000000003,25253.0,25086.9,24687.600000000006,25040.700000000004,24862.5,24643.600000000006,24767.9,25200.200000000004,27202.200000000004,27063.600000000006,27007.5,27956.800000000003,28125.100000000006,27978.800000000003,28231.800000000003,28663.0,28559.600000000006
138,2023-05-29,461.8,ICICIPRULI.NS,2023-06-02,471.8,2023-07-28,580.45,40th Day,40.0,448.21,52.0,25000,5649.800000000002,30649.800000000003,2023-05-29,25000,25725.399999999998,26294.799999999996,26861.6,27131.999999999996,26209.0,26643.199999999997,26864.199999999997,27350.399999999998,27116.399999999998,28244.8,29027.399999999998,29755.399999999998,29997.199999999997,29718.999999999996,29386.199999999997,29796.999999999996,30631.6,30272.8,30236.399999999998,30478.199999999997,29877.6,30231.199999999997,30407.999999999996,30277.999999999996,31406.399999999998,31367.399999999998,31515.6,31572.8,31034.6,30758.999999999996,30353.399999999998,29557.8,28949.399999999998,29120.999999999996,30116.800000000003,30470.4,30452.2,30226.0,30649.800000000003
139,2023-06-06,496.7,ICICIPRULI.NS,2023-06-12,503.4,2023-08-07,578.6,40th Day,40.0,478.22999999999996,49.0,25000,3684.800000000002,28684.800000000003,2023-06-06,25000,25208.25,25666.4,25445.9,26509.200000000004,27246.65,27932.65,28160.5,27898.35,27584.75,27971.85,28758.300000000003,28420.200000000004,28385.9,28613.75,28047.800000000003,28381.0,28547.6,28425.1,29488.4,29451.65,29591.300000000003,29645.200000000004,29138.050000000003,28878.35,28496.15,27746.450000000004,27173.15,27334.85,28273.200000000004,28606.4,28589.25,28376.1,28775.450000000004,28728.9,28493.700000000004,28158.050000000003,28302.6,28704.4,28684.800000000003
140,2023-06-16,534.2,ICICIPRULI.NS,2023-06-22,562.55,2023-08-18,537.5,40th Day,40.0,534.4224999999999,44.0,25000,-1102.199999999998,23897.800000000003,2023-06-16,25000,24718.4,25066.0,25772.200000000004,25468.600000000006,25437.800000000003,25642.4,25134.200000000004,25433.4,25583.0,25473.0,26427.800000000003,26394.800000000003,26520.200000000004,26568.600000000006,26113.200000000004,25880.0,25536.800000000003,24863.600000000006,24348.800000000003,24494.0,25336.600000000006,25635.800000000003,25620.4,25429.0,25787.600000000006,25745.800000000003,25534.600000000006,25233.200000000004,25363.0,25723.800000000003,25706.200000000004,25818.4,25690.800000000003,25576.4,24887.800000000003,24667.800000000003,24267.4,24155.200000000004,23897.800000000003
141,2023-06-20,563.25,ICICIPRULI.NS,2023-06-26,564.05,2023-08-22,547.55,40th Day,40.0,535.8475,44.0,25000,-726.0,24274.0,2023-06-20,25000,25706.200000000004,25402.600000000006,25371.800000000003,25576.4,25068.200000000004,25367.4,25517.0,25407.0,26361.800000000003,26328.800000000003,26454.200000000004,26502.600000000006,26047.200000000004,25814.0,25470.800000000003,24797.600000000006,24282.800000000003,24428.0,25270.600000000006,25569.800000000003,25554.4,25363.0,25721.600000000006,25679.800000000003,25468.600000000006,25167.200000000004,25297.0,25657.800000000003,25640.200000000004,25752.4,25624.800000000003,25510.4,24821.800000000003,24601.800000000003,24201.4,24089.200000000004,23831.800000000003,23834.0,24274.0
142,2023-07-10,595.0,ICICIPRULI.NS,2023-07-14,587.85,2023-07-20,558.4575,Stop Loss,5.0,558.4575,42.0,25000,-1234.4850000000017,23765.515,2023-07-10,25000,24777.399999999998,24449.8,23807.2,23765.515,23765.515,23765.515,23765.515,23765.515,23765.515,23765.515,23765.515,23765.515,23765.515,23765.515,23765.515,23765.515,23765.515,23765.515,23765.515,23765.515,23765.515,23765.515,23765.515,23765.515,23765.515,23765.515,23765.515,23765.515,23765.515,23765.515,23765.515,23765.515,23765.515,23765.515,23765.515,23765.515,23765.515,23765.515,23765.515
143,2023-08-01,62.95,IDBI.NS,2023-08-07,65.25,2023-08-17,61.9875,Stop Loss,8.0,61.9875,383.0,25000,-1249.537500000001,23750.462499999998,2023-08-01,25000,24751.05,24272.300000000003,24425.500000000004,24674.450000000004,24329.750000000004,23755.250000000004,23750.462499999998,23750.462499999998,23750.462499999998,23750.462499999998,23750.462499999998,23750.462499999998,23750.462499999998,23750.462499999998,23750.462499999998,23750.462499999998,23750.462499999998,23750.462499999998,23750.462499999998,23750.462499999998,23750.462499999998,23750.462499999998,23750.462499999998,23750.462499999998,23750.462499999998,23750.462499999998,23750.462499999998,23750.462499999998,23750.462499999998,23750.462499999998,23750.462499999998,23750.462499999998,23750.462499999998,23750.462499999998,23750.462499999998,23750.462499999998,23750.462499999998,23750.462499999998,23750.462499999998
144,2023-03-31,324.35,INDHOTEL.NS,2023-04-10,328.0,2023-06-06,389.25,40th Day,40.0,311.59999999999997,76.0,25000,4655.0,29655.0,2023-03-31,25000,24950.600000000002,25209.0,25003.8,25334.399999999998,25182.399999999998,25193.8,25539.6,25664.999999999996,25835.999999999996,25824.6,25984.199999999997,25911.999999999996,25843.6,26478.199999999997,27044.399999999998,27219.199999999997,27333.199999999997,28199.6,28514.999999999996,28294.6,27853.8,27249.6,26926.6,27716.999999999996,28001.999999999996,27933.6,28370.6,28283.199999999997,28267.999999999996,28590.999999999996,28997.6,29252.199999999997,28951.999999999996,29366.199999999997,29689.199999999997,30145.199999999997,30141.399999999998,29696.8,29655.0
145,2023-04-20,335.1,INDHOTEL.NS,2023-04-26,340.95,2023-06-21,396.8,40th Day,40.0,323.9025,73.0,25000,4077.0500000000015,29077.050000000003,2023-04-20,25000,24930.65,24864.950000000004,25474.5,26018.35,26186.25,26295.75,27127.950000000004,27430.9,27219.200000000004,26795.800000000003,26215.450000000004,25905.200000000004,26664.4,26938.15,26872.450000000004,27292.200000000004,27208.250000000004,27193.650000000005,27503.900000000005,27894.450000000008,28139.000000000007,27850.65000000001,28248.500000000007,28558.750000000007,28996.750000000007,28993.100000000006,28566.050000000007,28525.900000000005,29007.700000000008,27909.050000000007,27993.000000000004,28412.750000000004,28825.200000000004,28675.550000000003,28832.5,29547.9,29029.6,28909.15,29077.050000000003
146,2023-05-03,354.9,INDHOTEL.NS,2023-05-09,374.25,2023-05-15,355.53749999999997,Stop Loss,5.0,355.53749999999997,66.0,25000,-1235.0250000000024,23764.975,2023-05-03,25000,24808.600000000002,24425.800000000003,23901.100000000002,23764.975,23764.975,23764.975,23764.975,23764.975,23764.975,23764.975,23764.975,23764.975,23764.975,23764.975,23764.975,23764.975,23764.975,23764.975,23764.975,23764.975,23764.975,23764.975,23764.975,23764.975,23764.975,23764.975,23764.975,23764.975,23764.975,23764.975,23764.975,23764.975,23764.975,23764.975,23764.975,23764.975,23764.975,23764.975,23764.975
147,2023-01-11,2107.35,INDIGO.NS,2023-01-17,2081.25,2023-02-16,1977.1875,Stop Loss,22.0,1977.1875,12.0,25000,-1248.75,23751.25,2023-01-11,25000,25036.0,25498.600000000002,25223.199999999997,25486.6,25253.199999999997,25336.0,25153.600000000002,25030.0,25516.0,25043.800000000003,25523.2,25197.4,24883.600000000006,24329.800000000003,24507.4,24501.4,24547.0,24607.600000000002,24466.6,23857.6,23751.25,23751.25,23751.25,23751.25,23751.25,23751.25,23751.25,23751.25,23751.25,23751.25,23751.25,23751.25,23751.25,23751.25,23751.25,23751.25,23751.25,23751.25,23751.25
148,2023-04-17,1937.0,INDIGO.NS,2023-04-21,1987.65,2023-06-16,2429.5,40th Day,40.0,1888.2675,12.0,25000,5302.199999999999,30302.199999999997,2023-04-17,25000,25051.6,25060.6,25358.799999999996,25400.799999999996,25399.6,25957.0,27117.399999999998,27111.399999999998,27054.399999999998,27546.399999999998,27642.399999999998,27832.0,28165.6,27963.4,28165.000000000004,28520.200000000004,28750.600000000002,28324.000000000007,28349.80000000001,28628.80000000001,28474.600000000006,28376.200000000008,28816.600000000006,29028.40000000001,29002.600000000006,29605.000000000007,29618.200000000004,29273.800000000007,29777.200000000004,29981.200000000004,30073.000000000007,30187.000000000007,30512.80000000001,30701.200000000008,30079.600000000006,29228.200000000008,29420.200000000008,30117.40000000001,30302.20000000001
149,2023-05-02,2067.4,INDIGO.NS,2023-05-08,2199.85,2023-07-03,2638.2,40th Day,40.0,2089.8574999999996,11.0,25000,4821.8499999999985,29821.85,2023-05-02,25000,25088.0,25261.800000000003,25567.6,25382.25,25567.050000000003,25892.65,26103.85,25712.800000000003,25736.450000000004,25992.200000000004,25850.85,25760.65,26164.35,26358.5,26334.85,26887.050000000003,26899.15,26583.450000000004,27044.9,27231.9,27316.050000000003,27420.550000000003,27719.200000000004,27891.9,27322.1,26541.65,26717.65,27356.75,27526.15,27556.950000000004,27616.9,27974.950000000004,28048.1,28027.200000000004,27915.0,28628.9,29633.75,29697.550000000003,29821.85
150,2023-06-02,2385.75,INDIGO.NS,2023-06-08,2447.05,2023-08-03,2447.75,40th Day,40.0,2324.6975,10.0,25000,6.999999999998181,25007.0,2023-06-02,25000,25157.0,24639.0,23929.5,24089.5,24670.5,24824.5,24852.5,24907.0,25232.5,25298.999999999996,25280.0,25177.999999999996,25826.999999999996,26740.499999999996,26798.5,26911.499999999996,26466.499999999996,27075.499999999996,27515.0,26840.0,27245.499999999996,27566.999999999996,27785.0,27393.5,27108.999999999996,27303.999999999996,27060.0,27534.5,27836.0,27316.0,27236.0,26373.5,25928.0,26028.0,26699.5,26458.5,26237.0,26182.5,25007.0
151,2023-03-03,1126.4,INDUSINDBK.NS,2023-03-10,1144.8,2023-03-13,1087.56,Stop Loss,2.0,1087.56,21.0,25000,-1202.0400000000002,23797.96,2023-03-03,25000,23797.96,23797.96,23797.96,23797.96,23797.96,23797.96,23797.96,23797.96,23797.96,23797.96,23797.96,23797.96,23797.96,23797.96,23797.96,23797.96,23797.96,23797.96,23797.96,23797.96,23797.96,23797.96,23797.96,23797.96,23797.96,23797.96,23797.96,23797.96,23797.96,23797.96,23797.96,23797.96,23797.96,23797.96,23797.96,23797.96,23797.96,23797.96,23797.96
152,2023-03-29,1057.1,INDUSINDBK.NS,2023-04-06,1082.0,2023-06-05,1301.8,40th Day,40.0,1027.8999999999999,23.0,25000,5055.399999999999,30055.399999999998,2023-03-29,25000,24707.899999999998,24820.6,24833.249999999996,25627.899999999994,25974.049999999992,26492.699999999997,25883.199999999997,26016.599999999995,25790.049999999992,25459.999999999993,25914.249999999993,26283.39999999999,26443.249999999993,26628.39999999999,26584.699999999993,26475.449999999993,26209.79999999999,24799.89999999999,26020.04999999999,26347.79999999999,27082.64999999999,27425.34999999999,27912.949999999993,28163.64999999999,28180.89999999999,28545.449999999993,28608.699999999993,28817.999999999993,28775.449999999993,29098.59999999999,29364.24999999999,29172.19999999999,29279.149999999987,29667.849999999988,29858.749999999985,29705.799999999985,29787.44999999999,29742.599999999988,30055.399999999987
153,2023-05-09,1140.6,INDUSINDBK.NS,2023-05-15,1219.55,2023-07-10,1367.0,40th Day,40.0,1158.5725,20.0,25000,2949.000000000001,27949.0,2023-05-09,25000,25015.0,25332.000000000004,25387.000000000004,25569.0,25532.0,25813.0,26044.0,25877.0,25969.999999999996,26308.0,26474.0,26341.0,26412.000000000004,26373.000000000004,26645.0,26729.0,26833.0,26685.999999999996,27229.999999999996,27258.0,27334.0,27074.0,26551.0,26889.0,26637.0,26577.0,26340.999999999996,26063.0,26783.0,26910.0,26928.0,27290.0,28102.000000000004,28216.0,27956.0,28600.0,28413.0,27750.999999999996,27949.0
154,2023-05-30,1293.25,INDUSINDBK.NS,2023-06-05,1301.8,2023-07-31,1417.75,40th Day,40.0,1236.7099999999998,19.0,25000,2203.050000000001,27203.050000000003,2023-05-30,25000,25079.8,25178.6,25038.949999999997,25555.749999999996,25582.35,25654.55,25407.55,24910.699999999997,25231.8,24992.4,24935.4,24711.199999999997,24447.1,25131.1,25251.749999999996,25268.85,25612.749999999996,26384.149999999998,26492.449999999993,26245.449999999993,26857.249999999993,26679.599999999995,26050.699999999993,26238.799999999996,26503.849999999995,26323.349999999995,26415.499999999993,26428.799999999992,26685.299999999992,26680.549999999992,27237.249999999993,27343.649999999994,27005.44999999999,27544.09999999999,27159.34999999999,27392.09999999999,27162.19999999999,26902.84999999999,27203.049999999992
155,2023-02-02,1583.75,INFY.NS,2023-02-08,1590.5,2023-02-27,1510.975,Stop Loss,14.0,1510.975,15.0,25000,-1192.8750000000014,23807.125,2023-02-02,25000,25397.5,25270.75,24654.25,25041.25,25098.25,25169.5,24899.5,25029.25,24835.0,24569.5,24403.0,24402.25,23807.125,23807.125,23807.125,23807.125,23807.125,23807.125,23807.125,23807.125,23807.125,23807.125,23807.125,23807.125,23807.125,23807.125,23807.125,23807.125,23807.125,23807.125,23807.125,23807.125,23807.125,23807.125,23807.125,23807.125,23807.125,23807.125,23807.125
156,2023-03-31,1427.95,INFY.NS,2023-04-10,1427.6,2023-04-17,1356.2199999999998,Stop Loss,5.0,1356.2199999999998,17.0,25000,-1213.4600000000019,23786.539999999997,2023-03-31,25000,24635.350000000002,25011.9,24347.200000000004,23786.539999999997,23786.539999999997,23786.539999999997,23786.539999999997,23786.539999999997,23786.539999999997,23786.539999999997,23786.539999999997,23786.539999999997,23786.539999999997,23786.539999999997,23786.539999999997,23786.539999999997,23786.539999999997,23786.539999999997,23786.539999999997,23786.539999999997,23786.539999999997,23786.539999999997,23786.539999999997,23786.539999999997,23786.539999999997,23786.539999999997,23786.539999999997,23786.539999999997,23786.539999999997,23786.539999999997,23786.539999999997,23786.539999999997,23786.539999999997,23786.539999999997,23786.539999999997,23786.539999999997,23786.539999999997,23786.539999999997,23786.539999999997
157,2023-05-22,1292.8,INFY.NS,2023-05-26,1317.45,2023-07-21,1331.6,40th Day,40.0,1251.5774999999999,18.0,25000,254.69999999999754,25254.699999999997,2023-05-22,25000,24945.100000000002,25115.199999999997,25015.3,25036.9,24667.9,24766.9,24307.9,24487.000000000004,24376.300000000003,24073.000000000004,24541.000000000004,24773.2,24693.100000000006,24448.300000000003,24535.600000000006,24577.900000000005,24747.100000000006,24674.200000000004,24353.800000000007,24055.90000000001,24152.200000000008,24310.600000000013,24566.20000000001,25324.900000000012,25292.500000000015,25498.600000000017,25537.300000000014,25476.100000000017,25229.500000000015,25210.600000000017,25560.70000000001,25285.300000000014,25857.70000000001,26953.000000000015,26899.000000000015,27839.500000000015,27835.000000000015,27376.900000000012,25254.70000000001
158,2023-04-27,80.45,IOC.NS,2023-05-04,83.3,2023-06-28,90.65,40th Day,40.0,79.13499999999999,300.0,25000,2205.0000000000027,27205.000000000004,2023-04-27,25000,24850.0,24985.0,25210.0,25285.0,25195.0,25075.0,25270.0,26110.0,26275.0,25810.0,25825.0,26155.000000000004,26710.000000000004,26905.000000000004,26755.000000000004,27070.000000000004,27025.000000000004,27100.000000000004,27010.000000000004,27160.000000000004,26950.000000000004,26785.000000000004,26830.000000000004,27265.0,27025.0,27100.0,27565.0,27580.000000000004,27955.000000000004,27880.000000000004,27655.000000000004,27580.000000000004,27580.000000000004,27610.000000000004,27610.000000000004,26800.000000000004,26875.000000000004,26815.000000000004,27205.000000000007
159,2023-05-16,87.0,IOC.NS,2023-05-22,87.15,2023-07-17,97.35,40th Day,40.0,82.7925,286.0,25000,2917.1999999999966,27917.199999999997,2023-05-16,25000,25529.1,25715.0,25572.0,25872.3,25829.399999999998,25900.899999999998,25815.1,25958.1,25757.899999999998,25600.6,25643.5,26058.199999999997,25829.399999999998,25900.899999999998,26344.199999999997,26358.5,26716.0,26644.5,26430.0,26358.5,26358.5,26387.1,26387.1,25614.899999999998,25686.399999999998,25629.199999999997,26001.0,26186.899999999998,27316.6,27145.0,27388.1,28274.699999999997,28446.3,27931.5,28131.699999999997,28074.5,27588.3,27702.699999999997,27917.199999999997
160,2023-07-03,95.25,IOC.NS,2023-07-07,99.2,2023-07-31,94.24,Stop Loss,17.0,94.24,252.0,25000,-1249.920000000002,23750.079999999998,2023-07-03,25000,24546.4,24722.8,24672.4,24244.0,24344.8,24533.8,24596.8,24760.600000000002,24886.600000000002,25037.8,25163.8,24949.600000000002,25100.8,24848.8,24004.600000000002,23750.079999999998,23750.079999999998,23750.079999999998,23750.079999999998,23750.079999999998,23750.079999999998,23750.079999999998,23750.079999999998,23750.079999999998,23750.079999999998,23750.079999999998,23750.079999999998,23750.079999999998,23750.079999999998,23750.079999999998,23750.079999999998,23750.079999999998,23750.079999999998,23750.079999999998,23750.079999999998,23750.079999999998,23750.079999999998,23750.079999999998,23750.079999999998
161,2023-01-24,338.95,ITC.NS,2023-01-31,352.35,2023-03-28,379.75,40th Day,40.0,334.7325,70.0,25000,1917.9999999999984,26918.0,2023-01-24,25000,25633.499999999996,26837.5,26980.999999999996,27173.499999999996,26462.999999999996,26623.999999999996,26532.999999999996,26329.999999999996,26529.499999999993,27386.999999999993,27089.499999999993,27113.999999999993,27173.49999999999,27218.999999999993,27092.999999999993,27204.999999999993,27467.499999999993,27292.499999999993,27089.49999999999,26704.49999999999,26844.49999999999,26623.99999999999,27281.99999999999,27505.99999999999,27803.49999999999,27460.49999999999,27495.49999999999,27190.99999999999,26914.49999999999,26893.49999999999,27036.99999999999,26623.99999999999,26851.49999999999,26721.99999999999,26777.99999999999,26980.99999999999,26844.49999999999,26949.49999999999,26917.99999999999
162,2023-04-11,396.0,ITC.NS,2023-04-18,398.5,2023-06-13,445.4,40th Day,40.0,378.575,62.0,25000,2907.7999999999984,27907.8,2023-04-11,25000,25015.5,25111.600000000002,25604.5,25632.399999999998,25809.1,25852.499999999996,26084.999999999996,26677.1,26608.899999999998,26776.299999999996,26618.199999999997,26875.499999999996,27042.899999999994,26568.599999999995,26664.699999999997,26357.799999999996,26360.899999999998,26816.6,26577.899999999998,26804.2,26314.399999999998,26323.7,26627.5,26900.3,27170.0,27644.3,27796.2,28137.2,28186.8,27914.0,27554.399999999998,27783.799999999996,27613.299999999996,27746.6,27817.899999999998,27752.799999999996,27476.899999999998,27383.899999999998,27907.799999999996
163,2023-04-21,408.25,ITC.NS,2023-04-27,416.0,2023-06-22,447.65,40th Day,40.0,395.2,60.0,25000,1898.9999999999986,26899.0,2023-04-21,25000,25573.0,25507.0,25669.0,25516.000000000004,25765.000000000004,25927.000000000004,25468.000000000004,25561.000000000004,25264.0,25267.0,25708.0,25477.0,25696.000000000004,25222.0,25231.000000000004,25525.000000000004,25789.000000000004,26050.000000000004,26509.000000000004,26656.000000000007,26986.000000000007,27034.000000000004,26770.000000000004,26422.000000000004,26644.000000000004,26479.000000000004,26608.000000000007,26677.000000000007,26614.000000000007,26347.000000000007,26257.000000000007,26764.000000000007,26710.000000000007,26926.000000000007,27226.000000000007,27256.000000000007,27211.000000000007,26863.000000000007,26899.000000000004
164,2023-04-27,416.0,ITC.NS,2023-05-04,424.6,2023-06-28,449.35,40th Day,40.0,403.37,58.0,25000,1435.5,26435.5,2023-04-27,25000,25240.699999999997,25397.299999999996,24953.6,25043.5,24756.399999999998,24759.3,25185.600000000002,24962.3,25174.0,24715.8,24724.5,25008.699999999997,25263.899999999994,25516.199999999997,25959.899999999994,26101.999999999996,26420.999999999996,26467.399999999994,26212.199999999997,25875.799999999996,26090.399999999994,25930.899999999994,26055.599999999995,26122.299999999992,26061.39999999999,25803.299999999992,25716.299999999992,26206.39999999999,26154.199999999993,26362.999999999996,26652.999999999996,26681.999999999996,26638.499999999996,26302.099999999995,26336.899999999994,26168.699999999997,26223.799999999996,26188.999999999996,26435.499999999996
165,2023-06-15,448.1,ITC.NS,2023-06-21,447.05,2023-08-17,441.0,40th Day,40.0,424.6975,55.0,25000,-332.7500000000006,24667.25,2023-06-15,25000,25032.999999999996,24873.499999999996,24925.749999999996,24892.75,25126.5,25250.25,25891.0,26061.5,26542.75,26476.749999999996,26174.249999999996,26034.0,26435.499999999996,26388.75,26372.25,26421.75,26391.500000000004,26399.750000000004,26749.000000000004,27480.5,27387.0,26336.5,25838.75,26386.0,25990.0,26177.0,26025.75,25976.25,25717.75,25495.0,25434.5,25431.75,25291.500000000004,25638.0,25258.5,25093.5,25118.25,25176.0,24667.25
166,2023-07-03,463.25,ITC.NS,2023-07-07,468.4,2023-08-17,444.97999999999996,Stop Loss,29.0,444.97999999999996,53.0,25000,-1241.260000000001,23758.739999999998,2023-07-03,25000,24864.850000000002,25251.75,25206.7,25190.8,25238.499999999996,25209.35,25217.299999999996,25553.85,26258.749999999996,26168.649999999998,25156.35,24676.699999999997,25204.049999999996,24822.449999999997,25002.649999999994,24856.899999999994,24809.199999999997,24560.1,24345.449999999997,24287.149999999994,24284.499999999993,24149.349999999995,24483.249999999993,24117.549999999996,23958.549999999996,23982.399999999994,24038.049999999996,23758.739999999998,23758.739999999998,23758.739999999998,23758.739999999998,23758.739999999998,23758.739999999998,23758.739999999998,23758.739999999998,23758.739999999998,23758.739999999998,23758.739999999998,23758.739999999998
167,2023-04-11,562.9,JINDALSTEL.NS,2023-04-18,566.5,2023-05-17,538.175,Stop Loss,21.0,538.175,44.0,25000,-1246.300000000002,23753.699999999997,2023-04-11,25000,25587.4,25794.199999999997,25288.199999999997,25444.4,25402.6,25171.6,25569.800000000003,25719.4,26155.0,25972.4,26256.199999999997,25730.4,26161.6,25930.6,25803.0,25679.800000000003,25336.6,25376.199999999997,24731.6,23753.699999999997,23753.699999999997,23753.699999999997,23753.699999999997,23753.699999999997,23753.699999999997,23753.699999999997,23753.699999999997,23753.699999999997,23753.699999999997,23753.699999999997,23753.699999999997,23753.699999999997,23753.699999999997,23753.699999999997,23753.699999999997,23753.699999999997,23753.699999999997,23753.699999999997,23753.699999999997
168,2023-04-19,579.85,JINDALSTEL.NS,2023-04-25,575.65,2023-05-17,546.8675,Stop Loss,16.0,546.8675,43.0,25000,-1237.6475000000012,23762.352499999997,2023-04-19,25000,24774.25,25163.4,25309.600000000002,25735.300000000003,25556.850000000002,25834.2,25320.350000000002,25741.75,25516.0,25391.3,25270.9,24935.5,24974.2,24344.25,23762.352499999997,23762.352499999997,23762.352499999997,23762.352499999997,23762.352499999997,23762.352499999997,23762.352499999997,23762.352499999997,23762.352499999997,23762.352499999997,23762.352499999997,23762.352499999997,23762.352499999997,23762.352499999997,23762.352499999997,23762.352499999997,23762.352499999997,23762.352499999997,23762.352499999997,23762.352499999997,23762.352499999997,23762.352499999997,23762.352499999997,23762.352499999997,23762.352499999997
169,2023-06-16,544.2,JINDALSTEL.NS,2023-06-22,584.1,2023-08-18,641.05,40th Day,40.0,554.895,42.0,25000,2391.899999999997,27391.899999999998,2023-06-16,25000,24359.5,24311.2,24909.7,24664.0,24871.899999999998,25459.899999999998,26050.0,26703.1,26230.6,26096.2,26774.5,26780.8,26579.2,27076.899999999998,27415.0,27259.6,27100.0,27349.899999999998,27236.5,26848.0,26900.5,28385.2,28087.0,28179.399999999998,28410.399999999998,28555.3,28668.7,27515.8,27625.0,27881.2,28080.7,28103.8,28983.7,28874.5,29792.2,28282.3,27681.7,27566.2,27391.899999999998
170,2023-07-25,664.7,JINDALSTEL.NS,2023-07-31,668.75,2023-08-25,635.3125,Stop Loss,19.0,635.3125,37.0,25000,-1237.1875,23762.8125,2023-07-25,25000,25099.9,24084.25,24180.45,24406.15,24581.9,24602.25,25377.4,25281.2,26089.65,24759.5,24230.4,24128.65,23975.1,24439.45,24522.7,24704.0,24272.95,23762.8125,23762.8125,23762.8125,23762.8125,23762.8125,23762.8125,23762.8125,23762.8125,23762.8125,23762.8125,23762.8125,23762.8125,23762.8125,23762.8125,23762.8125,23762.8125,23762.8125,23762.8125,23762.8125,23762.8125,23762.8125,23762.8125
171,2023-03-29,678.9,JSWSTEEL.NS,2023-04-06,682.7,2023-06-05,712.15,40th Day,40.0,648.565,36.0,25000,1060.1999999999975,26060.199999999997,2023-03-29,25000,25208.8,26112.4,26279.8,26366.199999999997,26386.0,26319.399999999998,26427.399999999998,26191.599999999995,26006.199999999997,26355.399999999998,26522.799999999996,26466.999999999996,26778.399999999994,26533.59999999999,26987.199999999993,26790.999999999996,27015.999999999996,26823.399999999994,26803.59999999999,26508.399999999994,26499.399999999994,26004.399999999994,25718.199999999993,25822.59999999999,25721.799999999992,25446.399999999994,25336.59999999999,25401.399999999994,25788.399999999994,25770.399999999994,25478.799999999992,25502.19999999999,25683.999999999993,25701.999999999993,25788.39999999999,25489.599999999988,25401.39999999999,25860.39999999999,26060.19999999999
172,2023-04-11,713.6,JSWSTEEL.NS,2023-04-18,719.35,2023-06-13,756.65,40th Day,40.0,683.3824999999999,34.0,25000,1268.1999999999985,26268.199999999997,2023-04-11,25000,25102.0,24879.3,24704.2,25034.000000000004,25192.100000000002,25139.400000000005,25433.500000000004,25202.300000000003,25630.700000000004,25445.400000000005,25657.900000000005,25476.000000000004,25457.300000000003,25178.500000000004,25170.000000000004,24702.500000000004,24432.2,24530.8,24435.600000000002,24175.500000000004,24071.800000000003,24133.000000000004,24498.500000000004,24481.500000000004,24206.100000000002,24228.2,24399.9,24416.9,24498.5,24216.3,24133.0,24566.5,24755.199999999997,24779.0,25353.6,26001.299999999996,25991.1,25950.299999999996,26268.199999999997
173,2023-06-07,729.75,JSWSTEEL.NS,2023-06-13,756.65,2023-08-08,801.3,40th Day,40.0,718.8175,33.0,25000,1473.4499999999994,26473.45,2023-06-07,25000,25534.600000000002,25460.350000000002,25641.850000000002,25495.0,25544.5,25069.3,24858.1,24665.05,24740.949999999997,25193.05,25882.75,25928.95,26232.550000000003,26320.000000000004,26163.250000000004,26283.700000000004,26047.750000000004,26780.350000000006,26344.750000000004,26618.650000000005,26501.500000000004,26590.600000000006,26369.500000000004,26130.250000000004,26163.250000000004,26399.200000000004,25983.40000000001,25627.000000000007,26448.700000000008,26610.400000000012,26224.30000000001,26567.50000000001,26983.30000000001,27120.25000000001,26570.80000000001,26577.400000000012,26626.900000000012,26861.200000000008,26473.450000000008
174,2023-06-28,783.4,JSWSTEEL.NS,2023-07-05,791.9,2023-08-30,787.15,40th Day,40.0,752.305,31.0,25000,-147.25,24852.75,2023-06-28,25000,25113.149999999998,24891.5,25579.7,25170.5,25427.800000000003,25317.75,25401.45,25193.75,24969.0,25000.0,25221.649999999998,24831.05,24496.249999999996,25268.149999999994,25420.049999999996,25057.349999999995,25379.749999999993,25770.349999999995,25898.999999999993,25382.849999999995,25389.049999999996,25435.549999999996,25655.649999999994,25291.399999999994,25978.049999999996,26227.599999999995,25891.249999999993,25234.049999999996,25105.399999999994,24933.349999999995,24851.199999999997,25088.349999999995,25102.299999999996,25185.999999999993,24875.999999999993,24418.749999999993,24414.099999999995,24713.249999999993,24852.749999999993
175,2023-05-05,560.05,LICI.NS,2023-05-11,561.0,2023-07-06,627.9,40th Day,40.0,532.9499999999999,44.0,25000,2943.599999999999,27943.6,2023-05-05,25000,25048.4,25292.6,25286.0,25396.0,25314.6,25176.0,25726.0,26282.6,26447.6,26874.4,26905.199999999997,26944.800000000003,26755.6,26502.6,26590.6,26577.4,26566.4,26617.0,26775.4,26865.6,26801.800000000003,26586.199999999997,26667.6,26540.0,26557.6,26911.800000000003,27521.199999999997,28051.4,28302.199999999997,28553.0,27813.800000000003,27415.6,27455.199999999997,27596.0,28135.0,27994.199999999997,27855.6,27893.0,27943.6
176,2023-06-19,618.3,LICI.NS,2023-06-23,624.95,2023-08-21,652.15,40th Day,40.0,593.7025,40.0,25000,1087.9999999999973,26087.999999999996,2023-06-19,25000,24637.999999999996,24673.999999999996,24802.0,25292.0,25164.0,25038.0,25072.0,25118.0,24906.0,24743.999999999996,24873.999999999996,24820.0,24630.0,24750.0,24837.999999999996,24830.0,24816.0,25132.0,25432.0,25068.0,24924.0,25120.000000000004,25212.0,25072.0,25600.0,25892.0,25652.0,25784.0,26342.0,26224.0,25748.0,25760.000000000004,25670.000000000004,26396.000000000004,26234.0,25972.0,26388.0,26034.0,26088.0
177,2023-04-05,2257.75,LT.NS,2023-04-12,2288.5,2023-06-08,2340.3,40th Day,40.0,2174.075,10.0,25000,518.0000000000018,25518.0,2023-04-05,25000,24702.5,24255.0,24281.0,24311.0,24442.5,24267.0,24404.000000000004,24594.5,24876.500000000004,25171.0,25759.0,25959.499999999996,25678.0,25684.0,25890.0,25769.0,25858.5,25759.5,24536.500000000004,24326.0,24583.5,24387.0,24311.0,23997.0,24015.500000000004,24281.0,24091.5,23966.5,24161.999999999996,24299.499999999996,24360.5,24223.0,24171.5,24193.0,24460.5,24798.0,24894.499999999996,25270.0,25518.0
178,2023-06-05,2268.3,LT.NS,2023-06-09,2363.0,2023-08-04,2626.9,40th Day,40.0,2244.85,10.0,25000,2639.000000000001,27639.0,2023-06-05,25000,24769.5,24914.000000000004,24920.500000000004,24983.000000000004,25038.000000000004,25033.5,25190.0,25314.5,25532.5,25265.5,25145.5,25250.5,25584.499999999996,26125.5,25910.5,25988.499999999996,26078.0,26255.999999999996,25863.499999999996,25757.499999999996,26115.5,25919.499999999996,25871.5,26092.5,26058.0,26116.999999999996,26311.5,26266.999999999996,27232.5,27422.5,26979.0,27832.5,27972.0,27865.500000000004,28183.5,28036.5,27591.5,27351.0,27639.0
179,2023-06-30,2475.55,LT.NS,2023-07-06,2488.6,2023-08-31,2702.7,40th Day,40.0,2364.1699999999996,10.0,25000,2140.999999999999,27141.0,2023-06-30,25000,24607.5,24501.5,24859.5,24663.499999999996,24615.5,24836.5,24802.0,24860.999999999996,25055.5,25010.999999999996,25976.5,26166.5,25723.0,26576.5,26716.0,26609.500000000004,26927.5,26780.5,26335.5,26095.0,26383.0,26473.0,26435.999999999996,26629.999999999996,26548.999999999996,26498.999999999996,26712.999999999996,27024.499999999996,26638.999999999993,26533.499999999993,26736.499999999993,26901.999999999993,27289.99999999999,26995.499999999993,26497.999999999993,27067.499999999993,27303.499999999993,27203.999999999993,27140.999999999993
180,2023-05-19,4803.0,LTIM.NS,2023-05-25,4910.55,2023-07-20,4985.05,40th Day,40.0,4665.0225,5.0,25000,372.5,25372.5,2023-05-19,25000,25452.75,25391.749999999996,25403.5,25439.25,25293.750000000004,25418.0,25163.25,24871.500000000004,24958.5,24473.25,24562.5,24944.0,25171.999999999996,24980.749999999996,25302.999999999996,25500.25,25696.999999999996,25557.999999999996,25449.75,25577.5,25230.499999999996,25483.75,26262.5,25891.749999999996,26433.249999999996,26504.0,26700.0,26657.75,26338.249999999996,26020.0,25436.0,25068.5,24528.25,24913.75,25912.75,26121.5,25452.999999999996,25399.75,25372.5
181,2023-05-25,4910.55,LTIM.NS,2023-05-31,4998.4,2023-07-26,4860.55,40th Day,40.0,4748.48,5.0,25000,-689.2499999999973,24310.750000000004,2023-05-25,25000,24854.500000000004,24978.75,24724.0,24432.250000000004,24519.25,24034.0,24123.25,24504.75,24732.749999999996,24541.499999999996,24863.749999999996,25061.0,25257.749999999996,25118.749999999996,25010.5,25138.25,24791.249999999996,25044.5,25823.25,25452.499999999996,25993.999999999996,26064.75,26260.75,26218.5,25898.999999999996,25580.75,24996.75,24629.25,24089.0,24474.5,25473.5,25682.25,25013.749999999996,24960.5,24933.25,24621.75,24403.25,24351.249999999996,24310.75
182,2023-06-16,5010.6,LTIM.NS,2023-06-22,5026.05,2023-08-18,5085.15,40th Day,40.0,4774.7475,4.0,25000,236.39999999999782,25236.399999999998,2023-06-16,25000,24722.399999999998,24925.0,25548.0,25251.399999999998,25684.6,25741.2,25898.0,25864.2,25608.6,25354.0,24886.8,24592.8,24160.6,24469.0,25268.2,25435.2,24900.399999999998,24857.8,24836.0,24586.8,24412.0,24370.399999999998,24338.0,24345.6,24272.0,24462.399999999998,24805.6,24359.6,24375.399999999998,24659.399999999998,25084.0,25226.0,25312.6,25322.0,25325.2,25669.0,25687.399999999998,25286.0,25236.399999999998
183,2023-06-30,5197.2,LTIM.NS,2023-07-06,5178.2,2023-07-12,4919.29,Stop Loss,5.0,4919.29,4.0,25000,-1035.6399999999994,23964.36,2023-06-30,25000,24745.4,24278.2,23984.2,23964.36,23964.36,23964.36,23964.36,23964.36,23964.36,23964.36,23964.36,23964.36,23964.36,23964.36,23964.36,23964.36,23964.36,23964.36,23964.36,23964.36,23964.36,23964.36,23964.36,23964.36,23964.36,23964.36,23964.36,23964.36,23964.36,23964.36,23964.36,23964.36,23964.36,23964.36,23964.36,23964.36,23964.36,23964.36,23964.36
184,2023-01-09,1310.35,M&M.NS,2023-01-13,1328.15,2023-02-27,1261.7425,Stop Loss,31.0,1261.7425,18.0,25000,-1195.3350000000005,23804.665,2023-01-09,25000,24774.1,24868.6,24892.0,24845.199999999997,24758.8,25005.4,24923.500000000004,24700.300000000003,24856.900000000005,25062.100000000002,25910.800000000003,25430.2,25436.500000000004,26077.300000000003,25861.300000000003,25693.900000000005,25808.200000000004,25792.900000000005,25671.400000000005,25447.300000000003,25630.000000000004,25921.6,25720.0,25240.3,25325.8,25426.6,24848.8,24744.4,24136.9,23804.665,23804.665,23804.665,23804.665,23804.665,23804.665,23804.665,23804.665,23804.665,23804.665
185,2023-01-31,1378.75,M&M.NS,2023-02-06,1376.0,2023-02-24,1307.2,Stop Loss,15.0,1307.2,18.0,25000,-1238.3999999999992,23761.600000000002,2023-01-31,25000,24832.600000000002,24946.9,24931.600000000002,24810.100000000002,24586.0,24768.7,25060.299999999996,24858.699999999997,24378.999999999996,24464.499999999996,24565.299999999996,23987.499999999996,23883.1,23761.600000000002,23761.600000000002,23761.600000000002,23761.600000000002,23761.600000000002,23761.600000000002,23761.600000000002,23761.600000000002,23761.600000000002,23761.600000000002,23761.600000000002,23761.600000000002,23761.600000000002,23761.600000000002,23761.600000000002,23761.600000000002,23761.600000000002,23761.600000000002,23761.600000000002,23761.600000000002,23761.600000000002,23761.600000000002,23761.600000000002,23761.600000000002,23761.600000000002,23761.600000000002
186,2023-05-09,1245.45,M&M.NS,2023-05-15,1285.65,2023-07-10,1551.4,40th Day,40.0,1221.3675,19.0,25000,5049.25,30049.25,2023-05-09,25000,24559.2,24571.55,24237.15,24520.250000000004,24618.100000000002,24675.100000000002,24810.950000000004,24850.850000000002,24927.800000000003,25845.500000000007,25813.200000000008,25633.65000000001,25631.75000000001,26059.25000000001,27085.25000000001,27385.45000000001,27294.25000000001,26812.60000000001,26615.00000000001,26819.25000000001,26662.50000000001,26767.00000000001,27034.90000000001,27245.800000000007,27221.100000000006,27105.200000000008,26683.40000000001,26767.950000000008,26664.40000000001,27128.00000000001,27218.25000000001,27077.65000000001,28191.050000000007,28463.700000000008,28397.200000000008,28604.300000000007,29999.850000000006,30291.500000000007,30049.250000000007
187,2023-05-29,1330.15,M&M.NS,2023-06-02,1341.4,2023-07-28,1467.8,40th Day,40.0,1274.33,18.0,25000,2275.1999999999975,27275.199999999997,2023-05-29,25000,25972.0,26256.399999999998,26170.0,25713.699999999997,25526.5,25720.0,25571.5,25670.5,25924.3,26124.1,26100.7,25990.9,25591.3,25671.4,25573.3,26012.5,26098.0,25964.8,27019.6,27277.9,27214.9,27411.1,28733.2,29009.500000000004,28780.000000000004,29104.9,29130.1,29059.0,28692.699999999997,28508.199999999997,28479.399999999998,28654.899999999998,28671.099999999995,28277.799999999996,28698.099999999995,29038.299999999996,28662.099999999995,26908.0,27275.199999999997
188,2023-06-05,1395.4,M&M.NS,2023-06-09,1370.65,2023-08-04,1464.65,40th Day,40.0,1302.1175,18.0,25000,1692.0,26692.0,2023-06-05,25000,25193.5,25045.0,25144.0,25397.8,25597.6,25574.2,25464.4,25064.8,25144.9,25046.8,25486.0,25571.5,25438.3,26493.1,26751.4,26688.4,26884.6,28206.7,28483.000000000004,28253.500000000004,28578.4,28603.6,28532.5,28166.199999999997,27981.699999999997,27952.899999999998,28128.399999999998,28144.599999999995,27751.299999999996,28171.599999999995,28511.799999999996,28135.599999999995,26381.5,26748.699999999997,26881.899999999998,27208.599999999995,27063.699999999997,26773.0,26692.0
189,2023-06-30,1453.6,M&M.NS,2023-07-06,1548.8,2023-07-27,1471.36,Stop Loss,16.0,1471.36,16.0,25000,-1239.0400000000009,23760.96,2023-06-30,25000,25245.600000000002,25041.600000000002,25330.4,25352.8,25289.600000000002,24964.0,24800.0,24774.4,24930.4,24944.8,24595.2,24968.8,25271.2,24936.8,23760.96,23760.96,23760.96,23760.96,23760.96,23760.96,23760.96,23760.96,23760.96,23760.96,23760.96,23760.96,23760.96,23760.96,23760.96,23760.96,23760.96,23760.96,23760.96,23760.96,23760.96,23760.96,23760.96,23760.96,23760.96
190,2023-07-06,1548.8,M&M.NS,2023-07-12,1570.85,2023-07-27,1492.3075,Stop Loss,12.0,1492.3075,15.0,25000,-1178.1375000000003,23821.8625,2023-07-06,25000,24940.750000000004,24635.5,24481.75,24457.75,24604.0,24617.499999999996,24289.749999999996,24639.999999999996,24923.499999999996,24609.999999999996,23821.8625,23821.8625,23821.8625,23821.8625,23821.8625,23821.8625,23821.8625,23821.8625,23821.8625,23821.8625,23821.8625,23821.8625,23821.8625,23821.8625,23821.8625,23821.8625,23821.8625,23821.8625,23821.8625,23821.8625,23821.8625,23821.8625,23821.8625,23821.8625,23821.8625,23821.8625,23821.8625,23821.8625,23821.8625
191,2023-05-08,530.7,MARICO.NS,2023-05-12,541.5,2023-07-07,517.05,40th Day,40.0,514.425,46.0,25000,-1124.700000000002,23875.3,2023-05-08,25000,24788.399999999998,24753.899999999998,24326.1,24599.799999999996,24275.499999999996,24482.499999999996,24330.699999999997,24512.399999999994,24397.399999999994,25119.599999999995,25121.899999999994,25004.599999999995,25071.299999999992,25680.799999999992,25365.699999999997,25259.899999999994,25057.499999999996,25381.799999999996,25181.7,24618.2,24839.0,24806.8,24903.4,25179.4,25305.9,24698.700000000004,24751.600000000002,24339.9,24206.500000000004,24402.000000000004,24411.200000000004,24418.100000000002,24149.0,24514.7,24620.5,24307.7,24864.299999999996,24365.2,23875.299999999996
192,2023-01-24,8698.8,MARUTI.NS,2023-01-31,8895.3,2023-03-16,8450.534999999998,Stop Loss,32.0,8450.534999999998,2.0,25000,-889.5300000000025,24110.469999999998,2023-01-24,25000,24747.100000000002,24949.7,25094.0,25025.4,24734.300000000003,24878.800000000003,24811.800000000003,24832.100000000002,24828.300000000003,24758.300000000003,24900.100000000002,24819.600000000002,24824.9,24596.7,24549.100000000002,24527.300000000003,24601.9,24530.4,24473.800000000003,24458.100000000002,24737.7,24306.9,24411.9,24472.300000000003,24597.2,24293.300000000003,24412.5,24246.2,24233.7,24159.300000000003,24110.469999999998,24110.469999999998,24110.469999999998,24110.469999999998,24110.469999999998,24110.469999999998,24110.469999999998,24110.469999999998,24110.469999999998
193,2023-04-03,8503.05,MARUTI.NS,2023-04-11,8659.55,2023-06-07,9707.5,40th Day,40.0,8226.572499999998,2.0,25000,2095.9000000000015,27095.9,2023-04-03,25000,24923.0,25022.5,25030.2,25146.2,25040.800000000003,25110.2,24797.800000000003,24613.2,24618.7,24694.7,24766.800000000003,24860.0,25234.600000000002,25275.5,25282.100000000002,25578.2,25833.4,25904.0,26017.2,26202.7,26271.7,26095.5,25823.600000000002,25919.7,25787.5,25892.800000000003,25994.2,26082.300000000003,26222.4,26244.600000000002,26480.800000000003,26347.9,26447.600000000002,26416.300000000003,26337.5,26651.600000000002,26845.100000000002,27153.300000000003,27095.9
194,2023-04-11,8659.55,MARUTI.NS,2023-04-18,8732.65,2023-06-13,9517.5,40th Day,40.0,8296.0175,2.0,25000,1569.7000000000007,26569.7,2023-04-11,25000,24894.600000000002,24964.0,24651.600000000002,24467.0,24472.5,24548.5,24620.600000000002,24713.8,25088.4,25129.3,25135.9,25432.0,25687.2,25757.8,25871.0,26056.5,26125.5,25949.3,25677.4,25773.5,25641.3,25746.600000000002,25848.0,25936.100000000002,26076.2,26098.4,26334.600000000002,26201.7,26301.4,26270.100000000002,26191.3,26505.4,26698.9,27007.100000000002,26949.7,26851.9,26790.3,26635.600000000002,26569.7
195,2023-05-02,8776.85,MARUTI.NS,2023-05-08,9076.25,2023-07-03,9673.0,40th Day,40.0,8622.4375,2.0,25000,1193.5,26193.5,2023-05-02,25000,25070.6,25183.8,25369.3,25438.3,25262.1,24990.2,25086.3,24954.1,25059.4,25160.8,25248.9,25389.0,25411.2,25647.4,25514.5,25614.2,25582.9,25504.1,25818.2,26011.7,26319.9,26262.5,26164.7,26103.1,25948.4,25882.5,25912.5,26037.2,26054.9,25911.5,25831.7,25729.2,25653.6,25502.1,25787.9,25769.5,25928.8,26425.6,26193.5
196,2023-05-09,9111.55,MARUTI.NS,2023-05-15,9207.3,2023-07-10,9736.3,40th Day,40.0,8746.935,2.0,25000,1058.0,26058.0,2023-05-09,25000,24728.100000000002,24824.2,24692.0,24797.300000000003,24898.7,24986.800000000003,25126.9,25149.100000000002,25385.300000000003,25252.4,25352.100000000002,25320.800000000003,25242.0,25556.100000000002,25749.600000000002,26057.800000000003,26000.4,25902.600000000002,25841.0,25686.300000000003,25620.4,25650.4,25775.100000000002,25792.800000000003,25649.4,25569.600000000002,25467.100000000002,25391.5,25240.0,25525.800000000003,25507.4,25666.7,26163.5,25931.4,25880.2,26570.0,26304.2,26285.9,26058.0
197,2023-05-26,9399.95,MARUTI.NS,2023-06-01,9328.3,2023-07-27,9753.6,40th Day,40.0,8861.884999999998,2.0,25000,850.6000000000022,25850.600000000002,2023-05-26,25000,25314.100000000002,25507.600000000002,25815.800000000003,25758.4,25660.600000000002,25599.0,25444.300000000003,25378.4,25408.4,25533.100000000002,25550.800000000003,25407.4,25327.600000000002,25225.100000000002,25149.5,24998.0,25283.800000000003,25265.4,25424.7,25921.5,25689.4,25638.2,26328.0,26062.2,26043.9,25816.0,26143.7,26015.0,25638.5,25550.7,25722.5,25674.7,25558.5,25888.4,25883.5,25733.0,25860.600000000002,25856.100000000002,25850.600000000002
198,2023-06-30,9789.05,MARUTI.NS,2023-07-06,9859.4,2023-08-11,9366.429999999998,Stop Loss,27.0,9366.429999999998,2.0,25000,-985.9400000000023,24014.059999999998,2023-06-30,25000,24981.7,24753.8,25081.5,24952.8,24576.3,24488.5,24660.3,24612.5,24496.3,24826.2,24821.3,24670.8,24798.4,24793.9,24788.4,24621.8,24922.7,24714.7,24588.8,24368.600000000002,24222.0,24328.8,24366.3,24207.4,24076.4,24014.059999999998,24014.059999999998,24014.059999999998,24014.059999999998,24014.059999999998,24014.059999999998,24014.059999999998,24014.059999999998,24014.059999999998,24014.059999999998,24014.059999999998,24014.059999999998,24014.059999999998,24014.059999999998
199,2023-03-14,768.35,MCDOWELL-N.NS,2023-03-20,765.85,2023-05-19,817.05,40th Day,40.0,727.5575,32.0,25000,1638.3999999999978,26638.399999999998,2023-03-14,25000,25134.399999999998,25334.399999999998,25092.8,24932.8,24475.2,24150.399999999998,24203.2,24694.399999999998,24513.6,24670.399999999998,24699.2,24521.6,24452.8,25009.6,24878.399999999998,24987.2,25292.8,24752.0,24737.6,24811.2,24993.6,25169.6,25329.6,25062.399999999998,25361.6,25427.2,25640.0,25568.0,25678.399999999998,25897.6,25849.6,25902.399999999998,25960.0,25950.399999999998,26273.6,26171.2,25969.6,25996.8,26638.399999999998
200,2023-04-28,3776.2,NAUKRI.NS,2023-05-05,3816.35,2023-06-30,4483.65,40th Day,40.0,3625.5325,6.0,25000,4003.7999999999984,29003.8,2023-04-28,25000,25457.800000000003,25539.700000000004,25622.800000000003,25429.600000000002,25398.700000000004,25952.800000000003,25701.700000000004,25119.100000000002,24560.800000000003,25076.200000000004,25434.700000000004,25824.100000000002,25370.500000000004,25504.000000000004,27288.400000000005,27344.500000000007,26493.400000000005,26545.000000000004,27413.800000000003,27700.000000000007,26923.300000000003,26799.700000000004,27208.000000000007,26827.300000000003,26960.500000000007,27713.500000000007,28111.300000000003,27960.700000000004,28030.9,28603.3,28751.8,28836.1,28946.5,28528.0,27943.299999999996,28547.5,28452.699999999997,28692.099999999995,29003.799999999996
201,2023-05-26,4197.75,NAUKRI.NS,2023-06-01,4218.65,2023-07-27,4570.75,40th Day,40.0,4007.7174999999993,5.0,25000,1760.5000000000018,26760.5,2023-05-26,25000,25238.500000000004,24591.25,24488.250000000004,24828.500000000004,24511.25,24622.250000000004,25249.750000000004,25581.25,25455.750000000004,25514.250000000004,25991.25,26115.0,26185.25,26277.250000000004,25928.500000000004,25441.25,25944.750000000004,25865.750000000004,26065.25,26325.0,26288.75,26066.25,26112.000000000004,26246.000000000004,25931.25,25566.000000000004,25918.75,26210.25,27034.25,27510.75,27573.749999999996,27356.499999999996,27304.249999999996,27170.499999999996,27149.499999999996,26746.999999999996,26973.749999999993,26608.249999999996,26760.499999999996
202,2023-07-13,4625.5,NAUKRI.NS,2023-07-19,4679.5,2023-08-14,4445.525,Stop Loss,19.0,4445.525,5.0,25000,-1169.8750000000018,23830.125,2023-07-13,25000,24866.25,24845.25,24442.75,24669.499999999996,24304.0,24456.25,24498.5,24538.000000000004,24881.25,24461.25,24291.0,26036.0,25731.5,25176.999999999996,25054.25,24850.5,23906.5,23830.125,23830.125,23830.125,23830.125,23830.125,23830.125,23830.125,23830.125,23830.125,23830.125,23830.125,23830.125,23830.125,23830.125,23830.125,23830.125,23830.125,23830.125,23830.125,23830.125,23830.125,23830.125
203,2023-05-02,175.6,NTPC.NS,2023-05-08,177.05,2023-07-03,191.25,40th Day,40.0,168.1975,141.0,25000,2002.1999999999985,27002.199999999997,2023-05-02,25000,24851.949999999997,25000.0,25352.5,24703.899999999998,24844.899999999998,25056.399999999998,24851.95,24725.05,24471.25,24584.05,24591.100000000002,24703.9,24640.450000000004,24640.450000000004,24894.250000000007,24964.750000000007,24548.800000000007,24626.35000000001,24647.50000000001,24584.05000000001,24767.350000000013,25042.30000000001,25705.00000000001,25810.75000000001,26219.65000000001,26170.30000000001,26431.15000000001,26360.65000000001,26572.15000000001,26240.80000000001,26473.45000000001,26473.45000000001,26050.45000000001,26360.65000000001,26106.85000000001,26269.00000000001,26699.05000000001,26706.100000000013,27002.20000000001
204,2023-06-08,182.05,NTPC.NS,2023-06-14,187.2,2023-08-09,218.7,40th Day,40.0,177.83999999999997,133.0,25000,4189.5,29189.5,2023-06-08,25000,24933.5,25133.0,24820.45,25039.9,25039.9,24640.9,24933.5,24694.100000000002,24847.050000000003,25252.7,25259.350000000002,25538.65,25911.050000000003,25824.600000000002,26270.15,25718.2,25578.550000000003,25691.600000000002,25478.800000000003,25093.100000000002,25033.25,24906.9,25019.95,25711.550000000003,25758.100000000002,26050.7,26157.100000000002,26788.850000000002,26915.2,26961.75,28032.4,29142.95,30047.350000000002,29242.7,29375.7,29089.75,29089.75,29036.550000000003,29189.5
205,2023-01-19,151.75,ONGC.NS,2023-01-25,152.45,2023-02-01,144.8275,Stop Loss,5.0,144.8275,163.0,25000,-1242.4675000000004,23757.5325,2023-01-19,25000,24217.600000000002,23769.350000000002,23769.350000000002,23757.5325,23757.5325,23757.5325,23757.5325,23757.5325,23757.5325,23757.5325,23757.5325,23757.5325,23757.5325,23757.5325,23757.5325,23757.5325,23757.5325,23757.5325,23757.5325,23757.5325,23757.5325,23757.5325,23757.5325,23757.5325,23757.5325,23757.5325,23757.5325,23757.5325,23757.5325,23757.5325,23757.5325,23757.5325,23757.5325,23757.5325,23757.5325,23757.5325,23757.5325,23757.5325,23757.5325
206,2023-02-16,155.9,ONGC.NS,2023-02-22,153.6,2023-04-25,160.65,40th Day,40.0,145.92,162.0,25000,1142.1000000000017,26142.100000000002,2023-02-16,25000,25170.100000000002,25226.800000000003,25267.300000000003,24748.900000000005,25194.400000000005,25072.900000000005,25105.300000000003,25745.2,25753.300000000003,25437.400000000005,25356.400000000005,25356.400000000005,24951.400000000005,24829.900000000005,24773.2,24927.100000000002,24789.4,24667.9,24667.9,24870.4,24319.600000000002,24457.300000000003,23963.2,24311.5,24586.9,25008.100000000002,24886.600000000002,24514.0,25575.100000000002,25882.9,25656.100000000002,25834.300000000003,26061.100000000002,26053.0,26053.0,25899.100000000002,25972.0,26077.3,26142.1
207,2023-06-14,157.85,ONGC.NS,2023-06-20,157.25,2023-08-16,179.05,40th Day,40.0,149.3875,158.0,25000,3444.400000000002,28444.4,2023-06-14,25000,25466.1,25268.6,24944.7,24944.7,25094.8,25205.4,25481.9,25892.7,25624.1,25876.9,26287.7,25987.5,25869.0,26161.3,26643.2,26666.9,26896.0,26445.7,26524.7,26501.0,26572.1,27101.4,27172.5,27488.5,27480.6,27172.5,27298.9,28128.4,28073.1,27954.6,27346.3,27543.8,27480.6,27543.8,28104.7,28381.2,28152.1,28278.5,28444.4
208,2023-04-18,2432.5,PIDILITIND.NS,2023-04-24,2421.15,2023-06-19,2673.3,40th Day,40.0,2300.0925,10.0,25000,2521.500000000001,27521.5,2023-04-18,25000,24902.0,24906.0,24680.5,24981.0,24986.0,25428.0,25440.000000000004,25509.5,25295.5,25506.0,25882.5,26452.999999999996,26661.0,26292.0,26230.5,26239.5,26311.0,26454.5,26140.5,26121.500000000004,26055.000000000004,26021.000000000004,26650.000000000004,26618.0,26730.5,26867.0,27304.000000000004,27113.0,27174.000000000004,27029.5,27337.0,27133.0,26938.0,27196.0,27655.0,27719.5,27595.5,27765.5,27521.500000000004
209,2023-06-01,2651.55,PIDILITIND.NS,2023-06-07,2654.85,2023-08-02,2626.75,40th Day,40.0,2522.1074999999996,9.0,25000,-252.89999999999918,24747.100000000002,2023-06-01,25000,24816.399999999998,24640.899999999998,24873.1,25286.2,25344.25,25232.649999999998,25385.649999999998,25166.050000000003,25212.850000000002,25147.600000000002,24833.050000000003,25031.050000000003,24784.45,24698.5,24494.2,24480.25,24249.399999999998,24240.399999999998,24586.0,24947.350000000002,24622.9,24469.000000000004,24856.000000000004,24708.4,24670.15,24717.850000000002,24862.75,25029.25,25279.899999999998,25195.75,25071.550000000003,24970.75,24572.95,24668.35,24531.1,24648.999999999996,24640.899999999994,24819.549999999996,24747.099999999995
210,2023-06-13,2686.65,PIDILITIND.NS,2023-06-19,2673.3,2023-08-10,2539.635,Stop Loss,38.0,2539.635,9.0,25000,-1202.9849999999997,23797.015,2023-06-13,25000,25046.8,24981.55,24667.0,24865.0,24618.399999999998,24532.449999999997,24328.149999999998,24314.199999999997,24083.349999999995,24074.349999999995,24419.949999999997,24781.3,24456.85,24302.95,24689.95,24542.35,24504.1,24551.8,24696.699999999997,24863.199999999997,25113.849999999995,25029.699999999997,24905.5,24804.699999999997,24406.899999999998,24502.299999999996,24365.049999999996,24482.949999999993,24474.84999999999,24653.499999999993,24581.049999999992,24200.799999999992,24428.499999999993,24435.69999999999,24554.499999999993,24372.69999999999,23797.015,23797.015,23797.015
211,2023-04-18,3153.3,PIIND.NS,2023-04-24,3112.95,2023-06-19,3854.0,40th Day,40.0,2957.3025,8.0,25000,5928.4000000000015,30928.4,2023-04-18,25000,24881.2,24664.800000000003,24622.0,27172.4,27329.2,27502.0,27506.800000000003,27642.0,27707.600000000002,27777.2,27677.600000000002,27405.600000000002,27307.2,27062.0,26916.800000000003,26640.4,26145.600000000002,26290.800000000003,26640.800000000003,27098.4,27447.2,27400.4,27924.800000000003,28098.0,27872.0,29030.800000000003,28252.800000000003,27950.0,28374.800000000003,28792.4,29531.600000000002,29148.0,29055.600000000002,29990.800000000003,30188.0,30665.600000000002,30934.0,31332.0,30928.4
212,2023-04-28,3384.5,PIIND.NS,2023-05-05,3443.2,2023-05-18,3271.0399999999995,Stop Loss,10.0,3271.0399999999995,7.0,25000,-1205.1200000000022,23794.879999999997,2023-04-28,25000,25057.4,25118.3,25031.15,24793.15,24707.05,24492.5,24365.450000000004,24123.600000000002,23794.879999999997,23794.879999999997,23794.879999999997,23794.879999999997,23794.879999999997,23794.879999999997,23794.879999999997,23794.879999999997,23794.879999999997,23794.879999999997,23794.879999999997,23794.879999999997,23794.879999999997,23794.879999999997,23794.879999999997,23794.879999999997,23794.879999999997,23794.879999999997,23794.879999999997,23794.879999999997,23794.879999999997,23794.879999999997,23794.879999999997,23794.879999999997,23794.879999999997,23794.879999999997,23794.879999999997,23794.879999999997,23794.879999999997,23794.879999999997,23794.879999999997
213,2023-06-07,3679.4,PIIND.NS,2023-06-13,3761.45,2023-07-25,3573.3774999999996,Stop Loss,30.0,3573.3774999999996,6.0,25000,-1128.4350000000013,23871.565,2023-06-07,25000,25358.2,25559.5,25858.0,25555.300000000003,25711.0,26266.0,25628.800000000003,25275.700000000004,25536.100000000006,25459.600000000006,25693.900000000005,25961.800000000007,25601.800000000007,25492.600000000006,25573.600000000006,25555.300000000003,25025.5,24507.100000000002,24373.600000000002,24388.0,24094.9,24219.4,24551.5,24280.300000000003,24307.0,24301.0,24481.300000000003,24218.5,23871.565,23871.565,23871.565,23871.565,23871.565,23871.565,23871.565,23871.565,23871.565,23871.565,23871.565
214,2023-08-02,3684.7,PIIND.NS,2023-08-08,3850.75,2023-08-25,3658.2124999999996,Stop Loss,13.0,3658.2124999999996,6.0,25000,-1155.2250000000022,23844.774999999998,2023-08-02,25000,25189.0,25160.199999999997,25001.5,24414.699999999997,24821.199999999997,24882.699999999997,24456.699999999997,24283.3,23962.899999999998,24038.499999999996,23988.699999999997,23844.774999999998,23844.774999999998,23844.774999999998,23844.774999999998,23844.774999999998,23844.774999999998,23844.774999999998,23844.774999999998,23844.774999999998,23844.774999999998,23844.774999999998,23844.774999999998,23844.774999999998,23844.774999999998,23844.774999999998,23844.774999999998,23844.774999999998,23844.774999999998,23844.774999999998,23844.774999999998,23844.774999999998,23844.774999999998,23844.774999999998,23844.774999999998,23844.774999999998,23844.774999999998,23844.774999999998,23844.774999999998
215,2023-03-31,2151.56,RELIANCE.NS,2023-04-10,2145.84,2023-06-06,2288.44,40th Day,40.0,2038.548,11.0,25000,1568.599999999999,26568.6,2023-03-31,25000,25116.709999999995,25221.32,25311.190000000002,25432.52,25157.3,25275.660000000003,25215.160000000003,25245.190000000002,25336.489999999998,25519.75,25378.179999999997,25529.98,25971.079999999998,26179.75,25967.01,26250.26,26186.789999999997,26492.92,26570.579999999998,26743.72,26578.280000000002,26619.31,26669.14,26309.22,26161.929999999997,26108.69,26188.879999999997,26321.319999999996,26316.809999999998,26171.609999999993,26168.529999999995,26844.259999999995,26987.369999999995,26980.76999999999,26472.67999999999,26405.139999999992,26323.409999999993,26547.25999999999,26568.59999999999
216,2023-03-31,740.2,SBICARD.NS,2023-04-10,739.5,2023-06-06,926.05,40th Day,40.0,702.525,33.0,25000,6156.149999999999,31156.149999999998,2023-03-31,25000,24940.600000000002,25079.2,25635.25,25747.45,26008.15,25648.45,25470.25,25754.05,26097.25,26093.95,26211.100000000002,26475.100000000002,26080.75,26400.850000000002,26557.600000000002,26882.649999999998,27016.3,27488.199999999997,27679.6,27796.749999999996,29162.949999999997,29202.55,29997.85,29553.999999999996,29616.699999999997,29854.3,30017.649999999998,29903.8,29895.55,29945.05,30126.55,30346.0,30484.600000000002,30859.149999999998,30855.850000000002,30643.0,30771.7,30949.9,31156.15
217,2023-05-04,796.55,SBICARD.NS,2023-05-10,824.25,2023-07-05,836.45,40th Day,40.0,783.0374999999999,30.0,25000,366.00000000000136,25366.0,2023-05-04,25000,26242.0,26278.0,27001.0,26597.5,26654.5,26870.5,27018.999999999996,26915.5,26908.0,26953.0,27118.0,27317.5,27443.5,27783.999999999996,27781.0,27587.5,27704.5,27866.5,28054.0,28103.500000000004,27727.0,28046.5,28007.5,28060.0,27919.0,27653.500000000004,27659.5,27436.000000000004,27086.5,26846.5,26681.5,25985.500000000004,25618.000000000004,26099.500000000004,25972.000000000004,25688.500000000007,25549.000000000004,25439.500000000004,25366.000000000007
218,2023-05-11,865.65,SBICARD.NS,2023-05-17,879.4,2023-07-11,835.43,Stop Loss,39.0,835.43,28.0,25000,-1231.1600000000008,23768.84,2023-05-11,25000,25201.600000000002,25340.2,25243.600000000002,25236.600000000002,25278.600000000002,25432.600000000002,25618.800000000003,25736.400000000005,26054.200000000004,26051.40000000001,25870.800000000007,25980.000000000007,26131.200000000008,26306.200000000008,26352.40000000001,26001.000000000007,26299.200000000008,26262.80000000001,26311.80000000001,26180.200000000008,25932.40000000001,25938.000000000007,25729.40000000001,25403.200000000004,25179.200000000004,25025.200000000004,24375.600000000006,24032.600000000006,24482.000000000004,24363.000000000004,24098.400000000005,23968.200000000004,23866.000000000004,23797.400000000005,23919.200000000004,23804.40000000001,23780.60000000001,23768.84,23768.84
219,2023-05-30,917.05,SBICARD.NS,2023-06-05,919.8,2023-06-23,873.81,Stop Loss,15.0,873.81,27.0,25000,-1241.7300000000002,23758.27,2023-05-30,25000,25168.75,25213.300000000003,24874.45,25162.0,25126.9,25174.15,25047.25,24808.300000000003,24813.7,24612.550000000003,24298.0,24082.0,23933.5,23758.27,23758.27,23758.27,23758.27,23758.27,23758.27,23758.27,23758.27,23758.27,23758.27,23758.27,23758.27,23758.27,23758.27,23758.27,23758.27,23758.27,23758.27,23758.27,23758.27,23758.27,23758.27,23758.27,23758.27,23758.27,23758.27
220,2023-01-12,1315.7,SBILIFE.NS,2023-01-18,1310.65,2023-01-30,1245.1175,Stop Loss,8.0,1245.1175,19.0,25000,-1245.1175000000005,23754.8825,2023-01-12,25000,25236.549999999996,24723.549999999996,24710.25,24289.399999999998,23989.199999999997,23852.399999999998,23754.8825,23754.8825,23754.8825,23754.8825,23754.8825,23754.8825,23754.8825,23754.8825,23754.8825,23754.8825,23754.8825,23754.8825,23754.8825,23754.8825,23754.8825,23754.8825,23754.8825,23754.8825,23754.8825,23754.8825,23754.8825,23754.8825,23754.8825,23754.8825,23754.8825,23754.8825,23754.8825,23754.8825,23754.8825,23754.8825,23754.8825,23754.8825,23754.8825
221,2023-06-07,1245.8,SBILIFE.NS,2023-06-13,1243.3,2023-08-08,1349.35,40th Day,40.0,1181.135,20.0,25000,2120.999999999999,27121.0,2023-06-07,25000,24980.0,24956.0,25761.0,25744.0,26041.0,26033.000000000004,25664.000000000004,25388.000000000004,25461.0,25862.000000000004,26132.000000000004,26272.000000000004,26093.000000000004,25919.000000000004,25965.000000000004,25993.000000000007,26014.000000000007,26000.000000000007,26034.000000000007,26146.000000000007,26413.00000000001,26540.000000000007,26424.000000000007,26425.000000000007,26343.000000000007,26415.000000000007,25948.000000000007,26477.000000000007,26156.000000000004,25987.000000000007,26064.000000000007,25929.000000000007,25777.000000000007,25733.000000000007,25379.000000000007,25209.000000000007,25492.000000000007,26185.000000000004,27121.000000000004
222,2023-06-16,1281.35,SBILIFE.NS,2023-06-22,1276.5,2023-08-18,1282.45,40th Day,40.0,1212.675,19.0,25000,113.05000000000086,25113.05,2023-06-16,25000,24737.8,24807.149999999998,25188.100000000002,25444.600000000002,25577.600000000002,25407.550000000003,25242.250000000004,25285.950000000004,25312.550000000007,25332.500000000007,25319.200000000008,25351.500000000007,25457.900000000005,25711.550000000007,25832.200000000004,25722.000000000004,25722.950000000004,25645.050000000007,25713.450000000004,25269.800000000007,25772.350000000006,25467.4,25306.850000000006,25380.000000000004,25251.750000000004,25107.350000000006,25065.550000000007,24729.250000000007,24567.750000000007,24836.60000000001,25494.950000000008,26384.15000000001,26384.15000000001,26099.15000000001,25665.00000000001,25391.40000000001,25281.200000000008,25151.05000000001,25113.05000000001
223,2023-03-31,523.75,SBIN.NS,2023-04-10,526.3,2023-06-06,585.35,40th Day,40.0,499.98499999999996,47.0,25000,2775.350000000003,27775.350000000002,2023-03-31,25000,25272.600000000002,25089.300000000003,25312.550000000003,25831.9,25918.850000000002,25658.0,25869.5,25791.95,26330.100000000002,26668.5,26882.350000000002,26807.15,27444.0,27303.0,27077.4,27523.9,27359.4,27693.100000000002,27218.4,27157.300000000003,27216.050000000003,27436.95,27613.2,27820.0,27820.0,27251.300000000003,27295.95,27389.95,27599.100000000002,27650.800000000003,27582.65,27805.9,28228.9,28125.5,27516.850000000002,27653.15,27862.300000000003,27862.300000000003,27775.350000000002
224,2023-07-03,585.45,SBIN.NS,2023-07-07,593.6,2023-08-14,563.92,Stop Loss,27.0,563.92,42.0,25000,-1246.5600000000027,23753.44,2023-07-03,25000,24958.0,24787.899999999998,24817.3,24666.1,24613.6,25315.0,24947.5,25329.7,25690.899999999998,25903.0,26010.1,25672.0,25905.1,25963.899999999998,25942.899999999998,26117.2,25766.5,25203.7,24869.8,24147.399999999998,23920.6,24139.0,24166.3,24162.1,24183.1,23753.44,23753.44,23753.44,23753.44,23753.44,23753.44,23753.44,23753.44,23753.44,23753.44,23753.44,23753.44,23753.44,23753.44
225,2023-07-19,601.45,SBIN.NS,2023-07-25,609.6,2023-08-04,579.12,Stop Loss,9.0,579.12,41.0,25000,-1249.6800000000007,23750.32,2023-07-19,25000,25227.55,25284.949999999997,25264.449999999997,25434.600000000002,25092.25,24542.850000000002,24216.9,23750.32,23750.32,23750.32,23750.32,23750.32,23750.32,23750.32,23750.32,23750.32,23750.32,23750.32,23750.32,23750.32,23750.32,23750.32,23750.32,23750.32,23750.32,23750.32,23750.32,23750.32,23750.32,23750.32,23750.32,23750.32,23750.32,23750.32,23750.32,23750.32,23750.32,23750.32,23750.32
226,2023-03-31,26186.95,SHREECEM.NS,2023-04-10,26000.75,2023-04-20,24700.712499999998,Stop Loss,8.0,24700.712499999998,0.0,25000,-0.0,25000.0,2023-03-31,25000,25000.0,25000.0,25000.0,25000.0,25000.0,25000.0,25000.0,25000.0,25000.0,25000.0,25000.0,25000.0,25000.0,25000.0,25000.0,25000.0,25000.0,25000.0,25000.0,25000.0,25000.0,25000.0,25000.0,25000.0,25000.0,25000.0,25000.0,25000.0,25000.0,25000.0,25000.0,25000.0,25000.0,25000.0,25000.0,25000.0,25000.0,25000.0,25000.0
227,2023-04-06,1303.85,SHRIRAMFIN.NS,2023-04-13,1296.6,2023-06-09,1417.2,40th Day,40.0,1231.7699999999998,19.0,25000,2291.4000000000024,27291.4,2023-04-06,25000,25470.25,25809.4,26329.05,25812.25,26182.75,26824.0,27586.850000000002,27081.450000000004,27070.050000000003,25684.000000000004,25545.300000000003,25426.550000000003,25590.900000000005,25422.750000000004,25974.700000000008,25981.350000000006,26072.550000000007,26286.300000000007,26009.850000000006,25836.000000000004,25608.000000000004,25904.400000000005,25940.500000000004,25811.300000000003,25431.300000000003,26267.300000000003,26387.950000000004,26496.25,26653.0,27131.8,27283.8,26959.85,27159.35,27218.249999999996,26982.649999999998,27133.699999999997,27123.249999999993,27172.649999999994,27291.399999999994
228,2023-02-07,3118.05,SIEMENS.NS,2023-02-13,3129.4,2023-04-13,3326.5,40th Day,40.0,2972.93,7.0,25000,1379.6999999999994,26379.7,2023-02-07,25000,24968.85,25700.0,25653.1,25458.85,25472.85,26153.6,25854.7,25893.2,25819.7,25507.5,25820.399999999998,25894.25,25018.55,25239.399999999998,25649.25,26106.35,26189.300000000003,26257.550000000003,25983.85,25864.5,26058.399999999998,25940.8,26127.0,26139.95,26286.25,26246.0,26368.85,26428.35,26122.45,26003.1,26375.149999999998,26384.25,26563.45,26552.25,26613.149999999998,26779.399999999998,26520.399999999998,26436.75,26379.7
229,2023-03-08,3287.45,SIEMENS.NS,2023-03-14,3252.9,2023-05-15,3833.4,40th Day,40.0,3090.255,7.0,25000,4063.5,29063.5,2023-03-08,25000,25193.899999999998,25076.3,25262.5,25275.45,25421.75,25381.5,25504.35,25563.85,25257.95,25138.6,25510.649999999998,25519.75,25698.95,25687.75,25748.649999999998,25914.899999999998,25655.899999999998,25572.25,25515.2,25607.25,25439.95,25061.95,25128.800000000003,24975.85,25109.899999999998,25549.149999999998,26363.25,26305.85,26376.899999999998,26730.399999999998,27016.0,27278.149999999998,27670.85,28057.95,27881.9,28230.850000000002,28809.050000000003,29467.050000000003,29063.500000000004
230,2023-04-26,3447.65,SIEMENS.NS,2023-05-03,3540.9,2023-06-27,3706.2,40th Day,40.0,3363.855,7.0,25000,1157.099999999998,26157.1,2023-04-26,25000,25262.149999999998,25654.85,26041.95,25865.9,26214.850000000002,26793.050000000003,27451.050000000003,27047.500000000004,27317.700000000004,27452.100000000002,27039.450000000004,26272.600000000002,24011.600000000002,24087.9,24230.7,24624.45,24849.5,24802.6,25131.6,25075.25,24953.8,25082.25,24867.7,25317.45,25791.0,25829.85,25823.550000000003,25822.500000000004,26354.500000000004,26556.100000000002,26475.600000000002,26765.4,26867.600000000002,27019.500000000004,26829.450000000004,26035.650000000005,25943.600000000006,26109.150000000005,26157.100000000006
231,2023-06-07,3653.9,SIEMENS.NS,2023-06-13,3734.4,2023-08-08,3779.35,40th Day,40.0,3547.68,6.0,25000,269.6999999999989,25269.699999999997,2023-06-07,25000,25172.8,25103.8,25352.2,25439.8,25570.0,25407.1,24726.699999999997,24647.799999999996,24789.699999999997,24830.799999999996,25182.1,25192.299999999996,24958.299999999996,24812.799999999996,24853.6,24978.1,24736.299999999996,24478.299999999996,25193.199999999997,25566.699999999997,24963.699999999997,24732.399999999998,24806.199999999997,24803.5,24855.699999999997,24406.0,24277.3,24763.0,24750.1,25173.4,25105.6,25739.799999999996,26491.6,25939.299999999996,25507.6,25363.299999999996,25249.6,25598.199999999997,25269.699999999997
232,2023-04-21,2477.0,SRF.NS,2023-04-27,2495.5,2023-06-12,2370.725,Stop Loss,32.0,2370.725,10.0,25000,-1247.750000000001,23752.25,2023-04-21,25000,25447.5,25552.5,25732.5,25568.0,25341.999999999996,25506.5,25919.0,25757.5,25654.5,25572.5,25355.0,25471.5,24758.5,24331.0,24408.000000000004,24631.0,24753.000000000004,24544.000000000004,24780.500000000004,25199.000000000004,25388.5,25336.0,25242.5,24830.5,25170.999999999996,25366.999999999996,25375.999999999996,25718.499999999996,25184.499999999996,24341.999999999996,23752.25,23752.25,23752.25,23752.25,23752.25,23752.25,23752.25,23752.25,23752.25
233,2023-04-28,2540.25,SRF.NS,2023-05-05,2529.7,2023-06-12,2403.2149999999997,Stop Loss,27.0,2403.2149999999997,9.0,25000,-1138.3650000000011,23861.635,2023-04-28,25000,25148.050000000003,25519.300000000003,25373.95,25281.25,25207.45,25011.7,25116.550000000003,24474.850000000002,24090.100000000002,24159.400000000005,24360.100000000002,24469.900000000005,24281.800000000003,24494.650000000005,24871.300000000003,25041.850000000002,24994.600000000002,24910.450000000004,24539.650000000005,24846.100000000002,25022.5,25030.600000000002,25338.850000000002,24858.25,24100.0,23861.635,23861.635,23861.635,23861.635,23861.635,23861.635,23861.635,23861.635,23861.635,23861.635,23861.635,23861.635,23861.635,23861.635
234,2023-04-06,1012.1,SUNPHARMA.NS,2023-04-13,1003.5,2023-05-15,953.3249999999999,Stop Loss,21.0,953.3249999999999,24.0,25000,-1204.2000000000016,23795.8,2023-04-06,25000,24884.800000000003,25031.2,24808.0,24622.0,24662.800000000003,24415.600000000002,24256.000000000004,24226.000000000004,24404.800000000003,24619.600000000002,24269.2,24042.4,24292.0,24206.800000000003,24000.4,23894.800000000003,23807.2,23981.2,23860.0,23795.8,23795.8,23795.8,23795.8,23795.8,23795.8,23795.8,23795.8,23795.8,23795.8,23795.8,23795.8,23795.8,23795.8,23795.8,23795.8,23795.8,23795.8,23795.8,23795.8
235,2023-05-26,969.9,SUNPHARMA.NS,2023-06-01,987.7,2023-07-27,1134.95,40th Day,40.0,938.315,25.0,25000,3681.25,28681.25,2023-05-26,25000,25297.5,25526.25,25652.5,25672.5,24982.5,24906.25,24943.75,25010.0,24975.0,25017.5,25107.5,25352.5,25106.250000000004,25105.000000000004,25065.000000000004,25093.750000000007,25181.250000000007,25352.500000000004,25852.500000000004,26597.500000000004,26125.000000000007,26527.500000000004,26425.000000000007,26370.000000000007,26200.000000000007,26432.500000000007,27113.750000000007,27276.250000000007,27198.75000000001,27131.25000000001,27247.500000000007,26986.25000000001,27353.750000000007,27748.75000000001,27736.25000000001,27817.50000000001,27683.750000000007,28107.500000000007,28681.250000000007
236,2023-06-28,1021.8,SUNPHARMA.NS,2023-07-05,1044.7,2023-08-30,1114.9,40th Day,40.0,992.465,23.0,25000,1614.600000000001,26614.600000000002,2023-06-28,25000,24949.399999999998,24793.0,25006.899999999998,25633.649999999998,25783.149999999998,25711.85,25649.749999999996,25756.699999999993,25516.35,25854.449999999993,26217.85,26206.35,26281.1,26158.049999999996,26547.899999999998,27075.75,27158.55,27270.100000000002,27271.25,27082.649999999998,27214.899999999998,27167.75,27670.3,27390.850000000002,27486.3,27428.8,27015.949999999997,27059.649999999998,27275.85,27302.299999999996,27074.6,27132.1,27135.549999999996,26816.999999999996,26692.799999999996,26416.799999999996,26662.899999999998,26538.699999999997,26614.600000000002
237,2023-04-24,732.55,TATACONSUM.NS,2023-04-28,763.85,2023-06-23,840.85,40th Day,40.0,725.6575,32.0,25000,2464.0,27464.0,2023-04-24,25000,25504.0,25561.6,25372.8,25396.8,25801.6,25804.8,25873.6,25819.2,25806.399999999998,25739.2,25716.8,25460.8,25398.399999999998,25051.2,25072.0,25198.399999999998,25233.6,25526.399999999998,25827.2,25972.8,25865.6,26113.6,25953.6,26030.399999999998,25915.2,25904.0,26896.0,26384.0,26188.8,26180.8,26793.6,28156.8,28236.8,28164.8,27980.8,28041.6,28081.6,27497.6,27464.0
238,2023-05-26,789.7,TATACONSUM.NS,2023-06-01,793.65,2023-07-27,850.05,40th Day,40.0,753.9675,31.0,25000,1748.3999999999992,26748.399999999998,2023-05-26,25000,25074.399999999998,24962.8,24951.949999999997,25912.949999999997,25416.949999999997,25227.849999999995,25220.099999999995,25813.749999999993,27134.349999999995,27211.849999999995,27142.099999999995,26963.849999999995,27022.749999999993,27061.499999999993,26495.749999999993,26463.199999999993,27135.89999999999,26877.049999999992,26900.299999999992,27084.74999999999,27021.19999999999,26918.899999999987,26619.74999999999,26593.399999999987,26227.599999999988,25991.999999999985,26446.149999999983,26537.599999999984,26354.699999999986,26793.349999999984,26827.449999999986,27016.54999999999,27070.79999999999,27462.949999999986,26819.699999999986,27152.949999999986,27321.899999999983,27487.749999999985,26748.399999999983
239,2023-06-14,862.5,TATACONSUM.NS,2023-06-20,858.9,2023-08-16,840.7,40th Day,40.0,815.9549999999999,29.0,25000,-527.799999999998,24472.2,2023-06-14,25000,25036.25,24507.0,24476.550000000003,25105.850000000002,24863.700000000004,24885.450000000004,25058.000000000004,24998.550000000007,24902.850000000006,24623.000000000007,24598.350000000006,24256.15000000001,24035.750000000007,24460.600000000006,24546.15000000001,24375.05000000001,24785.40000000001,24817.30000000001,24994.20000000001,25044.95000000001,25411.80000000001,24810.05000000001,25121.80000000001,25279.85000000001,25435.00000000001,24743.35000000001,25013.05000000001,25011.60000000001,24937.650000000012,24540.35000000001,24318.50000000001,24301.10000000001,24388.10000000001,24667.95000000001,25037.70000000001,24757.85000000001,24362.00000000001,24588.20000000001,24472.20000000001
240,2023-01-10,412.9,TATAMOTORS.NS,2023-01-16,413.0,2023-03-14,416.65,40th Day,40.0,392.34999999999997,60.0,25000,218.99999999999864,25219.0,2023-01-10,25000,25138.0,24723.999999999996,24264.999999999996,24408.999999999996,24723.999999999996,25548.999999999996,25363.0,26956.0,26838.999999999996,27346.0,27018.999999999996,26908.0,26947.0,26740.0,26347.0,26626.000000000004,26425.000000000004,26971.000000000004,26683.000000000004,26653.000000000004,26869.0,26716.000000000004,26614.0,26800.0,26410.0,25987.0,26212.0,25885.0,25297.0,25462.0,25780.0,25447.0,25900.0,26626.0,26578.0,26152.0,26371.000000000004,25564.0,25219.0
241,2023-01-24,422.15,TATAMOTORS.NS,2023-01-31,452.1,2023-02-22,429.495,Stop Loss,17.0,429.495,55.0,25000,-1243.275000000001,23756.725,2023-01-24,25000,24700.249999999996,24598.5,24634.25,24444.5,24084.25,24340.000000000004,24155.750000000004,24656.250000000004,24392.250000000004,24364.750000000004,24562.75,24422.500000000004,24329.0,24499.5,24142.0,23756.725,23756.725,23756.725,23756.725,23756.725,23756.725,23756.725,23756.725,23756.725,23756.725,23756.725,23756.725,23756.725,23756.725,23756.725,23756.725,23756.725,23756.725,23756.725,23756.725,23756.725,23756.725,23756.725,23756.725
242,2023-04-06,437.65,TATAMOTORS.NS,2023-04-13,469.5,2023-06-09,562.3,40th Day,40.0,446.025,53.0,25000,4918.399999999998,29918.399999999998,2023-04-06,25000,25140.449999999997,25185.5,24994.699999999997,25386.899999999998,25090.099999999995,25302.099999999995,25214.649999999998,25461.099999999995,25641.299999999996,25818.849999999995,25569.749999999996,25752.599999999995,25598.899999999998,25402.8,26643.0,26809.949999999997,27120.0,27231.300000000003,27461.850000000006,28251.550000000003,27737.45,27438.000000000004,27064.350000000002,27938.850000000006,27809.000000000004,28127.000000000004,27687.100000000006,27403.550000000003,27594.350000000006,27753.350000000006,27612.9,28010.4,28482.100000000006,28519.2,29067.750000000004,29571.250000000004,30217.850000000006,29780.600000000006,29918.4
243,2023-05-08,500.5,TATAMOTORS.NS,2023-05-12,515.95,2023-07-07,618.2,40th Day,40.0,490.15250000000003,48.0,25000,4908.0,29908.0,2023-05-08,25000,25715.199999999997,25249.599999999995,24978.399999999994,24639.999999999993,25431.999999999996,25314.399999999994,25602.399999999994,25203.999999999996,24947.199999999997,25120.0,25264.0,25136.799999999996,25496.799999999996,25924.0,25957.6,26454.4,26910.4,27496.000000000004,27100.000000000004,27224.8,27313.6,27220.0,27608.799999999996,27520.0,27584.799999999996,27404.799999999996,28230.399999999998,28141.6,27563.2,27097.6,27491.2,27743.2,28393.6,28820.799999999996,28592.799999999996,28624.0,28470.399999999998,29072.799999999996,29908.0
244,2023-06-01,535.2,TATAMOTORS.NS,2023-06-07,567.95,2023-08-02,622.65,40th Day,40.0,539.5525,44.0,25000,2406.799999999997,27406.799999999996,2023-06-01,25000,24637.0,24751.399999999994,24832.799999999996,24747.0,25103.399999999994,25022.0,25081.399999999994,24916.399999999994,25673.199999999997,25591.799999999996,25061.6,24634.799999999996,24995.6,25226.6,25822.799999999996,26214.399999999994,26005.399999999994,26034.0,25893.199999999997,26445.399999999994,27211.0,27230.799999999996,27664.199999999997,27354.0,27318.799999999996,27505.799999999996,27224.199999999997,26942.6,27316.6,27362.799999999996,27543.199999999997,27697.199999999997,28146.0,28218.6,28333.0,27963.399999999994,28359.399999999994,28330.799999999996,27406.799999999996
245,2023-06-28,586.65,TATAMOTORS.NS,2023-07-05,588.25,2023-08-30,605.55,40th Day,40.0,558.8375,42.0,25000,726.5999999999981,25726.6,2023-06-28,25000,25527.1,26257.9,26276.8,26690.5,26394.4,26360.8,26539.3,26270.5,26001.7,26358.7,26402.8,26575.0,26722.0,27150.4,27219.7,27328.9,26976.1,27354.1,27326.8,26444.8,26289.4,26123.5,25892.5,25800.1,26440.6,26260.0,25989.1,25802.2,26281.0,26071.0,26157.1,26354.5,26341.9,26077.3,25953.4,25707.7,25594.3,25793.8,25726.6
246,2023-06-08,220.65,TATAPOWER.NS,2023-06-14,224.15,2023-08-09,234.9,40th Day,40.0,212.9425,111.0,25000,1193.25,26193.25,2023-06-08,25000,24605.949999999997,24789.1,24889.0,25088.8,25016.65,24661.45,24350.65,24383.95,24456.100000000002,24322.900000000005,24744.700000000004,24750.250000000007,24611.500000000007,24728.050000000007,25604.950000000008,25427.35000000001,25094.35000000001,25149.85000000001,25238.650000000012,24744.70000000001,24655.900000000012,24927.85000000001,24705.85000000001,24483.85000000001,24334.00000000001,24250.75000000001,24245.200000000008,24478.300000000007,24705.85000000001,24639.25000000001,26165.50000000001,26393.05000000001,27247.75000000001,26287.60000000001,26254.300000000007,26276.500000000007,25960.15000000001,26082.250000000007,26193.250000000007
247,2023-04-11,107.55,TATASTEEL.NS,2023-04-18,107.6,2023-06-13,111.15,40th Day,40.0,102.21999999999998,232.0,25000,823.6000000000026,25823.600000000002,2023-04-11,25000,25116.0,25092.800000000003,24663.600000000006,24744.800000000003,24872.4,24826.0,25011.600000000002,25081.2,25626.399999999998,25487.2,25800.399999999998,25243.6,25452.399999999998,25452.399999999998,25382.8,25220.399999999998,24802.8,25023.2,24953.600000000002,24628.8,24443.2,24315.600000000002,24396.8,24535.999999999996,24443.199999999997,24361.999999999996,24721.6,25197.199999999997,24872.399999999994,24582.399999999994,24617.199999999997,25092.799999999996,25417.6,25324.799999999996,25904.799999999996,25823.6,25301.6,25440.799999999996,25823.6
248,2023-06-14,113.8,TATASTEEL.NS,2023-06-20,114.25,2023-08-16,115.95,40th Day,40.0,108.5375,218.0,25000,370.6000000000006,25370.600000000002,2023-06-14,25000,24923.7,24313.3,23986.3,24040.8,24237.0,24411.399999999998,24509.5,24749.3,24596.7,24716.6,24651.2,24422.3,25228.9,25196.200000000004,25098.100000000002,25130.8,25632.2,25763.0,25512.3,25534.100000000002,25588.600000000002,25512.3,25272.5,26090.0,26242.600000000002,26209.9,26384.3,26940.2,26951.1,26024.6,25861.1,26035.499999999996,26002.799999999996,25850.199999999997,26297.099999999995,26253.499999999993,26318.89999999999,25850.199999999993,25370.59999999999
249,2023-01-11,3328.7,TCS.NS,2023-01-17,3378.4,2023-03-15,3198.9,40th Day,40.0,3209.48,7.0,25000,-1256.5,23743.5,2023-01-11,25000,25081.2,24962.9,24892.9,25255.500000000004,25405.300000000003,25359.45,25228.550000000003,25386.750000000004,24862.100000000002,25209.65,25574.000000000004,25727.300000000003,25570.85,25659.050000000003,25991.9,26137.15,26114.050000000003,25728.000000000004,25851.9,25995.750000000004,26257.550000000003,25859.250000000004,25762.300000000003,25508.2,25162.050000000003,25247.800000000003,25154.35,24674.149999999998,24541.149999999998,25051.1,24601.35,24746.25,24954.149999999998,25084.0,24709.149999999998,24668.199999999997,24324.849999999995,23855.849999999995,23743.499999999996
250,2023-03-31,3205.9,TCS.NS,2023-04-10,3263.4,2023-04-19,3100.23,Stop Loss,7.0,3100.23,7.0,25000,-1142.1900000000005,23857.809999999998,2023-03-31,25000,24652.8,24847.75,24478.149999999998,24132.699999999997,24071.449999999997,23857.809999999998,23857.809999999998,23857.809999999998,23857.809999999998,23857.809999999998,23857.809999999998,23857.809999999998,23857.809999999998,23857.809999999998,23857.809999999998,23857.809999999998,23857.809999999998,23857.809999999998,23857.809999999998,23857.809999999998,23857.809999999998,23857.809999999998,23857.809999999998,23857.809999999998,23857.809999999998,23857.809999999998,23857.809999999998,23857.809999999998,23857.809999999998,23857.809999999998,23857.809999999998,23857.809999999998,23857.809999999998,23857.809999999998,23857.809999999998,23857.809999999998,23857.809999999998,23857.809999999998,23857.809999999998
251,2023-01-16,1034.45,TECHM.NS,2023-01-20,1046.5,2023-03-20,1109.0,40th Day,40.0,994.175,23.0,25000,1437.5,26437.5,2023-01-16,25000,25432.399999999998,25554.299999999996,25106.95,24622.799999999996,24760.799999999996,24275.499999999996,24476.749999999996,24313.449999999997,24190.399999999998,24053.55,23986.85,24184.649999999998,24298.5,24329.55,23988.0,24207.649999999998,25572.7,26926.25,26902.100000000002,27247.100000000002,27022.850000000002,26821.600000000002,26892.9,26667.500000000004,26551.350000000006,26236.250000000004,26849.200000000004,26455.9,25888.950000000004,26001.65,25731.4,25310.500000000004,25339.250000000004,27007.9,26582.4,26561.700000000004,26638.750000000004,26854.950000000004,26437.500000000004
252,2023-02-15,1071.4,TECHM.NS,2023-02-21,1134.45,2023-03-09,1077.7275,Stop Loss,12.0,1077.7275,22.0,25000,-1247.8950000000018,23752.105,2023-02-15,25000,24807.5,24875.699999999997,24660.1,24549.0,24247.6,24833.9,24457.699999999997,23915.4,24023.199999999997,23764.699999999997,23752.105,23752.105,23752.105,23752.105,23752.105,23752.105,23752.105,23752.105,23752.105,23752.105,23752.105,23752.105,23752.105,23752.105,23752.105,23752.105,23752.105,23752.105,23752.105,23752.105,23752.105,23752.105,23752.105,23752.105,23752.105,23752.105,23752.105,23752.105,23752.105
253,2023-03-13,1133.8,TECHM.NS,2023-03-17,1127.15,2023-03-28,1070.7925,Stop Loss,8.0,1070.7925,22.0,25000,-1239.8650000000016,23760.135,2023-03-13,25000,24600.699999999997,24307.0,24393.899999999994,24390.6,24445.6,24468.699999999997,23760.135,23760.135,23760.135,23760.135,23760.135,23760.135,23760.135,23760.135,23760.135,23760.135,23760.135,23760.135,23760.135,23760.135,23760.135,23760.135,23760.135,23760.135,23760.135,23760.135,23760.135,23760.135,23760.135,23760.135,23760.135,23760.135,23760.135,23760.135,23760.135,23760.135,23760.135,23760.135,23760.135
254,2023-05-19,1072.15,TECHM.NS,2023-05-25,1098.1,2023-07-20,1252.95,40th Day,40.0,1043.195,22.0,25000,3406.700000000003,28406.700000000004,2023-05-19,25000,25366.300000000003,25350.9,25006.600000000006,25383.9,25499.4,25550.0,25247.5,24739.300000000003,24947.200000000004,24410.4,24228.9,24486.300000000003,24588.600000000006,24549.0,24634.800000000003,24540.200000000004,24901.0,25203.5,25479.600000000006,25460.9,25382.800000000003,25303.600000000006,25475.200000000004,25220.0,25720.5,25513.700000000004,26097.800000000003,26691.800000000003,26785.300000000003,26273.800000000003,26079.100000000006,26393.700000000004,26348.600000000006,26697.300000000003,27872.100000000006,28174.600000000006,28287.9,28225.200000000004,28406.700000000004
255,2023-07-14,1228.65,TECHM.NS,2023-07-20,1252.95,2023-07-24,1190.3025,Stop Loss,3.0,1190.3025,19.0,25000,-1190.3025000000007,23809.6975,2023-07-14,25000,23900.85,23809.6975,23809.6975,23809.6975,23809.6975,23809.6975,23809.6975,23809.6975,23809.6975,23809.6975,23809.6975,23809.6975,23809.6975,23809.6975,23809.6975,23809.6975,23809.6975,23809.6975,23809.6975,23809.6975,23809.6975,23809.6975,23809.6975,23809.6975,23809.6975,23809.6975,23809.6975,23809.6975,23809.6975,23809.6975,23809.6975,23809.6975,23809.6975,23809.6975,23809.6975,23809.6975,23809.6975,23809.6975,23809.6975
256,2023-02-24,2551.05,TIINDIA.NS,2023-03-02,2811.6,2023-03-16,2671.02,Stop Loss,10.0,2671.02,8.0,25000,-1124.6399999999994,23875.36,2023-02-24,25000,24163.600000000002,24616.0,24858.4,24497.600000000002,24121.2,24147.2,24156.8,23953.2,23875.36,23875.36,23875.36,23875.36,23875.36,23875.36,23875.36,23875.36,23875.36,23875.36,23875.36,23875.36,23875.36,23875.36,23875.36,23875.36,23875.36,23875.36,23875.36,23875.36,23875.36,23875.36,23875.36,23875.36,23875.36,23875.36,23875.36,23875.36,23875.36,23875.36,23875.36
257,2023-05-29,2865.15,TIINDIA.NS,2023-06-02,2884.2,2023-07-28,3098.45,40th Day,40.0,2739.99,8.0,25000,1714.0,26714.0,2023-05-29,25000,25057.2,25119.600000000002,25126.0,24851.2,24714.0,24646.4,24304.0,24600.0,25754.4,25836.0,25684.800000000003,26088.0,27298.800000000003,27690.0,27238.800000000003,27492.0,27000.0,27104.0,27325.600000000002,27381.600000000002,27279.600000000002,27180.4,27557.600000000002,27413.2,27054.800000000003,27688.800000000003,28186.4,27757.600000000002,28224.4,28047.600000000002,27934.800000000003,27480.0,27245.2,27681.2,27320.4,26977.600000000002,26850.4,26908.800000000003,26714.0
258,2023-06-15,2978.5,TIINDIA.NS,2023-06-21,3171.55,2023-08-08,3012.9725,Stop Loss,34.0,3012.9725,7.0,25000,-1110.0425000000023,23889.957499999997,2023-06-15,25000,25342.299999999996,24947.5,25169.049999999996,24738.549999999996,24829.549999999996,25023.449999999997,25072.449999999997,24983.199999999997,24896.399999999998,25226.449999999997,25100.099999999995,24786.499999999996,25341.249999999996,25776.649999999994,25401.449999999993,25809.899999999994,25655.199999999993,25556.499999999993,25158.54999999999,24953.099999999988,25334.599999999988,25018.899999999987,24718.949999999986,24607.649999999987,24658.74999999999,24488.29999999999,24353.54999999999,24217.39999999999,24130.94999999999,24193.94999999999,24516.29999999999,24236.999999999993,23889.957499999997,23889.957499999997,23889.957499999997,23889.957499999997,23889.957499999997,23889.957499999997,23889.957499999997
259,2023-06-21,3171.55,TIINDIA.NS,2023-06-27,3134.2,2023-08-09,2977.49,Stop Loss,31.0,2977.49,7.0,25000,-1096.9700000000003,23903.03,2023-06-21,25000,25091.0,25284.9,25333.9,25244.65,25157.850000000002,25487.9,25361.55,25047.95,25602.7,26038.1,25662.899999999998,26071.35,25916.649999999998,25817.949999999997,25419.999999999993,25214.549999999992,25596.049999999992,25280.34999999999,24980.39999999999,24869.09999999999,24920.199999999993,24749.749999999993,24614.999999999993,24478.849999999995,24392.399999999994,24455.399999999994,24777.749999999993,24498.449999999997,24088.949999999997,23903.03,23903.03,23903.03,23903.03,23903.03,23903.03,23903.03,23903.03,23903.03,23903.03
260,2023-02-03,2463.1,TITAN.NS,2023-02-09,2462.55,2023-03-13,2339.4225,Stop Loss,22.0,2339.4225,10.0,25000,-1231.2750000000005,23768.725,2023-02-03,25000,25059.5,25565.0,25443.5,25617.5,25598.5,25377.5,25116.0,25010.5,24690.000000000004,24319.5,24365.5,24384.5,24102.5,24198.5,23963.999999999996,24335.499999999996,24408.999999999996,24345.499999999996,24056.999999999996,24129.499999999996,23768.725,23768.725,23768.725,23768.725,23768.725,23768.725,23768.725,23768.725,23768.725,23768.725,23768.725,23768.725,23768.725,23768.725,23768.725,23768.725,23768.725,23768.725,23768.725
261,2023-02-13,2519.05,TITAN.NS,2023-02-17,2500.3,2023-02-28,2375.285,Stop Loss,8.0,2375.285,9.0,25000,-1125.135000000003,23874.864999999998,2023-02-13,25000,24764.649999999998,24669.699999999997,24381.25,24047.8,24089.199999999997,24106.3,23874.864999999998,23874.864999999998,23874.864999999998,23874.864999999998,23874.864999999998,23874.864999999998,23874.864999999998,23874.864999999998,23874.864999999998,23874.864999999998,23874.864999999998,23874.864999999998,23874.864999999998,23874.864999999998,23874.864999999998,23874.864999999998,23874.864999999998,23874.864999999998,23874.864999999998,23874.864999999998,23874.864999999998,23874.864999999998,23874.864999999998,23874.864999999998,23874.864999999998,23874.864999999998,23874.864999999998,23874.864999999998,23874.864999999998,23874.864999999998,23874.864999999998,23874.864999999998,23874.864999999998
262,2023-03-16,2450.35,TITAN.NS,2023-03-22,2508.15,2023-05-23,2683.45,40th Day,40.0,2382.7425,9.0,25000,1577.6999999999975,26577.699999999997,2023-03-16,25000,25098.100000000002,24866.8,24876.25,24929.350000000002,25062.100000000002,25060.75,25263.25,25580.949999999997,25362.699999999997,25679.949999999997,25647.1,25717.749999999996,25697.499999999996,25877.049999999996,25625.949999999993,25550.35,25639.899999999998,25541.35,26092.6,26125.449999999997,26195.649999999998,26397.699999999997,26203.3,26401.3,26313.100000000002,26460.25,27022.75,27187.899999999998,27162.25,27135.699999999997,27247.3,27385.449999999997,27442.6,27538.899999999998,27288.25,26923.3,26741.5,26839.600000000002,26577.699999999997
263,2023-04-05,2572.7,TITAN.NS,2023-04-12,2587.9,2023-06-08,2877.0,40th Day,40.0,2458.505,9.0,25000,2601.899999999999,27601.899999999998,2023-04-05,25000,24979.75,25159.3,24908.199999999997,24832.6,24922.149999999998,24823.6,25374.85,25407.699999999997,25477.899999999998,25679.949999999997,25485.55,25683.55,25595.350000000002,25742.5,26305.0,26470.149999999998,26444.5,26417.949999999997,26529.55,26667.699999999997,26724.85,26821.149999999998,26570.5,26205.55,26023.75,26121.850000000002,25859.949999999997,26074.149999999998,26080.449999999997,26388.25,27019.149999999998,26931.399999999998,27118.149999999998,27154.149999999998,27463.75,27410.199999999997,27641.949999999997,27871.449999999997,27601.899999999998
264,2023-05-05,2732.9,TITAN.NS,2023-05-11,2757.85,2023-07-06,3106.4,40th Day,40.0,2619.9575,9.0,25000,3136.9500000000016,28136.95,2023-05-05,25000,25138.149999999998,25195.300000000003,25291.600000000002,25040.950000000004,24676.000000000004,24494.200000000004,24592.300000000007,24330.4,24544.600000000002,24550.9,24858.700000000004,25489.600000000002,25401.850000000002,25588.600000000002,25624.600000000002,25934.200000000004,25880.65,26112.4,26341.9,26072.350000000002,26065.600000000002,25852.75,26391.850000000002,26342.800000000003,26351.350000000002,26768.050000000003,26896.75,26945.350000000002,26919.25,26911.600000000002,26631.700000000004,26932.750000000004,26960.65,27432.250000000004,27608.200000000004,27524.050000000007,27851.200000000004,28078.000000000004,28136.950000000004
265,2023-05-29,2812.25,TITAN.NS,2023-06-02,2861.65,2023-07-28,2987.0,40th Day,40.0,2718.5675,8.0,25000,1002.7999999999993,26002.8,2023-05-29,25000,24952.399999999998,25158.399999999998,25362.399999999998,25122.8,25116.8,24927.6,25406.8,25363.2,25370.8,25741.2,25855.6,25898.8,25875.6,25868.8,25620.0,25887.6,25912.399999999998,26331.6,26488.0,26413.2,26704.0,26905.6,26958.0,27258.8,26471.2,26807.6,26878.8,26784.8,26551.2,26374.399999999998,26078.399999999998,26072.0,26021.2,25917.2,25940.399999999998,26338.8,26173.6,26123.6,26002.8
266,2023-06-16,2954.3,TITAN.NS,2023-06-22,2970.25,2023-08-18,3050.45,40th Day,40.0,2821.7374999999997,8.0,25000,641.5999999999985,25641.6,2023-06-16,25000,24751.2,25018.8,25043.6,25462.8,25619.2,25544.4,25835.2,26036.8,26089.2,26390.0,25602.4,25938.8,26010.0,25916.0,25682.4,25505.6,25209.6,25203.2,25152.4,25048.4,25071.6,25470.0,25304.8,25254.8,25134.0,25270.4,25253.2,25055.2,24454.8,24473.2,24474.8,24608.0,24885.2,25146.4,25376.0,25323.2,25326.8,25812.0,25641.6
267,2023-06-28,3028.1,TITAN.NS,2023-07-05,3099.85,2023-08-03,2944.8574999999996,Stop Loss,22.0,2944.8574999999996,8.0,25000,-1239.9400000000023,23760.059999999998,2023-06-28,25000,25052.4,25353.2,24565.600000000002,24902.0,24973.2,24879.2,24645.600000000002,24468.8,24172.8,24166.4,24115.600000000002,24011.600000000002,24034.8,24433.2,24268.0,24218.0,24097.2,24233.600000000002,24216.4,24018.4,23760.059999999998,23760.059999999998,23760.059999999998,23760.059999999998,23760.059999999998,23760.059999999998,23760.059999999998,23760.059999999998,23760.059999999998,23760.059999999998,23760.059999999998,23760.059999999998,23760.059999999998,23760.059999999998,23760.059999999998,23760.059999999998,23760.059999999998,23760.059999999998,23760.059999999998
268,2023-04-28,1652.3,TORNTPHARM.NS,2023-05-05,1649.75,2023-06-30,1904.95,40th Day,40.0,1567.2624999999998,15.0,25000,3828.000000000001,28828.0,2023-04-28,25000,25265.5,25015.0,25211.5,25086.25,25008.25,25244.5,24596.5,25095.25,25004.5,25182.250000000004,25301.5,25620.25,25604.5,25774.0,25757.5,25843.0,25957.0,27790.75,26875.75,26915.5,26882.5,27075.25,27284.5,27220.75,27343.0,27348.999999999996,27496.0,27726.25,27841.75,28126.75,28120.0,28154.5,28186.75,28193.5,28199.499999999996,28269.999999999996,28439.499999999996,29558.5,28828.0
269,2023-05-25,1701.35,TORNTPHARM.NS,2023-05-31,1835.8,2023-07-26,1970.8,40th Day,40.0,1744.0099999999998,13.0,25000,1755.0,26755.0,2023-05-25,25000,24207.0,24241.45,24212.85,24379.899999999998,24561.25,24506.0,24611.95,24617.149999999998,24744.55,24944.1,25044.2,25291.2,25285.35,25315.249999999996,25343.199999999997,25349.05,25354.249999999996,25415.35,25562.249999999996,26532.05,25898.949999999997,25716.3,25545.35,25652.6,25826.8,25863.85,25989.95,26375.399999999998,26224.6,26229.149999999998,26422.2,26391.0,26205.100000000002,26153.75,26229.149999999998,26338.35,26367.6,26777.1,26754.999999999996
270,2023-05-31,1835.8,TORNTPHARM.NS,2023-06-06,1788.1,2023-08-01,1983.5,40th Day,40.0,1698.695,13.0,25000,2540.200000000001,27540.2,2023-05-31,25000,25181.350000000002,25126.100000000002,25232.050000000003,25237.25,25364.65,25564.2,25664.300000000003,25911.300000000003,25905.45,25935.35,25963.3,25969.15,25974.35,26035.45,26182.35,27152.15,26519.05,26336.4,26165.45,26272.7,26446.9,26483.95,26610.050000000003,26995.5,26844.7,26849.25,27042.300000000003,27011.100000000002,26825.200000000004,26773.850000000002,26849.25,26958.45,26987.7,27397.2,27375.1,27650.7,27628.6,27791.749999999996,27540.199999999997
271,2023-02-03,1235.65,TRENT.NS,2023-02-09,1341.9,2023-04-11,1354.15,40th Day,40.0,1274.805,18.0,25000,220.5,25220.5,2023-02-03,25000,24764.199999999997,24361.899999999998,24616.599999999995,25099.899999999998,25381.599999999995,25337.5,25035.1,24931.6,25035.1,24753.4,24345.7,24045.1,23852.5,24092.8,23974.9,24334.000000000004,24703.000000000004,25011.7,24875.800000000003,24983.800000000003,24679.600000000002,24926.200000000004,24628.300000000007,24900.100000000006,25257.40000000001,25045.90000000001,24633.700000000008,24776.80000000001,25058.50000000001,24426.700000000008,24757.90000000001,24086.50000000001,24891.100000000006,25594.90000000001,25279.00000000001,25412.200000000008,25456.30000000001,25302.400000000012,25220.500000000015
272,2023-02-09,1341.9,TRENT.NS,2023-02-15,1347.45,2023-02-28,1280.0774999999999,Stop Loss,10.0,1280.0774999999999,18.0,25000,-1212.705000000003,23787.295,2023-02-09,25000,25281.699999999997,25237.6,24935.199999999997,24831.699999999997,24935.199999999997,24653.5,24245.8,23945.199999999997,23787.295,23787.295,23787.295,23787.295,23787.295,23787.295,23787.295,23787.295,23787.295,23787.295,23787.295,23787.295,23787.295,23787.295,23787.295,23787.295,23787.295,23787.295,23787.295,23787.295,23787.295,23787.295,23787.295,23787.295,23787.295,23787.295,23787.295,23787.295,23787.295,23787.295,23787.295
273,2023-03-31,1374.95,TRENT.NS,2023-04-10,1358.7,2023-06-06,1602.65,40th Day,40.0,1290.7649999999999,18.0,25000,4391.1,29391.1,2023-03-31,25000,24918.100000000002,25081.9,25055.8,25082.8,25043.199999999997,25012.6,25629.999999999996,25443.699999999993,25455.399999999994,25406.799999999992,25266.399999999994,25424.799999999992,25162.899999999994,25860.399999999994,25566.099999999995,25832.499999999993,26045.799999999992,26130.399999999994,26336.499999999996,26475.1,27028.6,27294.1,27746.799999999996,27546.999999999996,27643.299999999996,27375.999999999996,27419.199999999993,27475.899999999994,27609.099999999995,27516.399999999994,27817.899999999994,28086.999999999996,28225.6,28593.699999999997,28631.5,28666.600000000002,29294.8,29326.3,29391.100000000002
274,2023-05-05,1416.8,TRENT.NS,2023-05-11,1471.4,2023-07-06,1754.3,40th Day,40.0,1397.83,16.0,25000,4526.399999999998,29526.399999999998,2023-05-05,25000,25236.0,25638.399999999998,25460.8,25546.399999999998,25308.8,25347.199999999997,25397.6,25516.0,25433.6,25701.6,25940.8,26064.0,26391.199999999997,26424.8,26456.0,27014.399999999998,27042.399999999998,27100.0,27103.199999999997,26875.199999999997,27032.0,26983.199999999997,28428.0,28836.8,28418.399999999998,28885.6,28792.8,28968.8,28670.399999999998,28828.8,29056.8,29516.0,29343.199999999997,29766.399999999998,29684.0,29482.399999999998,29239.199999999997,29164.8,29526.399999999998
275,2023-05-11,1471.4,TRENT.NS,2023-05-17,1505.55,2023-07-12,1687.95,40th Day,40.0,1430.2724999999998,16.0,25000,2918.4000000000015,27918.4,2023-05-11,25000,24762.4,24800.8,24851.2,24969.600000000002,24887.2,25155.2,25394.4,25517.600000000002,25844.8,25878.4,25909.600000000002,26468.0,26496.0,26553.600000000002,26556.8,26328.8,26485.600000000002,26436.8,27881.600000000002,28290.4,27872.0,28339.2,28246.4,28422.4,28124.0,28282.4,28510.4,28969.600000000002,28796.8,29220.0,29137.600000000002,28936.0,28692.8,28618.4,28980.0,28156.8,27737.600000000002,28000.0,27918.4
276,2023-06-13,1685.65,TRENT.NS,2023-06-19,1708.45,2023-08-14,1929.6,40th Day,40.0,1623.0275,14.0,25000,3096.099999999998,28096.1,2023-06-13,25000,25154.0,24892.899999999998,25031.5,25231.0,25632.8,25481.6,25851.899999999998,25779.8,25603.399999999998,25390.6,25325.5,25641.899999999998,24921.6,24554.800000000003,24784.4,24713.000000000004,24405.700000000004,24708.800000000007,24801.900000000005,24745.900000000005,25112.000000000007,25088.200000000008,25076.30000000001,25010.50000000001,25014.00000000001,24974.10000000001,25008.40000000001,25310.80000000001,25681.100000000006,24988.100000000006,24754.30000000001,24706.00000000001,24895.00000000001,24738.90000000001,25073.50000000001,26112.30000000001,27618.00000000001,27482.90000000001,28096.10000000001
277,2023-01-25,1037.9,TVSMOTOR.NS,2023-02-01,1018.35,2023-03-29,1079.2,40th Day,40.0,967.4325,24.0,25000,1460.4000000000005,26460.4,2023-01-25,25000,24608.8,25414.0,25931.200000000004,25775.200000000004,25508.800000000003,25754.800000000003,26368.0,26219.200000000004,26440.0,27115.600000000002,27533.200000000004,27052.0,27696.4,27578.8,27302.8,27374.8,27086.8,26604.4,26486.8,26070.4,26164.0,26248.0,26923.600000000002,27194.800000000003,26636.800000000003,26292.400000000005,25728.400000000005,25663.600000000006,25345.600000000006,25846.000000000004,25684.000000000004,25561.600000000006,25856.800000000003,25874.800000000003,25699.600000000006,25567.600000000006,25679.200000000008,25382.800000000003,26460.400000000005
278,2023-04-11,1128.85,TVSMOTOR.NS,2023-04-18,1144.95,2023-06-13,1346.1,40th Day,40.0,1087.7025,21.0,25000,4224.149999999997,29224.149999999998,2023-04-11,25000,25529.2,24643.0,23908.0,24093.85,24297.55,24591.55,24738.55,24861.399999999998,25273.0,25258.3,25506.1,26470.0,26781.85,26785.0,27018.1,26991.85,26942.5,26880.55,27082.149999999998,27248.05,27007.6,26999.2,26979.25,27440.2,27686.95,27901.149999999998,28113.25,28251.85,27892.75,28314.85,27670.149999999998,28372.6,28144.75,28928.05,29253.55,28804.149999999998,29012.05,29087.649999999998,29224.149999999998
279,2023-05-04,1169.05,TVSMOTOR.NS,2023-05-10,1241.05,2023-07-05,1319.8,40th Day,40.0,1178.9975,20.0,25000,1575.0,26575.0,2023-05-04,25000,24975.0,24928.0,24869.0,25061.0,25219.0,24990.0,24982.000000000004,24963.000000000004,25402.000000000004,25637.000000000004,25841.0,26043.000000000004,26175.0,25833.0,26235.0,25621.0,26290.0,26073.0,26819.0,27129.0,26701.0,26899.0,26971.0,27101.0,27096.0,26836.0,27236.0,26938.000000000004,27055.0,27197.000000000004,26702.000000000004,26204.0,25986.0,26263.000000000004,26780.0,26692.000000000004,26546.0,26254.0,26575.0
280,2023-01-12,7153.35,ULTRACEMCO.NS,2023-01-18,7283.45,2023-01-23,6919.277499999999,Stop Loss,4.0,6919.277499999999,3.0,25000,-1092.5175000000017,23907.4825,2023-01-12,25000,24786.7,24681.1,23907.4825,23907.4825,23907.4825,23907.4825,23907.4825,23907.4825,23907.4825,23907.4825,23907.4825,23907.4825,23907.4825,23907.4825,23907.4825,23907.4825,23907.4825,23907.4825,23907.4825,23907.4825,23907.4825,23907.4825,23907.4825,23907.4825,23907.4825,23907.4825,23907.4825,23907.4825,23907.4825,23907.4825,23907.4825,23907.4825,23907.4825,23907.4825,23907.4825,23907.4825,23907.4825,23907.4825,23907.4825
281,2023-05-29,7840.55,ULTRACEMCO.NS,2023-06-02,7850.65,2023-07-28,8306.75,40th Day,40.0,7458.117499999999,3.0,25000,1368.300000000001,26368.300000000003,2023-05-29,25000,25094.050000000003,25776.700000000004,25920.850000000006,25748.500000000004,25907.800000000003,26043.850000000006,26276.950000000004,26522.950000000004,26447.65000000001,26447.800000000007,26253.850000000006,26178.40000000001,26172.700000000004,25936.300000000007,25688.650000000005,25949.350000000006,26073.550000000003,26230.0,26332.300000000003,26839.45,26683.150000000005,26579.650000000005,26678.650000000005,26457.400000000005,26502.100000000006,26425.750000000004,26109.550000000003,26150.050000000003,25995.700000000004,26201.050000000003,25976.050000000003,26435.650000000005,26120.5,25805.65,26107.600000000002,26627.949999999997,26505.1,26312.799999999996,26368.299999999996
282,2023-06-06,8109.55,ULTRACEMCO.NS,2023-06-12,8198.6,2023-08-07,8175.45,40th Day,40.0,7788.67,3.0,25000,-69.45000000000164,24930.55,2023-06-06,25000,25233.1,25479.1,25403.800000000003,25403.95,25210.0,25134.550000000003,25128.85,24892.45,24644.8,24905.5,25029.699999999997,25186.149999999994,25288.449999999997,25795.599999999995,25639.3,25535.8,25634.8,25413.55,25458.25,25381.899999999998,25065.699999999997,25106.199999999997,24951.85,25157.199999999997,24932.199999999997,25391.8,25076.649999999994,24761.799999999996,25063.749999999996,25584.09999999999,25461.249999999993,25268.94999999999,25324.44999999999,25358.649999999987,25249.599999999984,25267.29999999999,24812.649999999987,24878.649999999987,24930.54999999999
283,2023-02-14,761.6,UPL.NS,2023-02-20,757.95,2023-02-27,720.0525,Stop Loss,6.0,720.0525,32.0,25000,-1212.7200000000012,23787.28,2023-02-14,25000,24654.399999999998,24403.199999999997,24590.399999999998,24371.199999999997,23787.28,23787.28,23787.28,23787.28,23787.28,23787.28,23787.28,23787.28,23787.28,23787.28,23787.28,23787.28,23787.28,23787.28,23787.28,23787.28,23787.28,23787.28,23787.28,23787.28,23787.28,23787.28,23787.28,23787.28,23787.28,23787.28,23787.28,23787.28,23787.28,23787.28,23787.28,23787.28,23787.28,23787.28,23787.28
284,2023-02-07,652.05,VBL.NS,2023-02-13,642.03,2023-04-13,714.78,40th Day,40.0,609.9285,38.0,25000,2764.5,27764.5,2023-02-07,25000,24567.56,24901.960000000003,24820.26,24983.66,25445.36,25768.36,25431.3,25316.16,25142.499999999996,25054.719999999998,25317.299999999996,26136.96,26105.42,26414.359999999997,26273.759999999995,26252.859999999997,26172.299999999996,26135.059999999994,25541.499999999993,25540.359999999993,26170.399999999994,25419.899999999994,25610.659999999993,25358.719999999994,26128.219999999994,26339.499999999993,26349.75999999999,26290.859999999993,26420.059999999994,26344.059999999994,26394.219999999998,26955.859999999997,27477.219999999998,28228.859999999997,27079.359999999997,27463.159999999996,27929.419999999995,28103.459999999995,27764.499999999993
285,2023-05-26,850.97,VBL.NS,2023-06-01,844.5,2023-06-08,802.275,Stop Loss,6.0,802.275,29.0,25000,-1224.5250000000005,23775.475,2023-05-26,25000,25089.32,25233.449999999997,24970.129999999997,24400.569999999996,23775.475,23775.475,23775.475,23775.475,23775.475,23775.475,23775.475,23775.475,23775.475,23775.475,23775.475,23775.475,23775.475,23775.475,23775.475,23775.475,23775.475,23775.475,23775.475,23775.475,23775.475,23775.475,23775.475,23775.475,23775.475,23775.475,23775.475,23775.475,23775.475,23775.475,23775.475,23775.475,23775.475,23775.475,23775.475
286,2023-06-14,281.0,VEDL.NS,2023-06-20,282.65,2023-08-03,268.5175,Stop Loss,32.0,268.5175,88.0,25000,-1243.6599999999994,23756.34,2023-06-14,25000,24876.800000000003,24824.0,24432.4,24749.200000000004,24727.200000000004,24762.4,24586.4,24599.600000000006,24551.200000000004,24542.4,24766.800000000003,24815.200000000004,24964.800000000003,24551.200000000004,24560.0,24595.200000000004,25193.600000000006,25105.600000000006,24894.4,25088.0,24960.4,24612.800000000003,24001.200000000004,24494.0,24674.4,24516.0,24661.200000000004,24414.800000000003,24494.0,24076.0,23756.34,23756.34,23756.34,23756.34,23756.34,23756.34,23756.34,23756.34,23756.34
287,2023-01-18,403.2,WIPRO.NS,2023-01-24,406.6,2023-03-13,386.27,Stop Loss,33.0,386.27,61.0,25000,-1240.1300000000024,23759.87,2023-01-18,25000,24691.95,24478.45,24734.65,24527.250000000004,24743.8,25173.85,25079.3,24881.05,24627.9,25009.15,25103.7,24951.2,24634.0,24908.5,25048.799999999996,25201.299999999996,24981.699999999997,25027.449999999997,24765.149999999998,24301.549999999996,24228.349999999995,24188.699999999997,24008.749999999996,23807.449999999997,24045.349999999995,23868.449999999997,24014.849999999995,24216.149999999994,24145.999999999996,23993.499999999996,23932.499999999996,23759.87,23759.87,23759.87,23759.87,23759.87,23759.87,23759.87,23759.87
288,2023-04-24,377.95,WIPRO.NS,2023-04-28,385.0,2023-06-23,379.95,40th Day,40.0,365.75,64.0,25000,-323.2000000000007,24676.8,2023-04-24,25000,25214.4,25006.4,24916.8,24641.6,24702.4,24827.2,24920.0,24977.6,24888.0,25048.0,25124.8,24827.2,24846.4,25076.8,25688.0,25809.6,25940.8,25582.4,26068.8,25947.2,26120.0,26193.6,26417.6,26276.8,26228.8,25956.8,26139.2,25931.2,25787.2,25678.4,25675.2,25732.8,25252.8,24763.2,24689.6,24840.0,25032.0,24827.2,24676.8
289,2023-05-22,395.75,WIPRO.NS,2023-05-26,401.7,2023-06-16,381.61499999999995,Stop Loss,16.0,381.61499999999995,62.0,25000,-1245.2700000000023,23754.729999999996,2023-05-22,25000,24882.2,25049.6,25120.899999999998,25337.899999999998,25201.5,25155.0,24891.5,25068.2,24866.7,24727.2,24621.800000000003,24618.7,24674.5,24209.5,23754.729999999996,23754.729999999996,23754.729999999996,23754.729999999996,23754.729999999996,23754.729999999996,23754.729999999996,23754.729999999996,23754.729999999996,23754.729999999996,23754.729999999996,23754.729999999996,23754.729999999996,23754.729999999996,23754.729999999996,23754.729999999996,23754.729999999996,23754.729999999996,23754.729999999996,23754.729999999996,23754.729999999996,23754.729999999996,23754.729999999996,23754.729999999996,23754.729999999996
290,2023-06-30,389.15,WIPRO.NS,2023-07-06,396.2,2023-08-31,408.4,40th Day,40.0,376.39,63.0,25000,768.5999999999992,25768.6,2023-06-30,25000,24977.95,24606.25,24738.550000000003,24725.950000000004,24880.300000000003,25557.550000000003,26200.15,26323.0,26370.25,26351.35,25535.5,25494.550000000003,25264.600000000002,25412.650000000005,25236.250000000004,25160.650000000005,25557.550000000007,25677.250000000004,25415.800000000007,25217.350000000006,25796.950000000008,25941.850000000006,26269.450000000008,26360.800000000007,26414.350000000006,26061.550000000007,26193.850000000006,26414.350000000006,26345.050000000007,25976.500000000004,26159.200000000004,26316.700000000004,26200.15,26039.5,25850.5,25746.550000000003,25749.700000000004,25693.000000000004,25768.600000000002
291,2023-01-09,444.05,ZYDUSLIFE.NS,2023-01-13,441.35,2023-03-13,466.2,40th Day,40.0,419.2825,56.0,25000,1391.599999999998,26391.6,2023-01-09,25000,24874.0,24445.6,25117.6,25028.0,24823.6,25165.2,24762.0,24176.799999999996,24381.199999999997,24249.599999999995,24451.199999999997,24669.599999999995,24523.999999999996,24624.799999999996,26612.799999999996,27133.599999999995,26828.399999999994,26850.799999999992,26800.399999999994,26685.599999999995,26775.199999999997,26565.199999999997,27013.199999999997,26640.799999999996,26293.599999999995,26517.599999999995,26282.399999999994,26483.999999999996,26405.599999999995,25823.199999999997,26369.199999999997,26803.199999999997,26422.399999999998,26769.6,26948.8,26685.6,26531.6,26878.8,26391.6
292,2023-02-06,470.15,ZYDUSLIFE.NS,2023-02-10,473.5,2023-04-12,504.6,40th Day,40.0,449.825,52.0,25000,1617.2000000000012,26617.2,2023-02-06,25000,24893.399999999998,24976.6,24781.6,25197.6,24851.799999999996,24529.399999999998,24737.399999999998,24519.0,24706.2,24633.399999999998,24092.6,24599.6,25002.6,24648.999999999996,24971.399999999994,25137.799999999992,24893.399999999994,24750.399999999994,25072.799999999992,24620.399999999994,24846.599999999995,24994.799999999992,25319.799999999992,25200.199999999993,25140.39999999999,25252.199999999993,25267.799999999992,25457.599999999995,25374.399999999994,25436.799999999992,25584.999999999993,25876.199999999993,25938.59999999999,25982.79999999999,26019.19999999999,26073.79999999999,26195.99999999999,26429.99999999999,26617.19999999999
293,2023-06-14,532.35,ZYDUSLIFE.NS,2023-06-20,556.05,2023-08-16,657.4,40th Day,40.0,528.2475,44.0,25000,4459.4000000000015,29459.4,2023-06-14,25000,25178.200000000004,24861.4,25046.200000000004,25253.0,25644.600000000006,26161.600000000006,26188.0,25983.4,25794.200000000004,26273.800000000003,26410.200000000004,26152.800000000003,26124.200000000004,26267.200000000004,26643.4,26557.600000000006,26729.200000000004,27068.0,27024.0,27263.800000000003,27706.0,27514.600000000006,27541.0,27890.800000000003,27934.800000000003,29111.800000000003,28715.800000000003,28352.800000000003,28425.4,28192.200000000004,28693.800000000003,29122.800000000003,29362.600000000006,29369.200000000004,29642.0,29479.200000000004,29175.600000000006,28766.4,29459.4
294,2023-06-27,570.7,ZYDUSLIFE.NS,2023-07-04,574.1,2023-08-29,631.95,40th Day,40.0,545.395,43.0,25000,2487.550000000001,27487.550000000003,2023-06-27,25000,25468.7,25602.0,25350.45,25322.5,25462.25,25829.899999999998,25746.05,25913.75,26244.85,26201.85,26436.2,26868.35,26681.300000000003,26707.1,27048.95,27091.95,28242.2,27855.2,27500.45,27571.4,27343.500000000004,27833.700000000004,28252.950000000004,28487.300000000007,28493.750000000007,28760.350000000006,28601.250000000007,28304.550000000007,27904.650000000005,28581.900000000005,28042.250000000007,28171.250000000007,28397.000000000007,28302.400000000005,28063.750000000007,27870.250000000007,27373.600000000006,27588.600000000006,27487.55000000001
